Test ID,Test Date,Tester Name,Type of Question,Build / Version,Sprint / Cycle,Channel Tested,Language Tested,Question ID,Query Text (Original),Question Category,Time Question Asked (HH:MM:SS),Time Answer Received (HH:MM:SS),Respo nse Time (mins) [Auto],SLA Status,Question in Review Model?,Question Correctly Framed?,Original Language,Translated Language,Translation Quality,Translation Error Type,Tagging,Allocated to Reviewer?,Author's Name,Author Assignment Time,Author Completion Time,Author TAT (mins) [Auto],Reviewer1 Name,Reviewer1 Assignment Time,Reviewer1 Completion Time,Review1 TAT (mins) [Auto],Reviewer2 Name,Reviewer2 Assignment Time,Reviewer2 Completion Time,Review2 TAT (mins) [Auto],Reviewer3 Name,Reviewer3 Assignment Time,Reviewer3 Completion Time,Review3 TAT (mins) [Auto],Reviewer4 Name,Reviewer4 Assignment Time,Reviewer4 Completion Time,Review4 TAT (mins) [Auto],Reviewer5 Name,Reviewer5 Assignment Time,Reviewer5 Completion Time,Review5 TAT (mins) [Auto],Moderator's Name,Moderator Assignment Time,ModeratorCompletion Time,Moderator TAT (mins) [Auto],Follow-up Q in Review Model?,Answer Scientifically Correct?,Expert Name Displayed?,Correct Expert Name?,Source Links Provided?,120-min Msg Shown to User?,Notification Received?,Notification on Same Thread?,Notification Linked Correct Q-ID?,Voice Input Working?,Voice Output Working?,Voice Input Quality,Voice Output Quality,Voice Issue Description,Weather Q Answered Correctly?,Mandi Price Q Correct?,Scheme Q Correct?,Question Saved in DB?,Answer Saved in DB?,Q-ID Consistent Across Systems?,WhatsApp vs Web Answer Match?,Overall Test Status,Defect Severity,"Defect ID / Bug Ref
Zoho Desk Ticketing",Reviewer Remarks,Tester Remarks,Status,,,
TL-1015,2026-06-16,Lavanya Mathialagan,Unique,0.1,,Web App,English,1f169428-d7ff-6d09-8005-45eb7e0a50a2,Is it permissible to mix insecticides with fertilizers or nutrient solutions during application in Black Gram cultivation?,Plant protection,10:46:00,"
17/6/2026, 6:58:32 pm",#VALUE!,SLA Breached,Yes,Well Framed,English,English,Correct,NIL,NA,Yes,Soumya R,NA,NA,NA,NA,NA,NA,NA,NA,NA,NA,NA,NA,NA,NA,NA,NA,NA,NA,NA,NA,NA,NA,NA,NA,NA,NA,NA,NA,Yes,Yes,Yes,Provided & Relevant,Yes,Not Received,NA,NA,Yes,Yes,Clear,Clear,NIL,NA,NA,NA,Saved,Saved,Successfully Identified as Duplicate,Yes,Pass,No Defect,,NIL,2 hours discalimer is seen. received answer after 32hours,,,,
TL-1016,2026-06-16,Lavanya Mathialagan,Unique,0.1,,WhatsApp,English,1f16ab55-f6b1-6157-800c-197b94dec9ee,Is it permissible to mix insecticides with fertilizers or nutrient solutions during application in Black Gram cultivation?,Plant protection,"Jun 18, 2026, 7:01 AM","18/6/2026, 7:01:04 am",#VALUE!,Within SLA,Yes,Well Framed,English,English,Correct,NIL,Correctly Tagged as Duplicate,NA,NA,NA,NA,NA,NA,NA,NA,NA,NA,NA,NA,NA,NA,NA,NA,NA,NA,NA,NA,NA,NA,NA,NA,NA,NA,NA,NA,NA,NA,Yes,Yes,Yes,Provided & Relevant,Successfully Identified as Duplicate,NA,NA,NA,NA,NA,NA,NA,NA,NA,NA,NA,Saved,Saved,Successfully Identified as Duplicate,Yes,Pass,No Defect,,NIL,,Expected Output,,,
TL-1017,2026-06-16,Lavanya Mathialagan,Unique,0.1,,Web App,English,"1f16944a-d4c1-6bbe-8005
-8ea83de0fa9e","
Is it advisable to apply a mixture of insecticide and herbicide simultaneously via foliar spray in Black Gram, and what are the technical precautions required?

",Plant protection,11:02:00,"20/6/2026, 6:29:53 am",#VALUE!,SLA Breached,Yes,Well Framed,English,English,Correct, NIL,NA,Yes,Soumya R,NA,NA,NA,NA,NA,NA,NA,NA,NA,NA,NA,NA,NA,NA,NA,NA,NA,NA,NA,NA,NA,NA,NA,NA,NA,NA,NA,NA,Yes,Yes,Yes,Provided & Relevant,Yes,Not Received,NA,NA,Yes,Yes,Clear,Clear,NIL,NA,NA,NA,Saved,Saved,Successfully Identified as Duplicate,,Pass,No Defect,,NIL,2 hours discalimer is seen. Answer after 3 days ,Expected Output,,,
TL-1019,2026-06-16,Lavanya Mathialagan,Unique,0.1,,Web App,English,1f169465-ba4c-63cd-8005-35f71f1bbe2d,"What are the adverse effects of excess irrigation on Black Gram crops, and how can waterlogging issues be managed?",Irrigation and Water Management,11:14:00,"17/6/2026, 2:58:08 pm",#VALUE!,SLA Breached,Yes,Well Framed,English,English,Correct,NIL,NA,Yes,Yash Praveen Khot,NA,NA,NA,NA,NA,NA,NA,NA,NA,NA,NA,NA,NA,NA,NA,NA,NA,NA,NA,NA,NA,NA,NA,NA,NA,NA,NA,NA,Yes,Yes,Yes,Provided & Relevant,Yes,Not Received,NA,NA,Yes,Yes,Clear,Clear,Takes longer time to get loaded,NA,NA,NA,Saved,Saved,Successfully Identified as Duplicate,Yes,Pass,No Defect,,NIL,2 hours discalimer is seen. Answer received after 27 hours,Expected Output,,,
TL-1020,2026-06-16,Lavanya Mathialagan,Unique,0.1,,WhatsApp,English,1f16ab6b-7857-6c3c-8013-860dd5c7c2d1,"What are the adverse effects of excess irrigation on Black Gram crops, and how can waterlogging issues be managed?",Irrigation and Water Management,"Jun 18, 2026, 7:10 AM","Jun 19, 2026, 7:37 AM",1467.0,SLA Breached,Yes,Well Framed,English,English,Correct,NIL,Duplicate but not tagged,NA,NA,NA,NA,NA,NA,NA,NA,NA,NA,NA,NA,NA,NA,NA,NA,NA,NA,NA,NA,NA,NA,NA,NA,NA,NA,NA,NA,NA,NA,Yes,Yes,Yes,Provided & Relevant,Yes,NA,NA,NA,NA,NA,NA,NA,NA,NA,NA,NA,Duplicate,Duplicate,Successfully Identified as Duplicate,Yes,Pass,No Defect,,NIL,"Author name is different in chatbot and whatsapp, eventhough in reviewer system for whatsapp source question the author name is wrong, it took the nam eof a person who closed the question",Expected Output,,,
TL-1022,2026-06-16,Lavanya Mathialagan,Unique,0.1,,WhatsApp,English,1f16a2dd-e747-6161-8026-a9b0c70fd903,What is the recommended seed rate and method for sowing Black Gram to ensure optimal plant population and yield?,Cultural and Crop Management Practices,"Jun 17, 2026, 2:51 PM","19/6/2026, 7:43:15 am",#VALUE!,SLA Breached,Yes,Well Framed,English,English,Correct,NIL,NA,NA,NA,NA,NA,NA,NA,NA,NA,NA,NA,NA,NA,NA,NA,NA,NA,NA,NA,NA,NA,NA,NA,NA,NA,NA,NA,NA,NA,NA,NA,Yes,Yes,Yes,Provided & Relevant,Yes,NA,NA,NA,NA,NA,NA,NA,NA,NA,NA,NA,Duplicate,Duplicate,Successfully Identified as Duplicate,Yes,Pass,No Defect,,NIL,For the same question answer is given in chat bot but in whatsapp it gives 2 hours disclaimer. ,Expected Output,,,
TL-1023,2026-06-16,Lavanya Mathialagan,Unique,0.1,,Web App,English,1f16a2e1-5034-6b0c-8005-108e8c99d343,What are the effective management strategies for controlling Blossom Midge in Black Gram in Andhra Pradesh?,Plant protection,12:16:00,"19/6/2026, 6:33:01 am",#VALUE!,SLA Breached,Yes,Well Framed,English,English,Correct,NIL,NA,Yes,Ravindra Prasad,NA,NA,NA,NA,NA,NA,NA,NA,NA,NA,NA,NA,NA,NA,NA,NA,NA,NA,NA,NA,NA,NA,NA,NA,NA,NA,NA,NA,Yes,Yes,Yes,Provided & Relevant,Yes,Not Received,NA,NA,Yes,Yes,Clear,Clear,NIL,NA,NA,NA,Saved,Saved,Successfully Identified as Duplicate,Yes,Pass,No Defect,,NIL,".2 hours disclaimer is seen. Reviewer system shows ""chatbot processing error"" was not able to view question id details. answer on regenerating again",Expected Output,,,
TL-1024,2026-06-16,Lavanya Mathialagan,Unique,0.1,,WhatsApp,English,1f16ab8c-eb3c-6a3e-8021-8893b8cb5f24,What are the effective management strategies for controlling Blossom Midge in Black Gram in Andhra Pradesh?,Plant protection,"Jun 18, 2026, 7:25 AM","19/6/2026, 7:51:11 am",#VALUE!,SLA Breached,Successfully Identified as Duplicate,Well Framed,English,English,Correct,NIL,Correctly Tagged as Duplicate,Successfully Identified as Duplicate/Dynamic,NA,NA,NA,NA,NA,NA,NA,NA,NA,NA,NA,NA,NA,NA,NA,NA,NA,NA,NA,NA,NA,NA,NA,NA,NA,NA,NA,NA,NA,Yes,Yes,Yes,Provided & Relevant,Yes,Not Received,Successfully Identified as Duplicate,NA,NA,NA,NA,NA,NA,NA,NA,NA,Duplicate,Duplicate,Successfully Identified as Duplicate,Yes,Pass,No Defect,,NIL,".2 hours disclaimer is seen. Reviewer system shows ""chatbot processing error"" was not able to view question id details. answer on regenerating again",Expected Output,,,
TL-1025,2026-06-16,Lavanya Mathialagan,Unique,0.1,,Web App,English,1f16ab91-73a0-60b8-8005-0233eadea435,"What are the common insect pests that attack the flowering stage of Black Gram, and how can they be managed in Andhra Pradesh?",Insect–Pest Management,"Jun 18, 2026, 7:27 AM","18/6/2026, 7:27:41 am",#VALUE!,Within SLA,Yes,Well Framed,English,English,Correct,NIL,Correctly Tagged as Duplicate,Successfully Identified as Duplicate/Dynamic,NA,NA,NA,NA,NA,NA,NA,NA,NA,NA,NA,NA,NA,NA,NA,NA,NA,NA,NA,NA,NA,NA,NA,NA,NA,NA,NA,NA,NA,Partially Correct,Yes,Yes,Provided & Relevant,NA,NA,NA,NA,Yes,Yes,Clear,Clear,NIL,NA,NA,NA,Saved,Saved,Successfully Identified as Duplicate,No,Pass,Low,,NIL,The question i asked focus on pest damage at flowering stage but the referance answer system took focus only on leaf eating caterpillar,,,,
TL-1027,2026-06-16,Lavanya Mathialagan,Unique,0.1,,Web App,English,1f1695c3-eb28-6c6e-8005-2320e5a47f01,"What are the key characteristics, advantages, and cultivation requirements of the GBG-45 variety of Black Gram in Andhra Pradesh?",Seed and Variety Selection,13:50:00,"17/6/2026, 7:42:01 pm",#VALUE!,SLA Breached,Yes,Well Framed,English,English,Correct,NIL,NA,Yes,Prerna Bharti,NA,NA,NA,NA,NA,NA,NA,NA,NA,NA,NA,NA,NA,NA,NA,NA,NA,NA,NA,NA,NA,NA,NA,NA,NA,NA,NA,NA,Yes,Yes,Yes,Provided & Relevant,Yes,Not Received,NA,NA,Yes,Yes,Clear,Clear,NIL,NA,NA,NA,Saved,Saved,Successfully Identified as Duplicate,Yes,Pass,No Defect,,NIL,.2 hours disclaimer is seen. Answer after 29 hours time limit,Expected Output,,,
TL-1028,2026-06-16,Lavanya Mathialagan,Unique,0.1,,WhatsApp,English,1f16ab9e-2a64-6e35-8028-9d004f5e4940,"What are the key characteristics, advantages, and cultivation requirements of the GBG-45 variety of Black Gram in Andhra Pradesh?",Seed and Variety Selection,"Jun 18, 2026, 7:33 AM","18/6/2026, 7:33:22 am",#VALUE!,Within SLA,Successfully Identified as Duplicate,Well Framed,English,English,Correct,NIL,Correctly Tagged as Duplicate,NA,NA,NA,NA,NA,NA,NA,NA,NA,NA,NA,NA,NA,NA,NA,NA,NA,NA,NA,NA,NA,NA,NA,NA,NA,NA,NA,NA,NA,NA,Yes,Yes,Yes,Provided & Relevant,Successfully Identified as Duplicate,NA,NA,NA,NA,NA,NA,NA,NA,NA,NA,NA,Duplicate,Duplicate,Successfully Identified as Duplicate,Yes,Pass,No Defect,,NIL,,Expected Output,,,
TL-1029,2026-06-16,Lavanya Mathialagan,Unique,0.1,,Web App,English,1f1695ca-c328-6d1d-8005-74e03fbb35cf,What is the appropriate dosage and method of application for Nano DAP in Black Gram cultivation in Andhra Pradesh?,Soil Health and Nutrient Management,13:53:00,"17/6/2026, 7:31:39 pm",#VALUE!,SLA Breached,Yes,Well Framed,English,English,Correct,NIL,NA,Yes,Suresh Bhardwaj,NA,NA,NA,NA,NA,NA,NA,NA,NA,NA,NA,NA,NA,NA,NA,NA,NA,NA,NA,NA,NA,NA,NA,NA,NA,NA,NA,NA,Yes,Yes,Yes,Provided & Relevant,Yes,Not Received,NA,NA,Yes,Yes,Clear,Clear,NIL,NA,NA,NA,Saved,Saved,Successfully Identified as Duplicate,Yes,Pass,No Defect,,NIL,.2 hours disclaimer is seen. Answer received after 29 hours,Expected Output,,,
TL-1030,2026-06-16,Lavanya Mathialagan,Unique,0.1,,WhatsApp,English,1f16abb5-2db5-697c-802f-a6433470679a,What is the appropriate dosage and method of application for Nano DAP in Black Gram cultivation in Andhra Pradesh?,Soil Health and Nutrient Management,"Jun 18, 2026, 7:43 AM","18/6/2026, 7:43:40 am",#VALUE!,Within SLA,Successfully Identified as Duplicate,Well Framed,English,English,Correct,NIL,Correctly Tagged as Duplicate,NA,,NA,NA,NA,NA,NA,NA,NA,NA,NA,NA,NA,NA,NA,NA,NA,NA,NA,NA,NA,NA,NA,NA,NA,NA,NA,NA,NA,NA,Yes,Yes,Yes,Provided & Relevant,Successfully Identified as Duplicate,NA,NA,NA,NA,NA,NA,NA,NA,NA,NA,NA,Duplicate,Duplicate,Successfully Identified as Duplicate,Yes,Pass,No Defect,,NIL,,Expected Output,,,
TL-1031,2026-06-16,Lavanya Mathialagan,Unique,0.1,,Web App,English,1f1695d4-9429-63a2-8005-bf6f08e77319,What is the appropriate dosage and method for applying urea spray in Black Gram crops in Andhra Pradesh?,Soil Health and Nutrient Management,13:58:00,"17/6/2026, 7:32:39 pm",#VALUE!,SLA Breached,Yes,Well Framed,English,English,Correct,NIL,NA,Yes,Soumya R,NA,NA,NA,NA,NA,NA,NA,NA,NA,NA,NA,NA,NA,NA,NA,NA,NA,NA,NA,NA,NA,NA,NA,NA,NA,NA,NA,NA,Yes,Yes,Yes,Provided & Relevant,Yes,Not Received,NA,NA,Yes,Yes,Clear,Clear,NIL,NA,NA,NA,Saved,Saved,Successfully Identified as Duplicate,Yes,Pass,No Defect,,NIL,.2 hours disclaimer is seen. Answer received after 29 hours,Expected Output,,,
TL-1032,2026-06-16,Lavanya Mathialagan,Unique,0.1,,WhatsApp,English,1f16abd1-08ad-63ed-8037-3e610509d297,What is the appropriate dosage and method for applying urea spray in Black Gram crops in Andhra Pradesh?,Soil Health and Nutrient Management,": Jun 18, 2026, 07:56 AM","18/6/2026, 7:56:08 am",#VALUE!,Within SLA,Successfully Identified as Duplicate,Well Framed,English,English,Correct,NIL,Correctly Tagged as Duplicate,NA,,NA,NA,NA,NA,NA,NA,NA,NA,NA,NA,NA,NA,NA,NA,NA,NA,NA,NA,NA,NA,NA,NA,NA,NA,NA,NA,NA,NA,Yes,Yes,Yes,Provided & Relevant,Successfully Identified as Duplicate,NA,NA,NA,NA,NA,NA,NA,NA,NA,NA,NA,Duplicate,Duplicate,Successfully Identified as Duplicate,Yes,Pass,No Defect,,NIL,,Expected Output,,,
TL-1033,2026-06-16,Lavanya Mathialagan,Unique,0.1,,Web App,English,1f1695e1-9b57-6edc-8005-6b8eea4f68e3,"Why are the leaves of my black gram crop turning red, and how can I manage this condition in Andhra Pradesh?",Plant protection,14:03:00,"17/6/2026, 7:04:27 pm",#VALUE!,SLA Breached,Yes,Well Framed,English,English,Correct,NIL,NA,Yes,Sharmila S,NA,NA,NA,NA,NA,NA,NA,NA,NA,NA,NA,NA,NA,NA,NA,NA,NA,NA,NA,NA,NA,NA,NA,NA,NA,NA,NA,NA,Yes,Yes,Yes,Provided & Relevant,Yes,Not Received,NA,NA,Yes,Yes,Clear,Clear,NIL,NA,NA,NA,Saved,Saved,Successfully Identified as Duplicate,Yes,Pass,No Defect,,NIL,.2 hours disclaimer is seen. Answer received after 29 hours,Expected Output,,,
TL-1034,2026-06-16,Lavanya Mathialagan,Unique,0.1,,WhatsApp,English,1f16abef-31ca-63cd-803f-ca3ad8b4716c,"Why are the leaves of my black gram crop turning red, and how can I manage this condition in Andhra Pradesh?",Plant protection,"Jun 18, 2026, 8:09 AM","18/6/2026, 8:09:38 am",#VALUE!,Within SLA,Successfully Identified as Duplicate,Well Framed,English,English,Correct,NIL,Correctly Tagged as Duplicate,NA,,NA,NA,NA,NA,NA,NA,NA,NA,NA,NA,NA,NA,NA,NA,NA,NA,NA,NA,NA,NA,NA,NA,NA,NA,NA,NA,NA,,Yes,Yes,Yes,Provided & Relevant,Successfully Identified as Duplicate,NA,NA,NA,NA,NA,NA,NA,NA,NA,NA,NA,Duplicate,Duplicate,Successfully Identified as Duplicate,Yes,Pass,No Defect,,NIL,,Expected Output,,,
TL-1073,2026-06-16,Lavanya Mathialagan,GDP,0.1,NIL,Web App,English,1f169608-8dd1-64ba-8005-55f3015344c9,What are the causes and management strategies for yellowing leaves (Itangi Roga) in Black Gram in Karnataka?,Plant protection,14:21:00,14:21:15,0.3,Within SLA,Successfully Identified as Duplicate,Well Framed,English,English,Correct,NIL,Correctly Tagged as Duplicate,NA,NA,NA,NA,NA,NA,NA,NA,NA,NA,NA,NA,NA,NA,NA,NA,NA,NA,NA,NA,NA,NA,NA,NA,NA,NA,NA,NA,NA,NA,Yes,Yes,Yes,Provided & Relevant,Yes,NA,NA,NA,Yes,No,Clear,No Output,"Output audio unavailable, the system shows error processing the aduio request failed status code 500",NA,NA,NA,Saved,Saved,Successfully Identified as Duplicate,Yes,Pass,Info,,NIL,Output audio not working,Expected Output,,,
TL-1074,2026-06-16,Lavanya Mathialagan,GDP,0.1,NIL,WhatsApp,English,1f16960e-edf0-6967-804e-a85678984954,What are the causes and management strategies for yellowing leaves (Itangi Roga) in Black Gram in Karnataka?,Plant protection,14:24:00,14:24:07,0.1,Within SLA,Successfully Identified as Duplicate,Well Framed,English,English,Correct,NIL,Correctly Tagged as Duplicate,NA,NA,NA,NA,NA,NA,NA,NA,NA,NA,NA,NA,NA,NA,NA,NA,NA,NA,NA,NA,NA,NA,NA,NA,NA,NA,NA,NA,NA,NA,Yes,Yes,Yes,Provided & Relevant,Yes,NA,NA,NA,NA,NA,NA,NA,NA,NA,NA,NA,Saved,Saved,Successfully Identified as Duplicate,Yes,Pass,No Defect,,NIL,,Expected Output,,,
TL-1075,2026-06-16,Lavanya Mathialagan,GDP,0.1,NIL,Web App,English,1f169629-f81e-60e4-8005-7de4cfddc153,What are the best practices and technical methods for the post-harvest preservation of Black Gram to ensure long-term storage quality in Karnataka?,Post-Harvest Management and Storage,14:36:00,14:36:12,0.2,Within SLA,Successfully Identified as Duplicate,Well Framed,English,English,Correct,NIL,Correctly Tagged as Duplicate,NA,NA,NA,NA,NA,NA,NA,NA,NA,NA,NA,NA,NA,NA,NA,NA,NA,NA,NA,NA,NA,NA,NA,NA,NA,NA,NA,NA,NA,NA,Yes,Yes,Yes,Provided & Relevant,Yes,NA,NA,NA,Yes,No,Clear,No Output,"Output audio unavailable, the system shows error processing the aduio request failed status code 500",NA,NA,NA,Saved,Saved,Successfully Identified as Duplicate,Yes,Pass,No Defect,,NIL,,Expected Output,,,
TL-1076,2026-06-16,Lavanya Mathialagan,GDP,0.1,NIL,WhatsApp,English,1f16962d-6422-61a1-8055-d300660a3b33,What are the best practices and technical methods for the post-harvest preservation of Black Gram to ensure long-term storage quality in Karnataka?,Post-Harvest Management and Storage,14:37:00,14:37:44,0.7,Within SLA,Successfully Identified as Duplicate,Well Framed,English,English,Correct,NIL,Correctly Tagged as Duplicate,NA,NA,NA,NA,NA,NA,NA,NA,NA,NA,NA,NA,NA,NA,NA,NA,NA,NA,NA,NA,NA,NA,NA,NA,NA,NA,NA,NA,NA,NA,Yes,Yes,Yes,Provided & Relevant,Yes,NA,NA,NA,NA,NA,NA,NA,NA,NA,NA,NA,Saved,Saved,Successfully Identified as Duplicate,Yes,Pass,No Defect,,NIL,,Expected Output,,,
TL-1079,2026-06-16,Lavanya Mathialagan,GDP,0.1,NIL,Web App,English,1f169652-81ea-6323-8005-d3c39fcd97f8,What are the appropriate herbicide options for controlling weeds in Finger Millet (Ragi) within three days of emergence in Karnataka?,Weed Management,14:54:00,14:54:21,0.4,Within SLA,Successfully Identified as Duplicate,Well Framed,English,English,Correct,NIL,Correctly Tagged as Duplicate,NA,NA,NA,NA,NA,NA,NA,NA,NA,NA,NA,NA,NA,NA,NA,NA,NA,NA,NA,NA,NA,NA,NA,NA,NA,NA,NA,NA,NA,NA,Yes,Yes,Yes,Provided & Relevant,NA,NA,NA,NA,Yes,No,Clear,No Output,"Output audio unavailable, the system shows error processing the aduio request failed status code 500",NA,NA,NA,Saved,Saved,Successfully Identified as Duplicate,Yes,Pass,No Defect,,NIL,,Expected Output,,,
TL-1080,2026-06-16,Lavanya Mathialagan,GDP,0.1,NIL,WhatsApp,English,1f169657-0037-6119-8066-9c73fb59639c,What are the appropriate herbicide options for controlling weeds in Finger Millet (Ragi) within three days of emergence in Karnataka?,Weed Management,14:56:00,14:56:21,0.4,Within SLA,Successfully Identified as Duplicate,Well Framed,English,English,Correct,NIL,Correctly Tagged as Duplicate,NA,NA,NA,NA,NA,NA,NA,NA,NA,NA,NA,NA,NA,NA,NA,NA,NA,NA,NA,NA,NA,NA,NA,NA,NA,NA,NA,NA,NA,NA,Yes,Yes,Yes,Provided & Relevant,NA,NA,NA,NA,NA,NA,NA,NA,NA,NA,NA,NA,Saved,Saved,Successfully Identified as Duplicate,Yes,Pass,No Defect,,NIL,,Expected Output,,,
TL-1081,2026-06-16,Lavanya Mathialagan,GDP,0.1,NIL,Web App,English,1f169669-a29d-6e7b-8005-e2359effb082,What is the recommended dosage and application method for Zinc and Boron in Finger Millet (Ragi) cultivation per acre in Karnataka?,Soil Health and Nutrient Management,15:04:00,15:04:41,0.7,Within SLA,Successfully Identified as Duplicate,Well Framed,English,English,Correct,NIL,Correctly Tagged as Duplicate,NA,NA,NA,NA,NA,NA,NA,NA,NA,NA,NA,NA,NA,NA,NA,NA,NA,NA,NA,NA,NA,NA,NA,NA,NA,NA,NA,NA,NA,NA,Yes,Yes,Yes,Provided & Relevant,NA,NA,NA,NA,Yes,No,Clear,No Output,"Output audio unavailable, the system shows error processing the aduio request failed status code 500",NA,NA,NA,Saved,Saved,Successfully Identified as Duplicate,Yes,Pass,No Defect,,NIL,,Expected Output,,,
TL-1082,2026-06-16,Lavanya Mathialagan,GDP,0.1,NIL,WhatsApp,English,1f16966a-d00d-6064-806d-64066b15acfd,What is the recommended dosage and application method for Zinc and Boron in Finger Millet (Ragi) cultivation per acre in Karnataka?,Soil Health and Nutrient Management,15:05:00,15:05:13,0.2,Within SLA,Successfully Identified as Duplicate,Well Framed,English,English,Correct,NIL,Correctly Tagged as Duplicate,NA,NA,NA,NA,NA,NA,NA,NA,NA,NA,NA,NA,NA,NA,NA,NA,NA,NA,NA,NA,NA,NA,NA,NA,NA,NA,NA,NA,NA,NA,Yes,Yes,Yes,Provided & Relevant,NA,NA,NA,NA,NA,NA,NA,NA,NA,NA,NA,NA,Saved,Saved,Successfully Identified as Duplicate,Yes,Pass,No Defect,,NIL,,Expected Output,,,
TL-1179,2026-06-17,Lavanya Mathialagan,Unique,0.1,NIL,WhatsApp,English,1f16ab1e-a7de-667b-8005-4c16384a553c,What are the most effective methods and management practices for weed control in tomato cultivation in Andhra pradesh?,Weed Management,06:36:00,"
19/6/2026, 3:26:43 pm",#VALUE!,SLA Breached,Yes,Well Framed,English,English,Correct, NIL,NA,,,NA,NA,NA,NA,NA,NA,NA,NA,NA,NA,NA,NA,NA,NA,NA,NA,NA,NA,NA,NA,NA,NA,NA,NA,NA,NA,NA,NA,Yes,Yes,Yes,Provided & Relevant,Yes,Received on Time,Yes,NA,NA,NA,NA,NA,NA,NA,NA,NA,Saved,Saved,Successfully Identified as Duplicate,No,Pass,No Defect,,NIL,,Expected Output,,,
TL-1182,2026-06-17,Lavanya Mathialagan,Unique,0.1,NIL,Web App,English,1f16a0d2-2a7a-673f-8005-42636c6505e9,What are the most effective management strategies for controlling caterpillar pests that consume tomato leaves in Andhra Pradesh?,Plant protection,10:56:00,"Jun 19, 2026, 6:52 AM",66516236.0,SLA Breached,Yes,Well Framed,English,English,Correct,NIL,NA,NA,NA,NA,NA,NA,NA,NA,NA,NA,NA,NA,NA,NA,NA,NA,NA,NA,NA,NA,NA,NA,NA,NA,NA,NA,NA,NA,NA,NA,NA,Yes,Yes,Yes,Provided & Relevant,Yes,Not Received,Successfully Identified as Duplicate,Successfully Identified as Duplicate,Yes,Yes,Clear,Clear,Takes huge time to get processed ,NA,NA,NA,Saved,Saved,Successfully Identified as Duplicate,Yes,Pass,No Defect,,NIL,2 hours disclaimer is seen. On regenerating the same 2 hours disclaimer is shown again. Answer received right after 43 hours,Expected Output,,,
TL-1183,2026-06-17,Lavanya Mathialagan,Unique,0.1,NIL,WhatsApp,English,1f16b7d9-a307-6fe9-8005-3853fb057a95,What are the most effective management strategies for controlling caterpillar pests that consume tomato leaves in Andhra Pradesh?,Plant protection,"Jun 19, 2026, 6:54 AM","19/6/2026, 6:54:22 am",#VALUE!,Within SLA,Yes,Well Framed,English,English,Correct,NIL,NA,NA,NA,NA,NA,NA,NA,NA,NA,NA,NA,NA,NA,NA,NA,NA,NA,NA,NA,NA,NA,NA,NA,NA,NA,NA,NA,NA,NA,NA,NA,Yes,Yes,Yes,Provided & Relevant,NA,NA,Successfully Identified as Duplicate,Successfully Identified as Duplicate,NA,NA,NA,NA,NA,NA,NA,NA,Saved,Saved,Successfully Identified as Duplicate,Yes,Pass,No Defect,,NIL,Good to go,Expected Output,,,
TL-1184,2026-06-17,Lavanya Mathialagan,Unique,0.1,NIL,Web App,English,1f16a0db-9b7e-62ba-8005-408b29f448e4,"What are the causes, symptoms, and management strategies for wilt disease in tomato crops in Andhra Pradesh?",Plant protection,11:01:00,"19/6/2026, 10:52:33 pm",#VALUE!,SLA Breached,Yes,Well Framed,English,English,Correct,NIL,NA,Yes,Sippora Nandam,NA,NA,NA,NA,NA,NA,NA,NA,NA,NA,NA,NA,NA,NA,NA,NA,NA,NA,NA,NA,NA,NA,NA,NA,NA,NA,NA,NA,Yes,Yes,Yes,Provided & Relevant,Yes,Not Received,NA,NA,Yes,Yes,Clear,Clear,,NA,NA,NA,Saved,Saved,Successfully Identified as Duplicate,Yes,Pass,No Defect,,NIL,2 hours disclaimer is seen. On regenerating the same 2 hours disclaimer is shown again . Received answer after 2 days',Expected Output,,,
TL-1185,2026-06-17,Lavanya Mathialagan,Unique,0.1,NIL,WhatsApp,English,1f16c4ee-dad5-6dc5-801c-8c6bab7dc9b9,"What are the causes, symptoms, and management strategies for wilt disease in tomato crops in Andhra Pradesh?",Plant protection,"Jun 20, 2026, 7:52 AM","20/6/2026, 7:52:47 am",#VALUE!,Within SLA,Yes,Well Framed,English,English,Correct,NIL,Correctly Tagged as Duplicate,NA,NA,NA,NA,NA,NA,NA,NA,NA,NA,NA,NA,NA,NA,NA,NA,NA,NA,NA,NA,NA,NA,NA,NA,NA,NA,NA,NA,NA,NA,Yes,Yes,Yes,Provided & Relevant,Successfully Identified as Duplicate,NA,Successfully Identified as Duplicate,Successfully Identified as Duplicate,NA,NA,NA,NA,NA,NA,NA,NA,Duplicate,Duplicate,Successfully Identified as Duplicate,Yes,Pass,No Defect,,NIL,Good to go,Expected Output,,,
TL-1186,2026-06-17,Lavanya Mathialagan,Unique,0.1,NIL,Web App,English,1f16a0ef-844a-6fd5-8005-5b2b44523d53,What are the best practices for managing the growth and development of tomato plants to ensure high yields in Andhra Pradesh?,Cultural and Crop Management Practices,11:10:00,"20/6/2026, 8:15:06 am",#VALUE!,SLA Breached,Yes,Well Framed,English,English,Correct,NIL,NA,Yes,Sharmila S,NA,NA,NA,NA,NA,NA,NA,NA,NA,NA,NA,NA,NA,NA,NA,NA,NA,NA,NA,NA,NA,NA,NA,NA,NA,NA,NA,NA,Yes,Yes,Yes,Provided & Relevant,Yes,Not Received,NA,NA,Yes,Yes,Clear,Clear,NIL,NA,NA,NA,Yes,Saved,Successfully Identified as Duplicate,Yes,Pass,No Defect,,NIL,2 hours disclaimer is seen. On regenerating the same 2 hours disclaimer is shown again. answer received after 2 dyas,,,,
TL-1187,2026-06-17,Lavanya Mathialagan,Unique,0.1,NIL,WhatsApp,English,1f16c522-596c-6552-8023-8364bd6ccf4b,What are the best practices for managing the growth and development of tomato plants to ensure high yields in Andhra Pradesh?,Cultural and Crop Management Practices,"Jun 20, 2026, 8:15 AM","20/6/2026, 8:15:49 am",#VALUE!,Within SLA,Successfully Identified as Duplicate,Well Framed,English,English,Correct,NIL,Correctly Tagged as Duplicate,NA,NA,NA,NA,NA,NA,NA,NA,NA,NA,NA,NA,NA,NA,NA,NA,NA,NA,NA,NA,NA,NA,NA,NA,NA,NA,NA,NA,NA,NA,Yes,Yes,Yes,Provided & Relevant,Successfully Identified as Duplicate,NA,Successfully Identified as Duplicate,Successfully Identified as Duplicate,NA,NA,NA,NA,NA,NA,NA,NA,Duplicate,Duplicate,Successfully Identified as Duplicate,Yes,Pass,No Defect,,NIL,Good to go,,,,
TL-1188,2026-06-17,Lavanya Mathialagan,Unique,0.1,NIL,Web App,English,"1f16a104-3140-612a-8005-
1bf9be299678","What are the causes, symptoms, and management strategies for viral diseases in tomato crops in Andhra Pradesh?",Disease Management,11:19:00,"19/6/2026, 8:19:31 am",#VALUE!,SLA Breached,Yes,Well Framed,English,English,Correct,NIL,NA,yes,Varsha Shekhar,NA,NA,NA,NA,NA,NA,NA,NA,NA,NA,NA,NA,NA,NA,NA,NA,NA,NA,NA,NA,NA,NA,NA,NA,NA,NA,NA,NA,Yes,Yes,Yes,Provided & Relevant,Yes,Not Received,NA,NA,Yes,Yes,Clear,Clear,NIL,NA,NA,NA,Saved,Saved,Successfully Identified as Duplicate,Yes,Pass,No Defect,,NIL,2 hours disclaimer is seen. On regenerating the same 2 hours disclaimer is shown again. answer received after 45 hours,Expected Output,,,
TL-1189,2026-06-17,Lavanya Mathialagan,Unique,0.1,NIL,WhatsApp,English,1f16b7fc-7340-61fc-800c-ca0733982ed5,"What are the causes, symptoms, and management strategies for viral diseases in tomato crops in Andhra Pradesh?",Disease Management,8:28 AM,"20/6/2026, 8:28:52 am",#VALUE!,Within SLA,Yes,Well Framed,English,English,Correct,NIL,NA,NA,NA,NA,NA,NA,NA,NA,NA,NA,NA,NA,NA,NA,NA,NA,NA,NA,NA,NA,NA,NA,NA,NA,NA,NA,NA,NA,NA,NA,NA,Yes,Yes,Yes,Provided & Relevant,NA,NA,NA,NA,NA,NA,NA,NA,NA,NA,NA,NA,Duplicate,Duplicate,Successfully Identified as Duplicate,Yes,Pass,No Defect,,NIL,Good to go,Expected Output,,,
TL-1190,2026-06-17,Lavanya Mathialagan,Unique,0.1,NIL,Web App,English,1f16a122-575f-685d-8005-fd4227363e1a,How can I effectively manage Helicoverpa armigera (Tomato Fruit Borer) infestations in my tomato crop in Andhrapradesh?,Insect–Pest Management,11:32:00,"19/6/2026, 7:09:22 am",#VALUE!,SLA Breached,Yes,Well Framed,English,English,Correct,NIL,NA,NA,NA,NA,NA,NA,NA,NA,NA,NA,NA,NA,NA,NA,NA,NA,NA,NA,NA,NA,NA,NA,NA,NA,NA,NA,NA,NA,NA,NA,NA,Yes,Yes,Yes,Provided & Relevant,Yes,Not Received,Successfully Identified as Duplicate,NA,Yes,Yes,Clear,Clear,NIL,NA,NA,NA,Saved,Saved,Successfully Identified as Duplicate,Yes,Pass,No Defect,,NIL,2 hours disclaimer is seen. On regenerating the same 2 hours disclaimer is shown again. . answer received after 1 day,Expected Output,,,
TL-1192,2026-06-17,Lavanya Mathialagan,Unique,0.1,NIL,Web App,English,1f16a12a-a8c3-6ed0-8005-a48f011d94e7,What are the causes of black spots on tomato fruits and how can they be managed effectively in Andhra Pradesh?,Disease Management,11:36 AM,"19/6/2026, 10:41:11 am",#VALUE!,SLA Breached,Yes,Well Framed,English,English,Correct,NIL,NA,yes,Dev Jagdishbhai Bhutiya,NA,NA,NA,NA,NA,NA,NA,NA,NA,NA,NA,NA,NA,NA,NA,NA,NA,NA,NA,NA,NA,NA,NA,NA,NA,NA,NA,NA,Yes,Yes,Yes,Provided & Relevant,Yes,Not Received,NA,NA,Yes,Yes,Clear,Clear,NIL,NA,NA,NA,Saved,Saved,Successfully Identified as Duplicate,Yes,Pass,No Defect,,NIL,2 hours disclaimer is seen. On regenerating the same 2 hours disclaimer is shown again . Answer received after 47 hours,Expected Output,,,
TL-1193,2026-06-17,Lavanya Mathialagan,Unique,0.1,NIL,WhatsApp,English,1f16c5e4-56a6-66d3-8033-c412c22c9041,What are the causes of black spots on tomato fruits and how can they be managed effectively in Andhra Pradesh?,Disease Management,09:42:00,"20/6/2026, 9:42:37 am",#VALUE!,Within SLA,Successfully Identified as Duplicate,Well Framed,English,English,Correct,NIL,NA,NA,NA,NA,NA,NA,NA,NA,NA,NA,NA,NA,NA,NA,NA,NA,NA,NA,NA,NA,NA,NA,NA,NA,NA,NA,NA,NA,NA,NA,NA,Yes,Yes,Yes,Provided & Relevant,Successfully Identified as Duplicate,NA,Successfully Identified as Duplicate,NA,NA,NA,NA,NA,NA,NA,NA,NA,Duplicate,Duplicate,Successfully Identified as Duplicate,Yes,Pass,No Defect,,NIL,,Expected Output,,,
TL-1194,2026-06-17,Lavanya Mathialagan,Unique,0.1,NIL,Web App,English,1f16a137-76b6-6259-8005-7811abbd9d5e,"What are the causes of leaf curling in tomato crops, and what are the most effective management strategies to control it in Andhra pradesh?",Plant protection,11:42:00,"19/6/2026, 10:32:47 am",#VALUE!,SLA Breached,Yes,Well Framed,English,English,Correct,NIL,NA,yes,Anil Kumar S,NA,NA,NA,NA,NA,NA,NA,NA,NA,NA,NA,NA,NA,NA,NA,NA,NA,NA,NA,NA,NA,NA,NA,NA,NA,NA,NA,NA,Yes,Yes,Yes,Provided & Relevant,Yes,Not Received,NA,NA,Yes,Yes,Clear,Clear,NIL,NA,NA,NA,Saved,Saved,Successfully Identified as Duplicate,Yes,Pass,No Defect,,NIL,2 hours disclaimer is seen. On regenerating the same 2 hours disclaimer is shown again . Answer recived after 46 hours,Expected Output,,,
TL-1195,2026-06-17,Lavanya Mathialagan,Unique,0.1,NIL,WhatsApp,English,1f16c615-f60d-692a-803a-8e9459d5ed06,"What are the causes of leaf curling in tomato crops, and what are the most effective management strategies to control it in Andhra pradesh?",Plant protection,"Jun 20, 2026, 10:04 AM","20/6/2026, 10:04:49 am",#VALUE!,Within SLA,Successfully Identified as Duplicate,Well Framed,English,English,Correct,NIL,NA,Correctly Tagged as Duplicate,NA,NA,NA,NA,NA,NA,NA,NA,NA,NA,NA,NA,NA,NA,NA,NA,NA,NA,NA,NA,NA,NA,NA,NA,NA,NA,NA,NA,NA,Yes,Yes,Yes,Provided & Relevant,Successfully Identified as Duplicate,NA,Successfully Identified as Duplicate,NA,NA,NA,NA,NA,NA,NA,NA,NA,Successfully Identified as Duplicate,Duplicate,Successfully Identified as Duplicate,Yes,Pass,No Defect,,NIL,,Expected Output,,,
TL-1196,2026-06-17,Lavanya Mathialagan,Unique,0.1,NIL,Web App,English,1f16a14c-4005-67d5-8005-75d0971cc02f,How can I identify and manage calcium deficiency in tomato crops in Andhra Pradesh?,Soil Health and Nutrient Management,11:51:00,"19/6/2026, 9:31:01 am",#VALUE!,SLA Breached,Yes,Well Framed,English,English,Correct,NIL,NA,yes,B. Sasidhar,NA,NA,NA,NA,NA,NA,NA,NA,NA,NA,NA,NA,NA,NA,NA,NA,NA,NA,NA,NA,NA,NA,NA,NA,NA,NA,NA,NA,Yes,Yes,Yes,Provided & Relevant,Yes,Not Received,NA,NA,Yes,Yes,Clear,Clear,NIL,NA,NA,NA,Saved,Saved,Successfully Identified as Duplicate,Yes,Pass,No Defect,,NIL,2 hours disclaimer is seen. On regenerating the same 2 hours disclaimer is shown again ,Expected Output,,,
TL-1197,2026-06-17,Lavanya Mathialagan,Unique,0.1,NIL,WhatsApp,English,1f16c663-48bc-6009-8042-dc48dc20f329,How can I identify and manage calcium deficiency in tomato crops in Andhra Pradesh?,Soil Health and Nutrient Management,"Jun 20, 2026, 10:39 AM","20/6/2026, 10:39:24 am",#VALUE!,Within SLA,Successfully Identified as Duplicate,Well Framed,English,English,Correct,NIL,Correctly Tagged as Duplicate,Correctly Tagged as Duplicate,NA,NA,NA,NA,NA,NA,NA,NA,NA,NA,NA,NA,NA,NA,NA,NA,NA,NA,NA,NA,NA,NA,NA,NA,NA,NA,NA,NA,NA,Yes,Yes,Yes,Provided & Relevant,Successfully Identified as Duplicate,NA,Successfully Identified as Duplicate,Successfully Identified as Duplicate,NA,NA,NA,NA,NA,NA,NA,NA,Duplicate,Duplicate,Successfully Identified as Duplicate,Yes,Pass,No Defect,,NIL,,Expected Output,,,
TL-1207,2026-06-17,Dhaarani S,Unique,0.1,NIL,Web App,English,1f16a18f-86be-6c25-8005-267c6f112689,How can I identify and manage damping-off disease in tomato seedlings?,Disease Management,12:21:30,"6/20/2026, 10:44:29 AM",66517823.0,SLA Breached,Yes,Well Framed,English,English,Correct,NA,NA,NA,Varsha Shekhar,NA,NA,NA,NA,NA,NA,NA,NA,NA,NA,NA,NA,NA,NA,NA,NA,NA,NA,NA,NA,NA,NA,NA,NA,NA,NA,NA,NA,Yes,Yes,Yes,Provided & Relevant,Yes,Not Received,NA,NA,Yes,Yes,Clear,Clear,NA,NA,NA,NA,Saved,Saved,Successfully Identified as Duplicate,Yes,Pass,No Defect,,NIL,"2 hours disclaimer is seen. Still it shows 2 hours disclaimer (6/19/2026, 7:09:54 AM). Regenerate it again (20/06/2026, 10: 44:29 Am) and got the answer. No issues. Good to go.",,,,
TL-1208,2026-06-17,Dhaarani S,Unique,0.1,NIL,WhatsApp,English,1f16c682-ec27-6572-801b-034a3a549790,How can I identify and manage damping-off disease in tomato seedlings?,Disease Management,"20/06/2026,   10:53:23","6/20/2026, 10:53:34 AM",#VALUE!,Within SLA,Yes,Well Framed,English,English,Correct,NA,NA,NA,Varsha Shekhar,NA,NA,NA,NA,NA,NA,NA,NA,NA,NA,NA,NA,NA,NA,NA,NA,NA,NA,NA,NA,NA,NA,NA,NA,NA,NA,NA,NA,Yes,Yes,Yes,Provided & Relevant,NA,NA,NA,NA,NA,NA,NA,NA,NA,NA,NA,NA,Saved,Saved,Successfully Identified as Duplicate,Yes,Pass,No Defect,,NIL,Asked the question afterit was closed in web and I received the same answer. No issues. Good to go. After few minutes 11:11 AM again I got the answer but with the moderator's name.,,,,
TL-1210,2026-06-17,Dhaarani S,Unique,0.1,NIL,WhatsApp,English,1f16c69d-2271-61ca-8022-87cc4e877804,"What are the common fungal diseases affecting tomato crops, and how can they be effectively managed?",Disease Management,"20/06/2026,  11:05:07","6/20/2026, 11:05:17 AM",#VALUE!,Within SLA,Yes,Well Framed,English,English,Correct,NA,Correctly Tagged as Duplicate,NA,,NA,NA,NA,NA,NA,NA,NA,NA,NA,NA,NA,NA,NA,NA,NA,NA,NA,NA,NA,NA,NA,NA,NA,NA,NA,NA,NA,NA,Partially Correct,Yes,Yes,Provided & Relevant,NA,NA,NA,NA,NA,NA,NA,NA,NA,NA,NA,NA,Saved,Saved,Successfully Identified as Duplicate,Yes,Pass,No Defect,,NIL,"For this unique question chatbot provides the answer based on the refernce of this (What are the common diseases in tomato crop in Andhra Pradesh, Anantapur?) question but it is not fully correct.",,,,
TL-1211,2026-06-17,Dhaarani S,Unique,0.1,NIL,Web App,English,1f16a1ad-386e-6f18-8005-9f62104b4c72,"What are the common micronutrient deficiencies in tomato crops, and how can they be managed to ensure healthy fruit development?",Soil Health and Nutrient Management,12:34:47,"6/20/2026, 11:16:21 AM",66517841.6,SLA Breached,Yes,Well Framed,English,English,Correct,NA,NA,NA,Yash Praveen Khot,NA,NA,NA,NA,NA,NA,NA,NA,NA,NA,NA,NA,NA,NA,NA,NA,NA,NA,NA,NA,NA,NA,NA,NA,NA,NA,NA,NA,Yes,Yes,Yes,Provided & Relevant,Yes,NA,NA,NA,Yes,Yes,Clear,Clear,NA,NA,NA,NA,Saved,Saved,Successfully Identified as Duplicate,Yes,Pass,No Defect,,NIL,"2 hours disclaimer is seen. Regenerate still shows 2 hours disclaimer (6/19/2026, 7:45:58 AM). Again regenerate (20/06/2026. 11:16 AM ) received the answer. Good to go.",,,,
TL-1212,2026-06-17,Dhaarani S,Unique,0.1,NIL,WhatsApp,English,1f16c6d6-9573-62b0-802a-bb04ca696e96,"What are the common micronutrient deficiencies in tomato crops, and how can they be managed to ensure healthy fruit development?",Soil Health and Nutrient Management,"6/20/2026, 11:30:59 AM","20/06/2026,   11:31:06",#VALUE!,Within SLA,Yes,Well Framed,English,English,Correct,NA,NA,NA,Yash Praveen Khot,NA,NA,NA,NA,NA,NA,NA,NA,NA,NA,NA,NA,NA,NA,NA,NA,NA,NA,NA,NA,NA,NA,NA,NA,NA,NA,NA,NA,Yes,Yes,Yes,Provided & Relevant,Yes,NA,NA,NA,NA,NA,NA,NA,NA,NA,NA,NA,Saved,Saved,Successfully Identified as Duplicate,Yes,Pass,No Defect,,NIL,After the question was closed in the web I asked the same question in the whatsapp and got the same answer. Good to go. But after 10 minutes I got the same answer but different author names.,,,,
TL-1213,2026-06-17,Dhaarani S,Unique,0.1,NIL,Web App,English,1f16a1b2-3fb6-68a5-8005-b61d0752313a,What are the best practices and recommended schedules for foliar nutrient sprays in tomato cultivation to improve yield and fruit quality?,Soil Health and Nutrient Management,12:37:02,"6/20/2026, 11:40:13 AM",66517863.2,SLA Breached,Yes,Well Framed,English,English,Correct,NA,NA,NA,Neelima M B,NA,NA,NA,NA,NA,NA,NA,NA,NA,NA,NA,NA,NA,NA,NA,NA,NA,NA,NA,NA,NA,NA,NA,NA,NA,NA,NA,NA,Yes,Yes,Yes,Provided & Relevant,Yes,Not Received,NA,NA,Yes,Yes,Clear,Clear,NA,NA,NA,NA,Saved,Saved,Successfully Identified as Duplicate,Yes,Pass,No Defect,,NIL,"2 hours disclaimer is seen. Rgenerate to get the answer but still it shows 2 hours disclaimer (6/19/2026, 7:48:35 AM). Again regenerate then only received the answer (20/06/2026, 11: 39 AM)",,,,
TL-1214,2026-06-17,Dhaarani S,Unique,0.1,NIL,WhatsApp,English,1f16c703-7604-6845-8032-05ce2a6081e0,What are the best practices and recommended schedules for foliar nutrient sprays in tomato cultivation to improve yield and fruit quality?,Soil Health and Nutrient Management,"20/06/2026,   11:50:50","6/20/2026, 11:51:04 AM",#VALUE!,Within SLA,Yes,Well Framed,English,English,Correct,NA,NA,NA,Neelima M B,NA,NA,NA,NA,NA,NA,NA,NA,NA,NA,NA,NA,NA,NA,NA,NA,NA,NA,NA,NA,NA,NA,NA,NA,NA,NA,NA,NA,Yes,Yes,Yes,Provided & Relevant,NA,NA,NA,NA,NA,NA,NA,NA,NA,NA,NA,NA,Saved,Saved,Successfully Identified as Duplicate,Yes,Pass,No Defect,,NIL,After the question was closed in the web I asked the same question in the whatsapp and got the same answer. Good to go. After 10 minutes I eceived the same answer with moderator's name instead of author's name.,,,,
TL-1215,2026-06-17,Dhaarani S,Unique,0.1,NIL,Web App,English,1f16a1b6-868b-6554-8005-768622f1fd9e,What are the best practices for water management and irrigation in tomato cultivation to ensure optimal yield?,Irrigation and Water Management,12:38:57,"6/20/2026, 11:57:15 AM",66517878.3,SLA Breached,Yes,Well Framed,English,English,Correct,NA,NA,NA,Sanjay Choudhary,NA,NA,NA,NA,NA,NA,NA,NA,NA,NA,NA,NA,NA,NA,NA,NA,NA,NA,NA,NA,NA,NA,NA,NA,NA,NA,NA,NA,Yes,Yes,Yes,Provided & Relevant,Yes,Not Received,NA,NA,Yes,Yes,Clear,Clear,NA,NA,NA,NA,Saved,Saved,Successfully Identified as Duplicate,Yes,Pass,No Defect,,NIL,"2 hours disclaimer is seen. It still shows 2 hours disclaimer even after regenerate in (6/19/2026, 7:52:32 AM). Again I regenerate (20/06/2026, 11:57) then only received the answer didn't get any notification. The answers are correct no issues. Good to go.",,,,
TL-1216,2026-06-17,Dhaarani S,Unique,0.1,NIL,WhatsApp,English,1f16c73a-31f9-69a1-803a-4f455cd943bd,What are the best practices for water management and irrigation in tomato cultivation to ensure optimal yield?,Irrigation and Water Management,"20/06/2026, 12:15:19","6/20/2026, 12:15:33 PM",#VALUE!,Within SLA,Yes,Well Framed,English,English,Correct,NA,NA,NA,Sanjay Choudhary,NA,NA,NA,NA,NA,NA,NA,NA,NA,NA,NA,NA,NA,NA,NA,NA,NA,NA,NA,NA,NA,NA,NA,NA,NA,NA,NA,NA,Yes,Yes,Yes,Provided & Relevant,NA,NA,NA,NA,NA,NA,NA,NA,NA,NA,NA,NA,Saved,Saved,Successfully Identified as Duplicate,Yes,Pass,No Defect,,NIL,After the question was closed in the web I asked the same question in the whatsapp and got the same answer. Good to go.,,,,
TL-1217,2026-06-17,Dhaarani S,Unique,0.1,NIL,Web App,English,1f16a1bc-2709-621a-8005-fefc13154613,"What are the primary causes of poor vegetative growth and stunted development in tomato crops, and how can they be managed?",Plant protection,12:41:28,"6/20/2026, 12:19:23 PM",66517897.9,SLA Breached,Yes,Well Framed,English,English,Correct,NA,NA,NA,Soumya R,NA,NA,NA,NA,NA,NA,NA,NA,NA,NA,NA,NA,NA,NA,NA,NA,NA,NA,NA,NA,NA,NA,NA,NA,NA,NA,NA,NA,Yes,Yes,Yes,Provided & Relevant,Yes,Not Received,NA,NA,Yes,Yes,Clear,Clear,NA,NA,NA,NA,Saved,Saved,Successfully Identified as Duplicate,Yes,Pass,No Defect,,NIL,"2 hours disclaimer is seen. It still shows 2 hours disclaimer even after regenerate in (6/19/2026, 7:56:22 AM). Again I regenerate (20/06/2026, 12:20 PM) then only received the answer didn't get any notification. The answers are correct no issues. Good to go.",,,,
TL-1218,2026-06-17,Dhaarani S,Unique,0.1,NIL,WhatsApp,English,1f16c745-9dce-63a1-8041-2e8e729da974,"What are the primary causes of poor vegetative growth and stunted development in tomato crops, and how can they be managed?",Plant protection,"20/06/2026,   12:20:32","6/20/2026, 12:20:40 PM",#VALUE!,Within SLA,Yes,Well Framed,English,English,Correct,NA,NA,NA,Soumya R,NA,NA,NA,NA,NA,NA,NA,NA,NA,NA,NA,NA,NA,NA,NA,NA,NA,NA,NA,NA,NA,NA,NA,NA,NA,NA,NA,NA,Yes,Yes,Yes,Provided & Relevant,NA,NA,NA,NA,NA,NA,NA,NA,NA,NA,NA,NA,Saved,Saved,Successfully Identified as Duplicate,Yes,Pass,No Defect,,NIL,After the question was closed in the web I asked the same question in the whatsapp and got the same answer. Good to go. ,,,,
TL-1219,2026-06-17,Dhaarani S,Unique,0.1,NIL,Web App,English,1f16a1c2-3c78-6a17-8005-2c80688f7c86,"What are the possible causes of leaf yellowing in tomato plants, and how can it be effectively managed?",Plant protection,12:44:11,"6/20/2026, 12:31:48 PM",66517907.6,SLA Breached,Yes,Well Framed,English,English,Correct,NA,NA,NA,Anil Kumar S,NA,NA,NA,NA,NA,NA,NA,NA,NA,NA,NA,NA,NA,NA,NA,NA,NA,NA,NA,NA,NA,NA,NA,NA,NA,NA,NA,NA,Yes,Yes,Yes,Provided & Relevant,Yes,Not Received,NA,NA,Yes,Yes,Clear,Clear,NA,NA,NA,NA,Saved,Saved,Successfully Identified as Duplicate,Yes,Pass,No Defect,,NIL,"2 hours disclaimer is seen. Still shows 2 hours disclaimer (6/19/2026, 7:59:24 AM). Again I regenerate (20/06/2026, 12:31) then only received the answer didn't get any notification. The answer is correct no issues. Good to Go.",,,,
TL-1220,2026-06-17,Dhaarani S,Unique,0.1,NIL,WhatsApp,English,1f16c771-f8bd-6224-8048-5328cbd7f675,"What are the possible causes of leaf yellowing in tomato plants, and how can it be effectively managed?",Plant protection,"20/06/2026,   12:40:14","6/20/2026, 12:40:31 PM",#VALUE!,Within SLA,Yes,Well Framed,English,English,Correct,NA,NA,NA,Anil Kumar S,NA,NA,NA,NA,NA,NA,NA,NA,NA,NA,NA,NA,NA,NA,NA,NA,NA,NA,NA,NA,NA,NA,NA,NA,NA,NA,NA,NA,Yes,Yes,Yes,Provided & Relevant,NA,NA,NA,NA,NA,NA,NA,NA,NA,NA,NA,NA,Saved,Saved,Successfully Identified as Duplicate,Yes,Pass,No Defect,,NIL,After the question was closed in the web I asked the same question in the whatsapp and got the same answer. Good to go. ,,,,
TL-1221,2026-06-17,Dhaarani S,Unique,0.1,NIL,Web App,English,1f16a1c6-3342-6000-8005-931b67ff4075,"What are the causes, symptoms, and management strategies for dieback disease in tomato crops?",Disease Management,12:45:58,"6/20/2026, 12:45:56 PM",66517920.0,SLA Breached,Yes,Well Framed,English,English,Correct,NA,NA,Yes,Suresh Bhardwaj,NA,NA,NA,NA,NA,NA,NA,NA,NA,NA,NA,NA,NA,NA,NA,NA,NA,NA,NA,NA,NA,NA,NA,NA,NA,NA,NA,NA,Yes,Yes,Yes,Provided & Relevant,Yes,Not Received,NA,NA,Yes,Yes,Clear,Clear,NA,NA,NA,NA,Saved,Saved,Successfully Identified as Duplicate,Yes,Pass,No Defect,,NIL,"2 hours disclaimer is seen. Still shows 2 hours disclaimer (6/19/2026, 8:02:15 AM). Again I regenerte (20/06/2026, 12:45) then only I got the answer it didn't give any notifications. The answer is correcr no issues. Good to go.",,,,
TL-1222,2026-06-17,Dhaarani S,Unique,0.1,NIL,WhatsApp,English,1f16c78b-f7ea-6b10-804f-fcf134b43ca9,"What are the causes, symptoms, and management strategies for dieback disease in tomato crops?",Disease Management,"20/06/2026,   12:51:52","6/20/2026, 12:52:08 PM",#VALUE!,Within SLA,Yes,Well Framed,English,English,Correct,NA,NA,NA,Suresh Bhardwaj,NA,NA,NA,NA,NA,NA,NA,NA,NA,NA,NA,NA,NA,NA,NA,NA,NA,NA,NA,NA,NA,NA,NA,NA,NA,NA,NA,NA,Yes,Yes,Yes,Provided & Relevant,NA,NA,NA,NA,NA,NA,NA,NA,NA,NA,NA,NA,Saved,Saved,Successfully Identified as Duplicate,Yes,Pass,No Defect,,NIL,After the question was closed in the web I asked the same question in the whatsapp and got the same answer. Good to go. ,,,,
TL-1225,2026-06-17,Dhaarani S,GDP,0.1,NIL,Web App,English,1f16a257-bdcc-62db-8005-a18907c8c457,Which is the best seed variety for paddy in Karnataka?,Seed and Variety Selection,13:50:54,13:51:04,0.2,Within SLA,Yes,Well Framed,English,English,Correct,NA,Correctly Tagged as Duplicate,NA,C Sai Durga,NA,NA,NA,NA,NA,NA,NA,NA,NA,NA,NA,NA,NA,NA,NA,NA,NA,NA,NA,NA,NA,NA,NA,NA,NA,NA,NA,NA,Yes,Yes,Successfully Identified as Duplicate,Provided & Relevant,NA,NA,NA,NA,Yes,Yes,Clear,Clear,NA,NA,NA,NA,Saved,Saved,Successfully Identified as Duplicate,Yes,Pass,No Defect,,NIL,Received correct answer. No issues in answer but it shows moderator's name instead of author's name.,,,,
TL-1226,2026-06-17,Dhaarani S,GDP,0.1,NIL,WhatsApp,English,1f16a26b-0836-6b34-8029-3a79b1c2d271,Which is the best seed variety for paddy in Karnataka?,Seed and Variety Selection,13:59:36,13:59:42,0.1,Within SLA,Yes,Well Framed,English,English,Correct,NA,Correctly Tagged as Duplicate,NA,C Sai Durga,NA,NA,NA,NA,NA,NA,NA,NA,NA,NA,NA,NA,NA,NA,NA,NA,NA,NA,NA,NA,NA,NA,NA,NA,NA,NA,NA,NA,Yes,Yes,Successfully Identified as Duplicate,Provided & Relevant,NA,NA,NA,NA,NA,NA,NA,NA,NA,NA,NA,NA,Saved,Saved,Successfully Identified as Duplicate,Yes,Pass,No Defect,,NIL,Received correct answer. No issues in answer but it shows moderator's name instead of author's name.,,,,
TL-1340,2026-06-18,Dhaarani S,Unique,0.1,NIL,Web App,English,1f16ad74-a17d-6cd5-8005-9b9500dc8519,Which fertilizers are most suitable for application during the land preparation (tilth) stage in tomato cultivation?,Soil Health and Nutrient Management,"6/18/2026, 11:03:51 AM","20/2026, 8:26:21 AM",#VALUE!,SLA Breached,Yes,Well Framed,English,English,Correct,NA,NA,NA,Deepak S R,NA,NA,NA,NA,NA,NA,NA,NA,NA,NA,NA,NA,NA,NA,NA,NA,NA,NA,NA,NA,NA,NA,NA,NA,NA,NA,NA,NA,Yes,Yes,Yes,Provided & Relevant,Yes,Not Received,Yes,NA,Yes,Yes,Clear,Clear,NA,NA,NA,NA,Saved,Saved,Successfully Identified as Duplicate,Yes,Pass,No Defect,,NIL,2 hours disclaimer is seen. I regenerate and got the answer it did not give any notification.,,,,
TL-1341,2026-06-18,Dhaarani S,Unique,0.1,NIL,WhatsApp,English,1f16c52d-ab57-6d56-8005-f1868da1385c,Which fertilizers are most suitable for application during the land preparation (tilth) stage in tomato cultivation?,Soil Health and Nutrient Management,"20/06/2026,   08:20:42","6/20/2026, 8:20:53 AM",#VALUE!,Within SLA,Yes,Well Framed,English,English,Correct,NA,NA,NA,Deepak S R,NA,NA,NA,NA,NA,NA,NA,NA,NA,NA,NA,NA,NA,NA,NA,NA,NA,NA,NA,NA,NA,NA,NA,NA,NA,NA,NA,NA,Yes,Yes,Yes,Provided & Relevant,NA,,,NA,NA,NA,NA,NA,NA,NA,NA,NA,Saved,Saved,Successfully Identified as Duplicate,Yes,Pass,No Defect,,NIL,2 hours disclaimer is seen. The answer is correct and same as in the web but the author is different.,,,,
TL-1342,2026-06-18,Dhaarani S,Unique,0.1,NIL,WhatsApp,English,1f16ad88-8807-6898-8013-6c204b0b6855,What is the recommended dosage and application method for Gibberellic Acid (GA3) in tomato cultivation?,Cultural and Crop Management Practices,11:12:46,"21/06/2026,   14:54",#VALUE!,SLA Breached,Yes,Well Framed,English,English,Correct,NA,NA,NA,Rajwant Kaur,NA,NA,NA,NA,NA,NA,NA,NA,NA,NA,NA,NA,NA,NA,NA,NA,NA,NA,NA,NA,NA,NA,NA,NA,NA,NA,NA,NA,Yes,Yes,Yes,Provided & Relevant,Yes,Received on Time,Yes,NA,NA,NA,NA,NA,NA,NA,NA,NA,Saved,Saved,Successfully Identified as Duplicate,Yes,Pass,No Defect,,NIL,"2 hours disclaimer is seen. Received the answer (21/06/2026, 14:54)",,,,
TL-1343,2026-06-18,Dhaarani S,Unique,0.1,NIL,WhatsApp,English,1f16ad92-0920-6acd-801a-bdcc5936c3ea,What is the correct method and procedure for applying fertilizers near the root zone of tomato plants to ensure maximum nutrient uptake?,Soil Health and Nutrient Management,11:17:01,"20/06/2026,   07:08",#VALUE!,SLA Breached,Yes,Well Framed,English,English,Correct,NA,NA,NA,Atheshwar R,NA,NA,NA,NA,NA,NA,NA,NA,NA,NA,NA,NA,NA,NA,NA,NA,NA,NA,NA,NA,NA,NA,NA,NA,NA,NA,NA,NA,Yes,Yes,Yes,Provided & Relevant,Yes,NA,Yes,NA,NA,NA,NA,NA,NA,NA,NA,NA,Saved,Saved,Successfully Identified as Duplicate,,Pass,No Defect,,NIL,2 hours disclaimer is seen. Received the answer.,,,,
TL-1344,2026-06-18,Dhaarani S,Unique,0.1,NIL,WhatsApp,English,1f16ad98-ab8f-6016-8021-e4c64361f725,What is the recommended dosage and application method for using 14:0:35 (Potassium Nitrate) as a foliar spray in tomato cultivation?,Soil Health and Nutrient Management,11:19:59,"19/06/2026,   10:33:00 PM",#VALUE!,SLA Breached,Yes,Well Framed,English,English,Correct,NA,NA,NA,Sugyani Kar,NA,NA,NA,NA,NA,NA,NA,NA,NA,NA,NA,NA,NA,NA,NA,NA,NA,NA,NA,NA,NA,NA,NA,NA,NA,NA,NA,NA,Yes,Yes,Yes,Provided & Relevant,Yes,Received on Time,Yes,NA,NA,NA,NA,NA,NA,NA,NA,NA,Saved,Saved,Successfully Identified as Duplicate,,Pass,No Defect,,NIL,"2 hours disclaimer is seen. Received the answer (19/06/2026, 22:33)",,,,
TL-1345,2026-06-18,Dhaarani S,Unique,0.1,NIL,WhatsApp,English,1f16ada0-5d9b-6f47-8028-a1b7ea78dbc3,"What are the symptoms of fertilizer toxicity in tomato crops, and how can I manage damage caused by excessive fertilizer application?",Soil Health and Nutrient Management,11:23:25,"20/06/2026,   07:33 AM",#VALUE!,SLA Breached,Yes,Well Framed,English,English,Correct,NA,NA,NA,Jayashree N,NA,NA,NA,NA,NA,NA,NA,NA,NA,NA,NA,NA,NA,NA,NA,NA,NA,NA,NA,NA,NA,NA,NA,NA,NA,NA,NA,NA,Yes,Yes,Yes,Provided & Relevant,Yes,Received on Time,Yes,NA,NA,NA,NA,NA,NA,NA,NA,NA,Saved,Saved,Successfully Identified as Duplicate,,Pass,No Defect,,NIL,2 hours disclaimer is seen. Received the answer.,,,,
TL-1346,2026-06-18,Dhaarani S,Unique,0.1,NIL,WhatsApp,English,1f16ada8-3fce-6d01-802f-3ff63966aa57,"How can I manage excessive water or waterlogging in my tomato crop, and what are the potential risks to the plants?",Irrigation and Water Management,11:26:57,"19/06/2026,   11:25",#VALUE!,SLA Breached,Yes,Well Framed,English,English,Correct,NA,NA,NA,Sapanpreet Kaur,NA,NA,NA,NA,NA,NA,NA,NA,NA,NA,NA,NA,NA,NA,NA,NA,NA,NA,NA,NA,NA,NA,NA,NA,NA,NA,NA,NA,Yes,Yes,Yes,Provided & Relevant,Yes,Received on Time,Yes,NA,NA,NA,NA,NA,NA,NA,NA,NA,Saved,Saved,Successfully Identified as Duplicate,,Pass,No Defect,,NIL,2 hours disclaimer is seen. Received the answer no issues good to go,,,,
TL-1347,2026-06-18,Dhaarani S,Unique,0.1,NIL,WhatsApp,English,1f16adc0-28f3-6700-8036-24740693dfdd,"Which companies provide drip irrigation systems for tomato cultivation, and what are the key considerations for selecting a system?",Irrigation and Water Management,11:37:39,"19/06/2026,   22:34",#VALUE!,SLA Breached,Yes,Well Framed,English,English,Correct,NA,NA,NA,Ravindra Prasad,NA,NA,NA,NA,NA,NA,NA,NA,NA,NA,NA,NA,NA,NA,NA,NA,NA,NA,NA,NA,NA,NA,NA,NA,NA,NA,NA,NA,Yes,Yes,Yes,Provided & Relevant,Yes,Received on Time,Yes,NA,NA,NA,NA,NA,NA,NA,NA,NA,Saved,Saved,Successfully Identified as Duplicate,,Pass,No Defect,,NIL,2 hours disclaimer is seen. Received the answer good to go,,,,
TL-1348,2026-06-18,Dhaarani S,Unique,0.1,NIL,WhatsApp,English,1f16add4-a5e3-6537-803d-6b46fcd5d207,After how many days of weedicides spraying can sowing be done?,Weed Management,11:46:49,"20/06/2026,   07:55",#VALUE!,SLA Breached,Yes,Well Framed,English,English,Correct,NA,NA,NA,Gontyala Veena,NA,NA,NA,NA,NA,NA,NA,NA,NA,NA,NA,NA,NA,NA,NA,NA,NA,NA,NA,NA,NA,NA,NA,NA,NA,NA,NA,NA,Yes,Yes,Yes,Provided & Relevant,Yes,Received on Time,Yes,NA,NA,NA,NA,NA,NA,NA,NA,NA,Saved,Saved,Successfully Identified as Duplicate,,Pass,No Defect,,NIL,2 hours disclaimer is seen. Received the answer. Good to go,,,,
TL-1349,2026-06-18,Dhaarani S,Unique,0.1,NIL,WhatsApp,English,1f16ade8-4090-6cb1-8044-0e2ff289fca4,What are the best practices for plant protection and preventing fruit drop in tomato cultivation?,Plant protection,11:55:35,"19/06/2026,   23:08",#VALUE!,SLA Breached,Yes,Well Framed,English,English,Correct,NA,NA,NA,Sapanpreet Kaur,NA,NA,NA,NA,NA,NA,NA,NA,NA,NA,NA,NA,NA,NA,NA,NA,NA,NA,NA,NA,NA,NA,NA,NA,NA,NA,NA,NA,Yes,Yes,Yes,Provided & Relevant,Yes,Received on Time,Yes,NA,NA,NA,NA,NA,NA,NA,NA,NA,Saved,Saved,Successfully Identified as Duplicate,,Pass,No Defect,,NIL,2 hours disclaimer is seen. Received the answer. Good to go,,,,
TL-1350,2026-06-18,Dhaarani S,Unique,0.1,NIL,WhatsApp,English,1f16adee-15f4-6405-804b-151b13726777,What are the recommended uses and application methods for Indoxacarb 145 SC and Acetamiprid 77 WG in tomato cultivation?,Plant protection,11:58:12,"19/06/2026,   23:31",#VALUE!,SLA Breached,Yes,Well Framed,English,English,Correct,NA,NA,NA,Pallavi J P,NA,NA,NA,NA,NA,NA,NA,NA,NA,NA,NA,NA,NA,NA,NA,NA,NA,NA,NA,NA,NA,NA,NA,NA,NA,NA,NA,NA,Yes,Yes,Yes,Provided & Relevant,Yes,Received on Time,Yes,NA,NA,NA,NA,NA,NA,NA,NA,NA,Saved,Saved,Successfully Identified as Duplicate,,Pass,No Defect,,NIL,2 hours disclaimer is seen. Received the answer. Good to go,,,,
TL-1406,2026-06-18,T. Vishnu Vardhan,gdb,0.1,NIL,Web App,English,"1f16b3ad-0771-6dd3-8005-b9e448a79551
",Which herbicides are used in paddy?,Weed Management,22:56:00,22:56:03,0.1,Within SLA,Successfully Identified as Duplicate,Well Framed,English,English,Correct,NIL,Correctly Tagged as Duplicate,NO,Soumya R,NA,NA,NA,NA,NA,NA,NA,NA,NA,NA,NA,NA,NA,NA,NA,NA,NA,NA,NA,NA,NA,NA,NA,NA,NA,NA,NA,Successfully Identified as Duplicate/Dynamic,Yes,Yes,Yes,Provided & Relevant,Yes,Received on Time,Yes,Yes,Yes,Yes,Clear,Clear,NIL,NA,NA,NA,Yes,Saved,Successfully Identified as Duplicate,NA,Pass,No Defect,,NIL,"GDB question, successfulyl idnetified as duplicate.",Expected Output,,,
TL-1407,2026-06-18,T. Vishnu Vardhan,gdb,0.1,NIL,WhatsApp,English,"1f16b33c-8d23-606b-802f-4a6cce122030
","Immature nut fall in coconut, how can I manage this issue in Wayanad, Kerala?",Plant protection,22:04:00,22:04:00,0.0,Within SLA,Successfully Identified as Duplicate,Well Framed,English,English,Correct,NIL,Correctly Tagged as Duplicate,NO,Khaja Suhaib,NA,NA,NA,NA,NA,NA,NA,NA,NA,NA,NA,NA,NA,NA,NA,NA,NA,NA,NA,NA,NA,NA,NA,NA,NA,NA,NA,Successfully Identified as Duplicate/Dynamic,Yes,Yes,Yes,Provided & Relevant,Yes,Received on Time,Yes,Yes,Yes,Yes,Clear,Clear,NIL,NA,NA,NA,Yes,Saved,Successfully Identified as Duplicate,NA,Pass,Low,,NIL,"GDB question, Recived answer with in 4 seconds (10:06 PM), but also recived similar answer with other authour name 10:58 PM",Anomaly Found in Output,,,
TL-1409,2026-06-19,K. Deni Sudha,GDB,0.1,NIL,Web App,English,1f16b7e9-4056-6e0f-8005-99d585b6106a,Which is the best seed variety for paddy in Karnataka?,Seed and Variety Selection,07:01:00,07:01:21,0.3,Within SLA,Successfully Identified as Duplicate,Well Framed,English,English,Correct,NIL,Correctly Tagged as Duplicate,,C.Sai Durga,NA,NA,NA,NA,NA,NA,NA,NA,NA,NA,NA,NA,NA,NA,NA,NA,NA,NA,NA,NA,NA,NA,NA,NA,NA,NA,NA,Successfully Identified as Duplicate/Dynamic,Yes,Yes,Yes,Provided & Relevant,,NA,NA,NA,Yes,Yes,Clear,Clear,NIL,NA,NA,NA,Yes,Saved,Successfully Identified as Duplicate,,Pass,No Defect,,NIL,,Expected Output,,,
TL-1410,2026-06-19,K. Deni Sudha,GDB,0.1,NIL,Web App,English,1f16b7f3-4939-652f-8005-d41f373f6f47,Which fertilizer should I apply for radish crop in my field? I am in Punjab.,Soil Health and Nutrient Management,07:05:00,07:05:51,0.8,Within SLA,Successfully Identified as Duplicate,Well Framed,English,English,Correct,NIL,Correctly Tagged as Duplicate,,Pallavi J P,NA,NA,NA,NA,NA,NA,NA,NA,NA,NA,NA,NA,NA,NA,NA,NA,NA,NA,NA,NA,NA,NA,NA,NA,NA,NA,NA,Successfully Identified as Duplicate/Dynamic,Yes,Yes,Yes,Provided & Relevant,,NA,NA,NA,Yes,Yes,Clear,Clear,NIL,NA,NA,NA,Yes,Saved,Successfully Identified as Duplicate,,Pass,No Defect,,NIL,,Expected Output,,,
TL-1417,2026-06-19,K. Deni Sudha,Unique ,0.1,NIL,WhatsApp,English,1f16b9b8-d765-633a-802f-60df860f73ef,What are the causes and management strategies for the curling and crinkling of onion leaves in Andhra Pradesh?,Plant protection,"6/19/2026, 10:22:00 AM","6/20/2026, 8:17:34 PM",2035.6,SLA Breached,Yes,Well Framed,English,English,Correct,NIL,NA,Yes,Bisen,NA,NA,NA,NA,NA,NA,NA,NA,NA,NA,NA,NA,NA,NA,NA,NA,NA,NA,NA,NA,NA,NA,NA,NA,NA,NA,NA,NA,Yes,Yes,Yes,Provided & Relevant,Yes,Not Received,NA,NA,NA,NA,NA,NA,NIL,NA,NA,NA,Saved,Saved,Successfully Identified as Duplicate,Yes,Pass,No Defect,,NIL,2 hours disclaimer.Received answer next day.,Expected Output,,,
TL-1424,2026-06-19,Ithagani Shireesha,Unique ,0.1,NIL,Web App,English,1f16b94c-16e9-6bfd-8028-a6a9c43ae692,What are the best practices for effective onion nursery management to ensure healthy seedlings in Andhra Pradesh?,Seed and Variety Selection,09:14:00,07:16:31,-117.5,SLA Breached,Yes,Well Framed,English,English,Correct,NIL,Correctly Tagged as Duplicate,Yes,NA,NA,NA,NA,NA,NA,NA,NA,NA,NA,NA,NA,NA,NA,NA,NA,NA,NA,NA,NA,NA,NA,NA,NA,NA,NA,NA,NA,Yes,Yes,Yes,Yes,Provided and relevant,NA,Not Received,NA,NA,Yes,Yes,Clear,Clear,NIL,NA,NA,NA,Yes,Saved,Successfully Identified as Duplicate,NA,Pass,High,,NIL,NIL,Expected Output,Anomaly Found in Output,,
TL-1425,2026-06-19,Ithagani Shireesha,Unique ,0.1,NIL,Web App,English,1f16b916-1b0e-663d-8005-dbb58952441c,What is the recommended dosage and schedule for applying top-dressing fertilizers in an onion crop in Andhra Pradesh?,Soil Health and Nutrient Management,09:15:00,04:13:11,-301.8,SLA Breached,Yes,Well Framed,English,English,Correct,NIL,Correctly Tagged as Duplicate,Yes,Yes,NA,NA,NA,NA,NA,NA,NA,NA,NA,NA,NA,NA,NA,NA,NA,NA,NA,NA,NA,NA,NA,NA,NA,NA,NA,NA,NA,Yes,Yes,Yes,Yes,Provided and relevant,NA,Not Received,No,No,Yes,Yes,Clear,Clear,NIL,NA,NA,NA,Yes,Saved,Successfully Identified as Duplicate,NA,partial,High,,NIL,"I have this question at 9:15 on 19-06-2026, in webapplication and review system author was not matching at 9:15 it was assigned to sanjay but it webapplication the author is ravinder.",,,,
TL-1428,2026-06-19,Ithagani Shireesha,Unique ,0.1,NIL,Web App,English,1f16b942-7d75-6ba7-8005-94450499ab9b,What are the effective management strategies and control measures for managing rot diseases in onion crops in Andhra Pradesh?,Disease Management,09:35:00,17:24:27,469.5,SLA Breached,Yes,Well Framed,English,English,Correct,NIL,Correctly Tagged as Duplicate,YES,Yes,NA,NA,NA,NA,NA,NA,NA,NA,NA,NA,NA,NA,NA,NA,NA,NA,NA,NA,NA,NA,NA,NA,NA,NA,NA,NA,NA,Yes,Yes,Yes,No,Provided and relevant,NA,Not Received,No,No,Yes,Yes,Clear,Clear,NIL,NA,NA,NA,Yes,Saved,Successfully Identified as Duplicate,NA,Pass,Critical,,NIL,NIL,Expected Output,,,
TL-1431,2026-06-19,Ithagani Shireesha,Unique ,0.1,NIL,Web App,English,1f16b969-5203-6d6a-8005-6862e90220cd,What are the best practices and technical methods for the post-harvest storage of onions to prevent spoilage in Andhra Pradesh?,Post-Harvest Management and Storage,09:53:00,22:29:16,756.3,SLA Breached,Yes,Well Framed,English,English,Correct,NIL,Correctly Tagged as Duplicate,Yes,Sharmila S,NA,NA,NA,NA,NA,NA,NA,NA,NA,NA,NA,NA,NA,NA,NA,NA,NA,NA,NA,NA,NA,NA,NA,NA,NA,NA,NA,Yes,Yes,Yes,Yes,provided and relevant,NA,Not Received,NA,NA,Yes,Yes,CLEAR,Clear,NIL,NA,NA,NA,Yes,Saved,Successfully Identified as Duplicate,NA,Pass,Crtical,,NIL,Nil,Expected Output,,,
TL-1432,2026-06-19,Ithagani Shireesha,Unique ,0.1,NIL,Web App,English,1f16b96d-06f9-6fb2-8005-926c22c617ae,"What are the causes, symptoms, and management strategies for silver shoot disease in onion crops in Andhra Pradesh?",Insect–Pest Management,09:54:00,23:25:57,812.0,SLA Breached,Yes,Well Framed,English,English,Correct,NIL,Correctly Tagged as Duplicate,YES,Neelima M B,NA,NA,NA,NA,NA,NA,NA,NA,NA,NA,NA,NA,NA,NA,NA,NA,NA,NA,NA,NA,NA,NA,NA,NA,NA,NA,NA,Yes,Yes,Yes,Yes,provided and relevant,NA,Not Received,NA,NA,Yes,Yes,Claear,Clear,NIL,NA,NA,NA,Yes,Saved,Successfully Identified as Duplicate,NA,Pass,High,,NIL,NIL,Expected Output,,,
TL-1433,2026-06-19,Ithagani Shireesha,Unique ,0.1,NIL,Web App,English,1f16b973-1d8e-6a1b-8005-6fdee9c0c911,What are the causes and management strategies for purple discoloration and spotting on onion leaves in Andhra Pradesh?,Soil Health and Nutrient Management,09:57:00,22:31:52,754.9,SLA Breached,Yes,Well Framed,English,English,Correct,NIL,Correctly Tagged as Duplicate,YES,Dev Jagdishbhai Bhutiya,NA,NA,NA,NA,NA,NA,NA,NA,NA,NA,NA,NA,NA,NA,NA,NA,NA,NA,NA,NA,NA,NA,NA,NA,NA,NA,NA,Yes,Yes,Yes,Yes,provided and relevant,NA,Not Received,NA,NA,Yes,Yes,CLEAR,Clear,NIL,NA,NA,NA,Yes,Saved,Successfully Identified as Duplicate,NA,Pass,High,,NIL,NIL,Expected Output,,,
TL-1435,2026-06-19,Ithagani Shireesha,Unique ,0.1,NIL,Web App,English,1f16b977-81a5-65f0-8005-eb2347163d46,What is the correct application method and dosage for using Propineb 70% WP to control fungal diseases in onion crops in Andhra Pradesh?,Disease Management,09:59:00,18:42:25,523.4,SLA Breached,Yes,Well Framed,English,English,Correct,NIL,Correctly Tagged as Duplicate,Yes,Sanjay Choudhary,NA,NA,NA,NA,NA,NA,NA,NA,NA,NA,NA,NA,NA,NA,NA,NA,NA,NA,NA,NA,NA,NA,NA,NA,NA,NA,NA,Yes,Yes,Yes,Yes,Provident and relevant,NA,Not Received,NA,NA,Yes,Yes,clear,Clear,NIL,NA,NA,NA,Yes,Saved,Successfully Identified as Duplicate,NA,Pass,High,,NIL,NIL,Expected Output,,,
TL-1436,2026-06-19,Ithagani Shireesha,Unique ,0.1,NIL,Web App,English,1f16b979-9c45-6564-8005-8b4dac5c300c,What is the recommended dosage and application method for Thiamethoxam in onion cultivation to control sucking pests in Andhra Pradesh?,Insect–Pest Management,10:00:00,06:52:54,-187.1,SLA Breached,Yes,Well Framed,English,English,Correct,NIL,Correctly Tagged as Duplicate,Yes,Soumya R,NA,NA,NA,NA,NA,NA,NA,NA,NA,NA,NA,NA,NA,NA,NA,NA,NA,NA,NA,NA,NA,NA,NA,NA,NA,NA,NA,Yes,Yes,Yes,Yes,Provident and relevant,NA,Not Received,NA,NA,Yes,Yes,clear,Clear,NIL,NA,NA,NA,Yes,Saved,Successfully Identified as Duplicate,NA,Pass,High,,NIL,NIL,Expected Output,,,
TL-1438,2026-06-19,Ithagani Shireesha,GDB,0.1,NIL,Web App,English,1f16b983-e12e-69cc-8005-0cf608f7b1a9,How can sugarcane growers in Uttar Pradesh manage red rot disease and early shoot borer effectively?,Disease Management,10:05:00,11:47:00,102.0,Within SLA,Yes,Well Framed,English,English,Correct,NIL,Correctly Tagged as Duplicate,NA,NA,NA,NA,NA,NA,NA,NA,NA,NA,NA,NA,NA,NA,NA,NA,NA,NA,NA,NA,NA,NA,NA,NA,NA,NA,NA,NA,NA,Yes,Yes,Yes,Yes,Provided and relevant,NA,Not Received,NA,NA,Yes,Yes,Clear,Clear,NIL,NA,NA,NA,Yes,Saved,Successfully Identified as Duplicate,NA,Pass,High,,NIL,NIL,Expected Output,,,
TL-1439,2026-06-19,Ithagani Shireesha,GDB,0.1,NIL,WhatsApp,English,1f16bae7-eb51-646b-8030-f640a02c40f4,Asked about Foliar spray for Chilli plant in Tamil Nadu?,Soil Health and Nutrient Management,11:57:00,12:44:21,47.4,Within SLA,Yes,Well Framed,English,English,Correct,NIL,NA,NA,NA,NA,NA,NA,NA,NA,NA,NA,NA,NA,NA,NA,NA,NA,NA,NA,NA,NA,NA,NA,NA,NA,NA,NA,NA,NA,NA,NA,NA,Yes,Yes,Yes,Provided and relevant,NA,NA,NA,NA,Yes,Yes,Clear,Clear,NIL,NA,NA,NA,Saved,Saved,Successfully Identified as Duplicate,Yes,Pass,High,,NIL,NIL,,,,
TL-1440,2026-06-19,Lavanya Mathialagan,Unique,0.1,NIL,WhatsApp,English,1f16b942-0562-64a8-8032-43432a07e673,What are the effective management strategies for controlling Cutworms in onion crops in Andhra Pradesh?,Insect–Pest Management,09:35:00,"
21/6/2026, 6:38:48 am","45 hours, 3 minutes, and 48 seconds",SLA Breached,Yes,Well Framed,English,English,Correct,NIL,NA,Yes,Sanjay Choudhary,NA,NA,NA,NA,NA,NA,NA,NA,NA,NA,NA,NA,NA,NA,NA,NA,NA,NA,NA,NA,NA,NA,NA,NA,NA,NA,NA,NA,Yes,Yes,Yes,Provided and relevant,Yes,Received on Time,NA,NA,NA,NA,NA,NA,NA,NA,NA,NA,Saved,Saved,Successfully Identified as Duplicate,NA,Pass,No Defect,,NIL,2 hours disclaimer is seen. answer received after 45 hours,Expected Output,,,
TL-1441,2026-06-19,Lavanya Mathialagan,Unique,0.1,NIL,WhatsApp,English,1f16b968-1d41-6315-803a-c2bab8d9aa82,What are the best practices for selecting and preparing onion seeds for successful cultivation in Andhra Pradesh?,Seed and Variety Selection,09:52:00,"20/6/2026, 7:39:34 pm","33 hours, 47 minutes, and 34 seconds",SLA Breached,Yes,Well Framed,English,English,Correct,NIL,NA,Yes,Varsha Shekhar,NA,NA,NA,NA,NA,NA,NA,NA,NA,NA,NA,NA,NA,NA,NA,NA,NA,NA,NA,NA,NA,NA,NA,NA,NA,NA,NA,NA,Yes,Yes,Yes,Provided and relevant,Yes,Received on Time,NA,NA,NA,NA,NA,NA,NA,NA,NA,NA,Saved,Saved,Successfully Identified as Duplicate,NA,Pass,No Defect,,NIL,2 hours disclaimer is seen. Answer received after 1 day,Expected Output,,,
TL-1443,2026-06-19,Lavanya Mathialagan,Unique,0.1,NIL,WhatsApp,English,1f16b991-283e-6e04-8048-812d2880c5ad,What are the effective management strategies for controlling onion borers in onion crops in Andhra Pradesh,Insect–Pest Management,10:11:00,"21/6/2026, 7:04:18 am","44 hours, 54 minutes, and 18 seconds",SLA Breached,Yes,Well Framed,English,English,Correct,NIL,NA,Yes,B. Sasidhar,NA,NA,NA,NA,NA,NA,NA,NA,NA,NA,NA,NA,NA,NA,NA,NA,NA,NA,NA,NA,NA,NA,NA,NA,NA,NA,NA,NA,Yes,Yes,Yes,Provided and relevant,Yes,Received on Time,NA,NA,NA,NA,NA,NA,NA,NA,NA,NA,Saved,Saved,Successfully Identified as Duplicate,NA,Pass,No Defect,,NIL,2 hours disclaimer is seen. Answer received after 44hours,Expected Output,,,
TL-1444,2026-06-19,Lavanya Mathialagan,Unique,0.1,NIL,WhatsApp,English,1f16b99d-f358-6b3a-8013-993fdce7265a,What are the best agronomic practices and nutrient management strategies to increase the bulb size of onion crops in Andhra Pradesh?,Soil Health and Nutrient Management,10:13:00,"
21/6/2026, 8:55:43 am","46 hours, 42 minutes, and 43 seconds",SLA Breached,Yes,Well Framed,English,English,Correct,NIL,NA,Yes,Sippora Nandam,NA,NA,NA,NA,NA,NA,NA,NA,NA,NA,NA,NA,NA,NA,NA,NA,NA,NA,NA,NA,NA,NA,NA,NA,NA,NA,NA,NA,Yes,Yes,Yes,Provided and relevant,Yes,Received on Time,NA,NA,NA,NA,NA,NA,NA,NA,NA,NA,Saved,Saved,Successfully Identified as Duplicate,NA,Pass,No Defect,,NIL,2 hours disclaimer is seen. Answer received after 46 hours,Expected Output,,,
TL-1445,2026-06-19,Lavanya Mathialagan,Unique,0.1,Ye,WhatsApp,English,1f16ba14-90ad-6d56-8056-46a450ba5421,What is the recommended dosage and application method for Farm Yard Manure (FYM) in onion cultivation in Andhra Pradesh?,Soil Health and Nutrient Management,11:09:00,"21/6/2026, 6:15:26 am","43 hours, 6 minutes, and 26 seconds",SLA Breached,Yes,Well Framed,English,English,Correct,NIL,NA,Yes,Yash Praveen Khot,NA,NA,NA,NA,NA,NA,NA,NA,NA,NA,NA,NA,NA,NA,NA,NA,NA,NA,NA,NA,NA,NA,NA,NA,NA,NA,NA,,Yes,Yes,Yes,Provided and relevant,Yes,Received on Time,NA,NA,NA,NA,NA,NA,NA,NA,NA,NA,Saved,Saved,Successfully Identified as Duplicate,NA,Pass,No Defect,,NIL,2 hours disclaimer is seen. Answer received after 43 hours,Expected Output,,,
TL-1446,2026-06-19,Lavanya Mathialagan,Unique,0.1,NIL,WhatsApp,English,1f16ba18-4154-6849-805d-821739a81e0d,"Are red soils suitable for onion cultivation, and what are the necessary management practices in Andhra Pradesh?",Soil Testing,11:11:00,"21/6/2026, 8:33:35 am","45 hours, 22 minutes, and 35 seconds",SLA Breached,Yes,Well Framed,English,English,Correct,NIL,NA,Yes,Lakshmi Aravind,NA,NA,NA,NA,NA,NA,NA,NA,NA,NA,NA,NA,NA,NA,NA,NA,NA,NA,NA,NA,NA,NA,NA,NA,NA,NA,NA,NA,Yes,Yes,Yes,Provided and relevant,Yes,Received on Time,NA,NA,NA,NA,NA,NA,NA,NA,NA,NA,Saved,Saved,Successfully Identified as Duplicate,NA,Pass,No Defect,,NIL,2 hours disclaimer is seen. Answer received after 45 hours,Expected Output,,,
TL-1447,2026-06-19,Lavanya Mathialagan,Unique,0.1,NIL,WhatsApp,English,1f16ba23-a943-6b3e-8064-3177c11d74c8,What are the effective management strategies for controlling earwigs in onion crops in Andhra Pradesh?,Insect–Pest Management,11:16:00,"
21/6/2026, 8:01:18 am","44 hours, 45 minutes, and 18 seconds",SLA Breached,Yes,Well Framed,English,English,Correct,NIL,NA,Yes,Neelima M B,NA,NA,NA,NA,NA,NA,NA,NA,NA,NA,NA,NA,NA,NA,NA,NA,NA,NA,NA,NA,NA,NA,NA,NA,NA,NA,NA,NA,Yes,Yes,Yes,Provided and relevant,Yes,Received on Time,NA,NA,NA,NA,NA,NA,NA,NA,NA,NA,Saved,Saved,Successfully Identified as Duplicate,NA,Pass,No Defect,,NIL,2 hours disclaimer is seen. answer received after 44 hours,Expected Output,,,
TL-1448,2026-06-19,Lavanya Mathialagan,Unique,0.1,NIL,WhatsApp,English,1f16ba32-2b03-60bc-806b-b3f18ea20dd1,How can I identify and manage nematode infestations in my onion crop in Andhra Pradesh?,Plant protection,11:22:00,"21/6/2026, 7:53:17 am","44 hours, 31 minutes, and 17 seconds",SLA Breached,Yes,Well Framed,English,English,Correct,NIL,NA,Yes,Suresh Bhardwaj,NA,NA,NA,NA,NA,NA,NA,NA,NA,NA,NA,NA,NA,NA,NA,NA,NA,NA,NA,NA,NA,NA,NA,NA,NA,NA,NA,NA,Yes,Yes,Yes,Provided and relevant,Yes,Received on Time,NA,NA,NA,NA,NA,NA,NA,NA,NA,NA,Saved,Saved,Successfully Identified as Duplicate,NA,Pass,No Defect,,NIL,2 hours disclaimer is seen. Answer received after 44 hours,Expected Output,,,
TL-1450,2026-06-19,Dhaarani S,Unique,0.1,NIL,Web App,English,1f16b969-2ad8-6973-8005-c72751f4edb6,"What are the symptoms of Magnesium (Mg) deficiency in onion crops, and how can it be managed in Andhra Pradesh?",Soil Health and Nutrient Management,09:53:07,"6/22/2026, 11:13:33 PM",66521600.4,SLA Breached,Yes,Well Framed,English,English,Correct,NA,NA,Yes,Lakshmi Aravind,"6/19/2026, 10:05:04 AM","6/19/2026, 10:43:33 AM",38m 29s,Sapanpreet Kaur,"6/20/2026, 5:02:04 PM","6/20/2026, 5:11:04 PM",9m 0s,Mariselvi,"6/20/2026, 5:11:04 PM","6/20/2026, 5:33:04 PM",21m 59s,Pallavi J P,"6/20/2026, 5:33:04 PM","6/20/2026, 6:12:32 PM",39m 27s,NA,NA,NA,NA,NA,NA,NA,NA,Khaja Suhaib,"6/20/2026, 6:12:32 PM","6/20/2026, 7:01:08 PM",48 minutes 36 seconds 635 ms,NA,Yes,Yes,Yes,Provided and relevant,Yes,Not Received,NA,NA,Yes,Yes,Clear,Clear,NA,NA,NA,NA,Saved,Saved,Successfully Identified as Duplicate,NA,Pass,No Defect,,NIL,2 hours disclaimer is seen. Regenerate to get the answer. SLA Breached (22/06/2026).,Expected Output,,,
TL-1451,2026-06-19,Dhaarani S,Uniuqe,0.1,NIL,Web App,English,1f16b986-aade-60d1-8005-94b4e8d76e56,What are the causes and recommended management practices for dieback in onion crops in Andhra Pradesh?,Disease Management,10:06:19,"6/21/2026, 6:37:00 AM",66519150.7,SLA Breached,Yes,Well Framed,English,English,Correct,NA,NA,Yes,Sanjay Choudhary,"6/19/2026, 10:20:04 AM","6/19/2026, 11:59:26 AM",1h 39m 21s,Atheshwar,"6/20/2026, 6:26:05 PM","6/20/2026, 6:44:05 PM",17m 59s,Gontyala Veena,"6/20/2026, 6:44:05 PM","6/20/2026, 7:14:04 PM",29m 58s,Sugyani Kar,"6/20/2026, 7:14:04 PM","6/20/2026, 7:42:18 PM",28m 14s,NA,NA,NA,NA,NA,NA,NA,NA,Salim Sahaji,"6/20/2026, 7:42:18 PM","6/21/2026, 6:37:57 AM",10 hours 55 minutes 38 seconds 848 ms,NA,Yes,Yes,Yes,Provided and relevant,Yes,Not Received,NA,NA,Yes,Yes,Clear,Clear,NA,NA,NA,NA,Saved,Saved,Successfully Identified as Duplicate,NA,Pass,No Defect,,NIL,2 hours disclaimer is seen. Regenerate to get the answer. SLA Breached (22/06/2026).,Expected Output,,,
TL-1452,19-06-206,Dhaarani S,Unique,0.1,NIL,Web App,English,1f16b998-1eb9-6f28-8005-ccba7423b68c,"What are the symptoms, causes, and management strategies for Onion Blast disease in Andhra Pradesh?",Disease Management,10:14:07,"6/22/2026, 11:43:41 PM",66521609.6,SLA Breached,Yes,Well Framed,English,English,Correct,NA,NA,Yes,Varsha Shekhar,"6/19/2026, 10:29:04 AM","6/19/2026, 10:51:49 AM",22m 44s,Sapanpreet Kaur,"6/20/2026, 6:42:09 PM","6/20/2026, 6:55:04 PM",12m 55s,Aditi Dhadwal,"6/20/2026, 6:55:04 PM","6/20/2026, 7:10:04 PM",15m 0s,Rajwant Kaur,"6/20/2026, 7:10:04 PM","6/20/2026, 7:22:00 PM",11m 55s,NA,NA,NA,NA,NA,NA,NA,NA,Salim Sahaji,"6/20/2026, 7:22:00 PM","6/21/2026, 12:06:44 PM",16 hours 44 minutes 43 seconds 878 ms,NA,Yes,Yes,Yes,Provided and relevant,Yes,Not Received,NA,NA,Yes,Yes,Clear,Clear,NA,NA,NA,NA,Saved,Saved,Successfully Identified as Duplicate,NA,Pass,No Defect,,NIL,2 hours disclaimer is seen. Regenerate to get the answer. SLA Breached (22/06/2026).,Expected Output,,,
TL-1453,2026-06-19,Dhaarani S,Unique,0.1,NIL,Web App,English,1f16b9aa-52be-6504-8005-af056ccb9f3c,Which fungicides should be applied to manage fungal diseases in onion nurseries in Andhra Pradesh?,Disease Management,10:22:16,"Jun 21, 2026, 6:24 PM",66519841.7,SLA Breached,Yes,Well Framed,English,English,Correct,NA,NA,Yes,Lakshmi Aravind,"6/19/2026, 10:44:04 AM","6/19/2026, 11:19:21 AM",35m 17s,Sapanpreet Kaur,"6/20/2026, 7:10:04 PM","6/20/2026, 7:23:06 PM",13m 1s,Rajwant Kaur,"6/20/2026, 7:23:06 PM","6/20/2026, 7:32:05 PM",8m 59s,Vinay,"6/20/2026, 7:32:05 PM","6/20/2026, 8:03:26 PM",31m 20s,NA,NA,NA,NA,NA,NA,NA,NA,Divyadarshni K,"6/20/2026, 8:03:26 PM","6/21/2026, 6:24:52 PM",22 hours 21 minutes 26 seconds 315 ms,NA,Yes,Yes,Yes,Provided and relevant,Yes,Not Received,NA,NA,Yes,Yes,Clear,Clear,NA,NA,NA,NA,Saved,Saved,Successfully Identified as Duplicate,NA,Pass,No Defect,,NIL,2 hours disclaimer is seen. Regenerate to get the answer. SLA Breached (22/06/2026).,Expected Output,,,
TL-1454,2026-06-19,Dhaarani S,Unique,0.1,NIL,Web App,English,1f16b9af-777d-6478-8005-ac3eae49fbcd,How can I identify and manage root borer infestations in onion crops in Andhra Pradesh?,Insect–Pest Management,10:24:34,"Jun 21, 2026, 6:08 PM",66519823.4,SLA Breached,Yes,Well Framed,English,English,Correct,NA,NA,Yes,Anil Kumar,"6/19/2026, 10:47:04 AM",,45m 27s,Atheshwar,"6/20/2026, 7:34:04 PM","6/20/2026, 7:57:04 PM",22m 59s,Mariselvi,"6/20/2026, 7:57:04 PM","6/20/2026, 8:17:04 PM",19m 59s,Sapanpreet Kaur,"6/20/2026, 8:17:04 PM","6/20/2026, 8:24:01 PM",6m 57s,NA,NA,NA,NA,NA,NA,NA,NA,Divyadarshni K,"6/20/2026, 8:24:01 PM","6/21/2026, 6:08:42 PM",21 hours 44 minutes 41 seconds 56 ms,NA,Yes,Yes,Yes,Provided and relevant,Yes,Not Received,NA,NA,Yes,Yes,Clear,Clear,NA,NA,NA,NA,Saved,Saved,Successfully Identified as Duplicate,NA,Pass,No Defect,,NIL,2 hours disclaimer is seen. Regenerate to get the answer. SLA Breached (23/06/2026),Expected Output,,,
TL-1455,2026-06-19,Dhaarani S,Unique,0.1,NIL,Web App,English,1f16b9d2-b433-6ab9-8005-8bccfc8936a6,How can I manage and control Green Insects infestation in onion crops in Andhra Pradesh?,Insect–Pest Management,10:40:20,"Jun 21, 2026, 1:55 PM",66519554.7,SLA Breached,Yes,Well Framed,English,English,Correct,NA,NA,Yes,Sharmila S,"6/19/2026, 11:07:05 AM","6/19/2026, 12:20:19 PM",1h 13m 13s,Sapanpreet Kaur,"6/20/2026, 8:05:04 PM","6/20/2026, 8:21:04 PM",16m 0s,Vinay,"6/20/2026, 8:21:04 PM","6/20/2026, 8:39:04 PM",17m 59s,Atheshwar,"6/20/2026, 8:39:04 PM","6/20/2026, 8:45:50 PM",6m 46s,NA,NA,NA,NA,NA,NA,NA,NA,Salim Sahaji,"6/20/2026, 8:45:50 PM","6/21/2026, 1:49:47 PM",17 hours 3 minutes 56 seconds 660 ms,NA,Yes,Yes,Yes,Provided and relevant,Yes,Not Received,NA,NA,Yes,Yes,Clear,Clear,NA,NA,NA,NA,Saved,Saved,Successfully Identified as Duplicate,NA,Pass,No Defect,,NIL,2 hours disclaimer is seen. Regenerate to get the answer. SLA Breached (23/06/2026),Expected Output,,,
TL-1456,2026-06-19,Dhaarani S,Unique,0.1,NIL,Web App,English,1f16b9e4-12e5-6bf5-8005-de7f1ea9bbde,What are the expected yield characteristics and management practices for the Nasik Red onion variety in Andhra Pradesh?,Seed and Variety Selection,10:48:06,"Jun 20, 2026, 10:47 PM",66518638.9,SLA Breached,Yes,Well Framed,English,English,Correct,NA,NA,Yes,Bisen Nupur Chandrakumar,"6/19/2026, 11:16:06 AM","6/19/2026, 11:52:21 AM",36m 15s,Mariselvi,"6/20/2026, 8:14:04 PM","6/20/2026, 8:46:05 PM",32m 1s,Atheshwar,"6/20/2026, 8:46:05 PM","6/20/2026, 10:18:07 PM",1h 32m 2s,Sapanpreet Kaur,"6/20/2026, 10:18:07 PM","6/20/2026, 10:21:55 PM",3m 47s,NA,NA,NA,NA,NA,NA,NA,NA,Khaja Suhaib,"6/20/2026, 10:21:55 PM","6/20/2026, 10:47:01 PM",25 minutes 5 seconds 868 ms,NA,Yes,Yes,Yes,Provided and relevant,Yes,Not Received,NA,NA,Yes,Yes,Clear,Clear,NA,NA,NA,NA,Saved,Saved,Successfully Identified as Duplicate,NA,Pass,No Defect,,NIL,2 hours disclaimer is seen. Regenerate to get the answer. SLA Breached (23/06/2026),Expected Output,,,
TL-1457,2026-06-19,Dhaarani S,Unique,0.1,NIL,Web App,English,1f16ba0a-dbf8-6418-8005-2260f0581979,What are the most effective methods for managing larval pests in onion crops in Andhra Pradesh?,Insect–Pest Management,11:05:27,"Jun 21, 2026, 6:55 PM",66519829.6,SLA Breached,Yes,Well Framed,English,English,Correct,NA,NA,Yes,Prerna Bharti,"6/19/2026, 11:18:04 AM","6/19/2026, 11:55:14 AM",37m 9s,Rajwant Kaur,"6/20/2026, 8:29:05 PM","6/20/2026, 10:11:05 PM",1h 42m 0s,Pallavi J P,"6/20/2026, 10:11:05 PM","6/21/2026, 2:08:04 PM",15h 56m 58s,Mohammad,"6/21/2026, 2:08:04 PM","6/21/2026, 2:15:19 PM",7m 14s,NA,NA,NA,NA,NA,NA,NA,NA,Divyadarshni K,"6/21/2026, 2:15:19 PM","6/21/2026, 6:55:40 PM",4 hours 40 minutes 21 seconds 270 ms,NA,Yes,Yes,Yes,Provided and relevant,Yes,Not Received,NA,NA,Yes,Yes,Clear,Clear,NA,NA,NA,NA,Saved,Saved,Successfully Identified as Duplicate,NA,Pass,No Defect,,NIL,2 hours disclaimer is seen. Regenerate to get the answer. SLA Breached (23/06/2026),Expected Output,,,
TL-1458,2026-06-19,Dhaarani S,Unique,0.1,NIL,Web App,English,1f16ba1e-87af-6a0f-8005-42bad4a49eba,What are the effective management strategies for controlling Spodoptera (Armyworm) infestations in onion crops in Andhra Pradesh?,Insect–Pest Management,11:14:15,"Jun 21, 2026, 11:27 AM",66519372.8,SLA Breached,Yes,Well Framed,English,English,Correct,NA,NA,Yes,Sippora Nandam,"6/19/2026, 11:22:04 AM","6/19/2026, 1:15:22 PM",1h 53m 17s,Gontyala Veena,"6/20/2026, 8:55:06 PM","6/20/2026, 10:19:04 PM",1h 23m 57s,Aditi Dhadwal,"6/20/2026, 10:19:04 PM","6/20/2026, 10:28:04 PM",9m 0s,Rajwant Kaur,"6/20/2026, 10:28:04 PM","6/20/2026, 10:35:35 PM",7m 31s,NA,NA,NA,NA,NA,NA,NA,NA,Salim Sahaji,"6/20/2026, 10:35:35 PM","6/21/2026, 11:27:15 AM",12 hours 51 minutes 39 seconds 787 ms,NA,Yes,Yes,Yes,Provided and relevant,Yes,Not Received,NA,NA,Yes,Yes,Clear,Clear,NA,NA,NA,NA,Saved,Saved,Successfully Identified as Duplicate,NA,Pass,No Defect,,NIL,2 hours disclaimer is seen. Regenerate to get the answer. SLA Breached (23/06/2026),Expected Output,,,
TL-1459,2026-06-19,Dhaarani S,Unique,0.1,NIL,Web App,English,1f16ba25-69a3-6b51-8005-f3daaabd651b,"What are the symptoms of boron deficiency in onion crops, and how can it be managed effectively in Andhra Pradesh?",Soil Health and Nutrient Management,11:17:20,"Jun 20, 2026, 11:04 PM",66518626.7,SLA Breached,Yes,Well Framed,English,English,Correct,NA,NA,Yes,Anil Kumar,"6/19/2026, 11:33:05 AM","6/19/2026, 12:02:03 PM",28m 57s,Atheshwar,"6/20/2026, 9:08:03 PM","6/20/2026, 10:16:03 PM",1h 7m 59s,Sapanpreet Kaur,"6/20/2026, 10:16:03 PM","6/20/2026, 10:18:05 PM",2m 1s,Gontyala Veena,"6/20/2026, 10:18:05 PM","6/20/2026, 10:37:05 PM",18m 59s,NA,NA,NA,NA,NA,NA,NA,NA,Khaja Suhaib,"6/20/2026, 10:37:05 PM","6/20/2026, 11:04:12 PM",27 minutes 7 seconds 646 ms,NA,Yes,Yes,Yes,Provided and relevant,Yes,Not Received,NA,NA,Yes,Yes,Clear,Clear,NA,NA,NA,NA,Saved,Saved,Successfully Identified as Duplicate,NA,Pass,No Defect,,NIL,2 hours disclaimer is seen. Regenerate to get the answer. SLA Breached (23/06/2026),Expected Output,,,
TL-1478,2026-06-19,Ithagani Shireesha,Dynamic,0.1,NIL,Web App,English,1f16bac0-8b48-68db-8005-18207f1cd408,Will it rain tomorrow?,"Climate, Weather and Stress Management",12:26:00,12:26:44,0.7,Within SLA,Yes,Well Framed,English,Telugu,Correct,NA,NA,,NA,NA,NA,NA,NA,NA,NA,NA,NA,NA,NA,NA,NA,NA,NA,NA,NA,NA,NA,NA,NA,NA,NA,NA,NA,NA,NA,NA,NA,Yes,NA,NA,provided and relevant,NA,NA,NA,NA,Yes,Yes,Clear,Clear,nil,Yes,No,NA,Yes,Saved,Successfully Identified as Duplicate,NA,Pass,High,,NIL,-,,,,
TL-1479,2026-06-19,Ithagani Shireesha,Dynamic,0.1,NIL,Web App,English,1f16bb32-3105-6c70-8010-b6ef805e4b6b,"What is the current weather, should I irrigate my field today?","Climate, Weather and Stress Management",01:17:00,01:17:35,0.6,Within SLA,Yes,Well Framed,English,Telugu,Correct,NA,NA,NA,NA,NA,NA,NA,NA,NA,NA,NA,NA,NA,NA,NA,NA,NA,NA,NA,NA,NA,NA,NA,NA,NA,NA,NA,NA,NA,NA,NA,NA,Yes,NA,NA,provided and relevant,NA,,NA,NA,Yes,Yes,Clear,Clear,nil,Yes,No,NA,Yes,Saved,Successfully Identified as Duplicate,NA,Pass,High,,NIL,-,,,,
TL-1490,2026-06-19,Lavanya Mathialagan,GDB,0.1,NIL,Web App,English,1f16ba56-ae4e-6e25-8005-70aaac29bd7c,Which crops are most suitable for cultivation as a follow-up crop after the paddy harvest? in Andhra Pradesh,Cultural and Crop Management Practices,11:39:00,11:39:23,0.4,Within SLA,Successfully Identified as Duplicate,Well Framed,English,English,Correct,NIL,Correctly Tagged as Duplicate,NA,NA,NA,NA,NA,NA,NA,NA,NA,NA,NA,NA,NA,NA,NA,NA,NA,NA,NA,NA,NA,NA,NA,NA,NA,NA,NA,NA,NA,NA,Yes,Yes,Yes,Provided & Relevant,NA,NA,Successfully Identified as Duplicate,NA,Yes,Yes,Clear,Clear,NIL,NA,NA,NA,duplicate,Duplicate,Successfully Identified as Duplicate,Yes,Pass,No Defect,,NIL,Good to go,,,,
TL-1491,2026-06-19,Lavanya Mathialagan,GDB,0.1,NIL,WhatsApp,English,1f16ba5e-032f-6ff8-8079-b31a9c529418,Which crops are most suitable for cultivation as a follow-up crop after the paddy harvest? in Andhra Pradesh,Cultural and Crop Management Practices,11:42:00,11:42:40,0.7,Within SLA,Successfully Identified as Duplicate,Well Framed,English,English,Correct,NIL,Correctly Tagged as Duplicate,NA,NA,NA,NA,NA,NA,NA,NA,NA,NA,NA,NA,NA,NA,NA,NA,NA,NA,NA,NA,NA,NA,NA,NA,NA,NA,NA,NA,NA,NA,Yes,Yes,Yes,Provided & Relevant,NA,NA,Successfully Identified as Duplicate,NA,NA,NA,NA,NA,NA,NA,NA,NA,duplicate,Duplicate,Successfully Identified as Duplicate,Yes,Pass,No Defect,,NIL,Good to go,,,,
TL-1492,2026-06-19,Lavanya Mathialagan,GDB,0.1,NIL,Web App,English,1f16ba64-6c01-610a-8005-d518de086577,How can I identify and manage mosquito pest damage in my paddy crop? in Andhra Pradesh,Insect–Pest Management,11:45:00,11:45:32,0.5,Within SLA,Successfully Identified as Duplicate,Well Framed,English,English,Correct,NIL,Correctly Tagged as Duplicate,NA,NA,NA,NA,NA,NA,NA,NA,NA,NA,NA,NA,NA,NA,NA,NA,NA,NA,NA,NA,NA,NA,NA,NA,NA,NA,NA,NA,NA,NA,Yes,Yes,Yes,Provided & Relevant,NA,NA,Successfully Identified as Duplicate,NA,Yes,Yes,Clear,Clear,NIL,NA,NA,NA,duplicate,Duplicate,Successfully Identified as Duplicate,Yes,Pass,No Defect,,NIL,Good to go,,,,
TL-1493,2026-06-19,Lavanya Mathialagan,GDB,0.1,NIL,WhatsApp,English,1f16ba64-d184-62cc-8080-1f451193eca2,How can I identify and manage mosquito pest damage in my paddy crop? in Andhra Pradesh,Insect–Pest Management,11:45:00,11:45:42,0.7,Within SLA,Successfully Identified as Duplicate,Well Framed,English,English,Correct,NIL,Correctly Tagged as Duplicate,NA,NA,NA,NA,NA,NA,NA,NA,NA,NA,NA,NA,NA,NA,NA,NA,NA,NA,NA,NA,NA,NA,NA,NA,NA,NA,NA,NA,NA,NA,Yes,Yes,Yes,Provided & Relevant,NA,NA,Successfully Identified as Duplicate,NA,NA,NA,NA,NA,NA,NA,NA,NA,duplicate,Duplicate,Successfully Identified as Duplicate,Yes,Pass,No Defect,,NIL,Good to go,,,,
TL-1503,2026-06-19,Dhaarani S,GDP,0.1,NIL,Web App,English,1f16bb5e-d143-6351-8005-fee2b8dd35aa,"How can I identify and control the ""ear head bug"" (Grain Hopper/Rice Ear Bug) infestation in my paddy crop? in Andhra Pradesh
",Insect–Pest Management,13:37:24,13:37:33,0.2,Within SLA,Yes,Well Framed,English,English,Correct,NA,Correctly Tagged as Duplicate,NA,B Sasidhar,NA,NA,NA,NA,NA,NA,NA,NA,NA,NA,NA,NA,NA,NA,NA,NA,NA,NA,NA,NA,NA,NA,NA,NA,NA,NA,NA,NA,Yes,Yes,Yes,Provided & Relevant,NA,NA,NA,NA,Yes,Yes,Clear,Clear,NA,NA,NA,NA,Saved,Saved,Successfully Identified as Duplicate,Yes,Pass,No Defect,,NIL,Good to go,,,,
TL-1504,2026-06-19,Dhaarani S,GDP,0.1,NIL,WhatsApp,English,1f16bb96-6d06-605b-8013-a6f5dd610717,"How can I identify and control the ""ear head bug"" (Grain Hopper/Rice Ear Bug) infestation in my paddy crop? in Andhra Pradesh
",Insect–Pest Management,14:02:16,14:02:26,0.2,Within SLA,Yes,Well Framed,English,English,Correct,NA,Correctly Tagged as Duplicate,NA,C Sai Durga,NA,NA,NA,NA,NA,NA,NA,NA,NA,NA,NA,NA,NA,NA,NA,NA,NA,NA,NA,NA,NA,NA,NA,NA,NA,NA,NA,NA,Yes,Yes,Yes,Provided & Relevant,NA,NA,NA,NA,NA,NA,NA,NA,NA,NA,NA,NA,Saved,Saved,Successfully Identified as Duplicate,Yes,Pass,No Defect,,NIL,Instead of author's name it shows moderator's name.,,,,
TL-1562,2026-06-20,Lavanya Mathialagan,Unique,0.1,NIL,WhatsApp,English,1f16c6b7-e8c7-6d7e-8049-3f559b63aa28,What are the causes and management strategies for gum oozing from tomato stems and fruits in Andhra Pradesh?,Plant protection,11:17:00,11:17:16,0.3,Within SLA,Yes,Well Framed,English,English,Correct,NIL,Correctly Tagged as Duplicate,NA,NA,NA,NA,NA,NA,NA,NA,NA,NA,NA,NA,NA,NA,NA,NA,NA,NA,NA,NA,NA,NA,NA,NA,NA,NA,NA,NA,NA,NA,Yes,Yes,Successfully Identified as Duplicate,Provided & Relevant,NA,NA,NA,NA,NA,NA,NA,NA,NA,NA,NA,NA,Duplicate,Duplicate,Successfully Identified as Duplicate,Yes,Pass,No Defect,,NIL,Good to go,,,,
TL-1563,2026-06-20,Lavanya Mathialagan,Unique,0.1,NIL,WhatsApp,English,1f16c815-79fa-6a82-807c-0caf72c6337e,What are the causes and management strategies for stunted growth and early dwarfism in tomato plants in Andhra Pradesh?,Plant protection,11:30:00,11.30pm,0.0,Within SLA,Yes,Well Framed,English,English,Correct,NIL,Correctly Tagged as Duplicate,NA,NA,NA,NA,NA,NA,NA,NA,NA,NA,NA,NA,NA,NA,NA,NA,NA,NA,NA,NA,NA,NA,NA,NA,NA,NA,NA,NA,NA,NA,Yes,Yes,Successfully Identified as Duplicate,Provided & Relevant,NA,NA,NA,NA,NA,NA,NA,NA,NA,NA,NA,NA,Duplicate,Duplicate,Successfully Identified as Duplicate,Yes,Pass,No Defect,,NIL,,,,,
TL-1564,2026-06-20,Lavanya Mathialagan,Unique,0.1,NIL,WhatsApp,English,1f16c82b-e08a-63b1-8083-8321c9842f42,Is the tomato plant classified as a monocot or a dicot?,Cultural and Crop Management Practices,14:03:00,14:03:41,0.7,Within SLA,Yes,Well Framed,English,English,Correct,NIL,Correctly Tagged as Duplicate,NA,NA,NA,NA,NA,NA,NA,NA,NA,NA,NA,NA,NA,NA,NA,NA,NA,NA,NA,NA,NA,NA,NA,NA,NA,NA,NA,NA,NA,NA,Yes,Yes,Successfully Identified as Duplicate,Provided & Relevant,NA,NA,NA,NA,NA,NA,NA,NA,NA,NA,NA,NA,Duplicate,Duplicate,Successfully Identified as Duplicate,Yes,Pass,No Defect,,NIL,,,,,
TL-1565,2026-06-20,Lavanya Mathialagan,Unique,0.1,NIL,WhatsApp,English,1f16c82b-e08a-63b1-8083-8321c9842f42,What is the purpose and application of Osheen in tomato cultivation in Andhra Pradesh?,Plant protection,12:14:00,14:03:41,109.7,Within SLA,Yes,Well Framed,English,English,Correct,NIL,Correctly Tagged as Duplicate,NA,NA,NA,NA,NA,NA,NA,NA,NA,NA,NA,NA,NA,NA,NA,NA,NA,NA,NA,NA,NA,NA,NA,NA,NA,NA,NA,NA,NA,NA,Yes,Yes,Successfully Identified as Duplicate,Provided & Relevant,NA,NA,NA,NA,NA,NA,NA,NA,NA,NA,NA,NA,Duplicate,Duplicate,Successfully Identified as Duplicate,Yes,Pass,No Defect,,NIL,,,,,
TL-1567,2026-06-20,Lavanya Mathialagan,Unique,0.1,NIL,WhatsApp,English,1f16c82b-e08a-63b1-8083-8321c9842f42,What are the primary uses and benefits of using waste decomposers in tomato cultivation in Andhra Pradesh?,Organic and Natural Farming,12:20:00,12:21:00,1.0,Within SLA,Yes,Well Framed,English,English,Correct,NIL,Correctly Tagged as Duplicate,NA,NA,NA,NA,NA,NA,NA,NA,NA,NA,NA,NA,NA,NA,NA,NA,NA,NA,NA,NA,NA,NA,NA,NA,NA,NA,NA,NA,NA,NA,Yes,Yes,Successfully Identified as Duplicate,Provided & Relevant,NA,NA,NA,NA,NA,NA,NA,NA,NA,NA,NA,NA,Duplicate,Duplicate,Successfully Identified as Duplicate,Yes,Pass,No Defect,,NIL,,,,,
TL-1568,2026-06-20,Lavanya Mathialagan,Unique,0.1,NIL,WhatsApp,English,1f16c82b-e08a-63b1-8083-8321c9842f42,What is the recommended dosage and application method for Zinc Sulphate in tomato cultivation in Andhra Pradesh?,Soil Health and Nutrient Management,12:28:00,12:28:42,0.7,Within SLA,Yes,Well Framed,English,English,Correct,NIL,Correctly Tagged as Duplicate,NA,NA,NA,NA,NA,NA,NA,NA,NA,NA,NA,NA,NA,NA,NA,NA,NA,NA,NA,NA,NA,NA,NA,NA,NA,NA,NA,NA,NA,NA,Yes,Yes,Successfully Identified as Duplicate,Provided & Relevant,NA,NA,NA,NA,NA,NA,NA,NA,NA,NA,NA,NA,Duplicate,Duplicate,Successfully Identified as Duplicate,Yes,Pass,No Defect,,NIL,,,,,
TL-1569,2026-06-20,Lavanya Mathialagan,Unique,0.1,NIL,WhatsApp,English,1f16c82b-e08a-63b1-8083-8321c9842f42,What is the appropriate method and schedule for applying Calcium Nitrate to tomato crops in Andhra Pradesh?,Soil Health and Nutrient Management,13:38:00,13:39:00,1.0,Within SLA,Yes,Well Framed,English,English,Correct,NIL,Correctly Tagged as Duplicate,NA,NA,NA,NA,NA,NA,NA,NA,NA,NA,NA,NA,NA,NA,NA,NA,NA,NA,NA,NA,NA,NA,NA,NA,NA,NA,NA,NA,NA,NA,Yes,Yes,Successfully Identified as Duplicate,Provided & Relevant,NA,NA,NA,NA,NA,NA,NA,NA,NA,NA,NA,NA,Duplicate,Duplicate,Successfully Identified as Duplicate,Yes,Pass,No Defect,,NIL,,,,,
TL-1570,2026-06-20,Lavanya Mathialagan,Unique,0.1,NIL,WhatsApp,English,1f16c82b-e08a-63b1-8083-8321c9842f42,What are the benefits and application methods for using NPK 0:52:34 fertilizer as a foliar spray in tomato cultivation?,Soil Health and Nutrient Management,13:46:00,13:46:20,0.3,Within SLA,Yes,Well Framed,English,English,Correct,NIL,Correctly Tagged as Duplicate,NA,NA,NA,NA,NA,NA,NA,NA,NA,NA,NA,NA,NA,NA,NA,NA,NA,NA,NA,NA,NA,NA,NA,NA,NA,NA,NA,NA,NA,NA,Yes,Yes,Successfully Identified as Duplicate,Provided & Relevant,NA,NA,NA,NA,NA,NA,NA,NA,NA,NA,NA,NA,Duplicate,Duplicate,Successfully Identified as Duplicate,Yes,Pass,No Defect,,NIL,,,,,
TL-1571,2026-06-20,Lavanya Mathialagan,Unique,0.1,NIL,WhatsApp,English,1f16c82b-e08a-63b1-8083-8321c9842f42,"Is it permissible to mix Potassium Nitrate (13-0-45), a micronutrient complex (Agromin Max), and Borax for application in tomato crops?",Soil Health and Nutrient Management,13:53:00,13:53:00,0.0,Within SLA,Yes,Well Framed,English,English,Correct,NIL,Correctly Tagged as Duplicate,NA,NA,NA,NA,NA,NA,NA,NA,NA,NA,NA,NA,NA,NA,NA,NA,NA,NA,NA,NA,NA,NA,NA,NA,NA,NA,NA,NA,NA,NA,Yes,Yes,Successfully Identified as Duplicate,Provided & Relevant,NA,NA,NA,NA,NA,NA,NA,NA,NA,NA,NA,NA,Duplicate,Duplicate,Successfully Identified as Duplicate,Yes,Pass,No Defect,,NIL,,,,,
TL-1573,2026-06-20,Dhaarani S,Unique,0.1,NIL,Web App,English,1f16e29d-a367-6e6a-8005-04eba21cf89d,What is the recommended dosage and application method for Gibberellic Acid (GA3) in tomato cultivation?,Plant protection,"22/06/2026,  16:32:18","6/22/2026, 4:32:25 PM",#VALUE!,Within SLA,Yes,Well Framed,English,English,Correct,NA,Correctly Tagged as Duplicate,NA,Rajwant Kaur,NA,NA,NA,NA,NA,NA,NA,NA,NA,NA,NA,NA,NA,NA,NA,NA,NA,NA,NA,NA,NA,NA,NA,NA,NA,NA,NA,NA,Yes,Yes,Successfully Identified as Duplicate,Provided & Relevant,NA,NA,NA,NA,No,No,NA,NA,Both input and otuput shows error,NA,NA,NA,Saved,Saved,Successfully Identified as Duplicate,Yes,Pass,No Defect,,NIL,No Issues in the answer. Good to go. But the voice input and output shows error. ,,,,
TL-1574,2026-06-20,Dhaarani S,Unique,0.1,NIL,Web App,English,1f16c7fb-3979-6b8f-8005-0dc2c256aaf1,What is the correct method and procedure for applying fertilizers near the root zone of tomato plants to ensure maximum nutrient uptake?,Soil Health and Nutrient Management,13:41:43,13:41:55,0.2,Within SLA,Yes,Well Framed,English,English,Correct,NA,Correctly Tagged as Duplicate,NA,Atheshwar R,NA,NA,NA,NA,NA,NA,NA,NA,NA,NA,NA,NA,NA,NA,NA,NA,NA,NA,NA,NA,NA,NA,NA,NA,NA,NA,NA,NA,Yes,Yes,Yes,Provided & Relevant,NA,NA,NA,NA,NA,NA,NA,NA,NA,NA,NA,NA,Saved,Saved,Successfully Identified as Duplicate,Yes,Pass,No Defect,,NIL,No Issues. Good to go.,,,,
TL-1575,2026-06-20,Dhaarani S,Unique,0.1,NIL,Web App,English,1f16c80d-d495-61e9-8005-df22bee16955,What is the recommended dosage and application method for using 14:0:35 (Potassium Nitrate) as a foliar spray in tomato cultivation?,Soil Health and Nutrient Management,13:50:01,"6/20/2026, 1:50:14 PM",66517920.2,Within SLA,Yes,Well Framed,English,English,Correct,NA,Correctly Tagged as Duplicate,NA,Sugyani Kar,NA,NA,NA,NA,NA,NA,NA,NA,NA,NA,NA,NA,NA,NA,NA,NA,NA,NA,NA,NA,NA,NA,NA,NA,NA,NA,NA,NA,Yes,Yes,Yes,Provided & Relevant,NA,NA,NA,NA,NA,NA,NA,NA,NA,NA,NA,NA,Saved,Saved,Successfully Identified as Duplicate,Yes,Pass,No Defect,,NIL,No Issues. Good to go.,,,,
TL-1576,2026-06-20,Dhaarani S,Unique,0.1,NIL,Web App,English,1f16c815-c38f-66fb-8005-9fe27a22c95b,"What are the symptoms of fertilizer toxicity in tomato crops, and how can I manage damage caused by excessive fertilizer application?",Soil Health and Nutrient Management,13:53:38 PM,"6/20/2026, 1:53:47 PM",#VALUE!,Within SLA,Yes,Well Framed,English,English,Correct,NA,Correctly Tagged as Duplicate,NA,Jayashree N,NA,NA,NA,NA,NA,NA,NA,NA,NA,NA,NA,NA,NA,NA,NA,NA,NA,NA,NA,NA,NA,NA,NA,NA,NA,NA,NA,NA,Yes,Yes,Yes,Provided & Relevant,NA,NA,NA,NA,NA,NA,NA,NA,NA,NA,NA,NA,Saved,Saved,Successfully Identified as Duplicate,Yes,Pass,No Defect,,NIL,No Issues. Good to go.,,,,
TL-1577,2026-06-20,Dhaarani S,Unique,0.1,NIL,Web App,English,1f16c823-419a-665f-8005-9f4b8ca4bcb7,"How can I manage excessive water or waterlogging in my tomato crop, and what are the potential risks to the plants?",Irrigation and Water Management,13:59:36 PM,"6/20/2026, 1:59:50 PM",#VALUE!,Within SLA,Yes,Well Framed,English,English,Correct,NA,Correctly Tagged as Duplicate,NA,Sapanpreet Kaur,NA,NA,NA,NA,NA,NA,NA,NA,NA,NA,NA,NA,NA,NA,NA,NA,NA,NA,NA,NA,NA,NA,NA,NA,NA,NA,NA,NA,Yes,Yes,Yes,Provided & Relevant,NA,NA,NA,NA,NA,NA,NA,NA,NA,NA,NA,NA,Saved,Saved,Successfully Identified as Duplicate,Yes,Pass,No Defect,,NIL,No Issues. Good to go.,,,,
TL-1578,2026-06-20,Dhaarani S,Unique,0.1,NIL,Web App,English,1f16c82f-3fba-625f-8005-3bd634562871,"Which companies provide drip irrigation systems for tomato cultivation, and what are the key considerations for selecting a system?",Irrigation and Water Management,14:04:59,"6/20/2026, 2:05:12 PM",66517920.2,Within SLA,Yes,Well Framed,English,English,Correct,NA,Correctly Tagged as Duplicate,NA,Ravindra Prasad,NA,NA,NA,NA,NA,NA,NA,NA,NA,NA,NA,NA,NA,NA,NA,NA,NA,NA,NA,NA,NA,NA,NA,NA,NA,NA,NA,NA,Yes,Yes,Yes,Provided & Relevant,NA,NA,NA,NA,NA,NA,NA,NA,NA,NA,NA,NA,Saved,Saved,Successfully Identified as Duplicate,Yes,Pass,No Defect,,NIL,No Issues. Good to go.,,,,
TL-1579,2026-06-20,Dhaarani S,Unique,0.1,NIL,Web App,English,1f16c840-0d05-6902-800c-335b28922afb,After how many days of weedicides spraying can sowing be done?,Weed Management,14:12:27,"6/20/2026, 2:12:43 PM",66517920.3,Within SLA,Yes,Well Framed,English,English,Correct,NA,Correctly Tagged as Duplicate,NA,Gontyala Veena,NA,NA,NA,NA,NA,NA,NA,NA,NA,NA,NA,NA,NA,NA,NA,NA,NA,NA,NA,NA,NA,NA,NA,NA,NA,NA,NA,NA,Yes,Yes,Yes,Provided & Relevant,NA,NA,NA,NA,NA,NA,NA,NA,NA,NA,NA,NA,Saved,Saved,Successfully Identified as Duplicate,Yes,Pass,No Defect,,NIL,No Issues. Good to go.,,,,
TL-1580,2026-06-20,Dhaarani S,Unique,0.1,NIL,Web App,English,1f16c849-088c-6413-8005-34eb897c19d3,What are the best practices for plant protection and preventing fruit drop in tomato cultivation?,Plant protection,14:16:33,"6/20/2026, 2:16:44 PM",66517920.2,Within SLA,Yes,Well Framed,English,English,Correct,NA,Correctly Tagged as Duplicate,NA,Sapanpreet Kaur,NA,NA,NA,NA,NA,NA,NA,NA,NA,NA,NA,NA,NA,NA,NA,NA,NA,NA,NA,NA,NA,NA,NA,NA,NA,NA,NA,NA,Yes,Yes,Yes,Provided & Relevant,NA,NA,NA,NA,NA,NA,NA,NA,NA,NA,NA,NA,Saved,Saved,Successfully Identified as Duplicate,Yes,Pass,No Defect,,NIL,No Issues. Good to go.,,,,
TL-1581,2026-06-20,Dhaarani S,Unique,0.1,NIL,Web App,English,1f16c852-c5c8-662d-8005-1be3d4664529,What are the recommended uses and application methods for Indoxacarb 145 SC and Acetamiprid 77 WG in tomato cultivation?,Plant protection,14:20:52,"6/20/2026, 2:21:05 PM",66517920.2,Within SLA,Yes,Well Framed,English,English,Correct,NA,Correctly Tagged as Duplicate,NA,Pallavi J P,NA,NA,NA,NA,NA,NA,NA,NA,NA,NA,NA,NA,NA,NA,NA,NA,NA,NA,NA,NA,NA,NA,NA,NA,NA,NA,NA,NA,Yes,Yes,Yes,Provided & Relevant,NA,NA,NA,NA,NA,NA,NA,NA,NA,NA,NA,NA,Saved,Saved,Successfully Identified as Duplicate,Yes,Pass,No Defect,,NIL,No Issues. Good to go.,,,,
TL-1583,2026-06-20,Lavanya Mathialagan,Unique,0.1,NIL,Web App,English,1f16c84c-ba27-6c43-8005-c7f4e4e8f1e7,"
What is the recommended dosage and application method for Lambda-cyhalothrin in onion cultivation to control pests in Andhra Pradesh?",Plant protection,14:20:00,"21/6/2026, 10:13:11 am","19 hours, 55 minutes, and 11 seconds.",SLA Breached,Yes,Well Framed,English,English,Correct,NIL,NA,Yes,Aditi Dhadwal,NA,NA,NA,NA,NA,NA,NA,NA,NA,NA,NA,NA,NA,NA,NA,NA,NA,NA,NA,NA,NA,NA,NA,NA,NA,NA,NA,NA,Yes,Yes,Yes,Provided & Relevant,Yes,Not Received,NA,NA,Yes,Yes,Clear,Clear,,NA,NA,NA,Saved,Saved,Successfully Identified as Duplicate,NA,Pass,No Defect,,NIL,2 Hours disclaimer is seen. Received answer after 17 hours,Expected output,,,
TL-1584,2026-06-20,Lavanya Mathialagan,Unique,0.1,NIL,Web App,English,1f16c859-f37a-6821-8005-3b5fc53c31d5,What is the recommended dosage and application method for Targa Super (Quizalofop-p-ethyl) in onion cultivation in Andhra Pradesh?,Plant protection,14:24:00,"21/6/2026, 8:34:17 am","18 hours, 10 minutes, and 17 seconds",SLA Breached,Yes,Well Framed,English,English,Correct,NIL,NA,Yes,Sapanpreet Kaur,NA,NA,NA,NA,NA,NA,NA,NA,NA,NA,NA,NA,NA,NA,NA,NA,NA,NA,NA,NA,NA,NA,NA,NA,NA,NA,NA,NA,Yes,Yes,Yes,Provided & Relevant,Yes,Not Received,NA,NA,Yes,Yes,Clear,Clear,,NA,NA,NA,Saved,Saved,Successfully Identified as Duplicate,NA,Pass,No Defect,,NIL,2 Hours disclaimer is seen. Answer received after 18 hours,Expected output,,,
TL-1585,2026-06-20,Lavanya Mathialagan,Unique,0.1,NIL,Web App,English,1f16c85c-5270-6841-8005-f9d7bab9cd97,What is the appropriate application and dosage of Fipronil and Mancozeb for managing pests and diseases in onion crops in Andhra Pradesh?,Plant protection,14:25:00,"
21/6/2026, 10:28:40 am","20 hours, 3 minutes, and 40 seconds",SLA Breached,Yes,Well Framed,English,English,Correct,NIL,NA,Yes,Varsha Shekhar,NA,NA,NA,NA,NA,NA,NA,NA,NA,NA,NA,NA,NA,NA,NA,NA,NA,NA,NA,NA,NA,NA,NA,NA,NA,NA,NA,NA,Yes,Yes,Yes,Provided & Relevant,Yes,Not Received,NA,NA,Yes,Yes,Clear,Clear,,NA,NA,NA,Saved,Saved,Successfully Identified as Duplicate,NA,Pass,No Defect,,NIL,2 Hours disclaimer is seen. Answer received after 20 hours,Expected output,,,
TL-1586,2026-06-20,Lavanya Mathialagan,Unique,0.1,NIL,Web App,English,1f16c85f-253d-686a-8005-151dfcac7ce3,Is it permissible to mix Potassium Nitrate (13-0-45) with Alika for application in onion crops in Andhra Pradesh?,Plant protection,14:26:00,"21/6/2026, 9:18:12 am","18 hours, 52 minutes, and 12 seconds",SLA Breached,Yes,Well Framed,English,English,Correct,NIL,NA,Yes,Sugyani Kar,NA,NA,NA,NA,NA,NA,NA,NA,NA,NA,NA,NA,NA,NA,NA,NA,NA,NA,NA,NA,NA,NA,NA,NA,NA,NA,NA,NA,Yes,Yes,Yes,Provided & Relevant,Yes,Not Received,NA,NA,Yes,Yes,Clear,Clear,,NA,NA,NA,Saved,Saved,Successfully Identified as Duplicate,NA,Pass,No Defect,,NIL,2 Hours disclaimer is seen. answer received after 18hr,Expected output,,,
TL-1587,2026-06-20,Lavanya Mathialagan,Unique,0.1,NIL,Web App,English,1f16c867-a8f0-6dd8-8005-a442f1635813,What are the benefits and recommended methods for using sulfur in onion cultivation in Andhra Pradesh?,Soil Health and Nutrient Management,14:30:00,"21/6/2026, 8:44:53 am","18 hours, 14 minutes, and 53 seconds.",SLA Breached,Yes,Well Framed,English,English,Correct,NIL,NA,Yes,Gontyala Veena,NA,NA,NA,NA,NA,NA,NA,NA,NA,NA,NA,NA,NA,NA,NA,NA,NA,NA,NA,NA,NA,NA,NA,NA,NA,NA,NA,NA,Yes,Yes,Yes,Provided & Relevant,Yes,Not Received,NA,NA,Yes,Yes,Clear,Clear,,NA,NA,NA,Saved,Saved,Successfully Identified as Duplicate,NA,Pass,No Defect,,NIL,2 Hours disclaimer is seen. Answer received after 18 hours,Expected output,,,
TL-1588,2026-06-20,Lavanya Mathialagan,Unique,0.1,NIL,Web App,English,1f16c869-b338-6a20-8005-f4d97142d154,Is it advisable to mix Jeevamrutham with Formula 4 for onion cultivation in Andhra Pradesh?,Organic and Natural Farming,14:31:00,"
21/6/2026, 1:22:47 pm","22 hours, 51 minutes, and 47 seconds.",SLA Breached,Yes,Well Framed,English,English,Correct,NIL,NA,Yes,Atheshwar,NA,NA,NA,NA,NA,NA,NA,NA,NA,NA,NA,NA,NA,NA,NA,NA,NA,NA,NA,NA,NA,NA,NA,NA,NA,NA,NA,NA,Yes,Yes,Yes,Provided & Relevant,Yes,Not Received,NA,NA,Yes,Yes,Clear,Clear,,NA,NA,NA,Saved,Saved,Successfully Identified as Duplicate,NA,Pass,No Defect,,NIL,2 Hours disclaimer is seen. Answer received after 22 hours,Expected output,,,
TL-1589,2026-06-20,Lavanya Mathialagan,Unique,0.1,NIL,Web App,English,1f16c86f-ab83-605d-8005-9b5f1a033088,"What is the appropriate dosage and application method for Nano Urea, Nano DAP, and Nano Potash in onion cultivation in Andhra Pradesh?",Fertilizer Use and Availability,14:34:00,"21/6/2026, 1:10:58 pm","22 hours, 37 minutes, and 58 seconds.",SLA Breached,Yes,Well Framed,English,English,Correct,NIL,NA,Yes,Sapanpreet Kaur,NA,NA,NA,NA,NA,NA,NA,NA,NA,NA,NA,NA,NA,NA,NA,NA,NA,NA,NA,NA,NA,NA,NA,NA,NA,NA,NA,NA,Yes,Yes,Yes,Provided & Relevant,Yes,Not Received,NA,NA,Yes,Yes,Clear,Clear,,NA,NA,NA,Saved,Saved,Successfully Identified as Duplicate,NA,Pass,No Defect,,NIL,2 Hours disclaimer is seen. Answer received after 22hours,Expected output,,,
TL-1590,2026-06-20,Lavanya Mathialagan,Unique,0.1,NIL,Web App,English,1f16c873-17c6-6d43-8005-cb8400e83170,What is the appropriate application and role of SPIC 20:20:0:13 (Ammonium Phosphate Sulphate) in onion cultivation in Andhra Pradesh?,Fertilizer Use and Availability,14:35:00,"21/6/2026, 9:24:34 pm","30 hours, 49 minutes, and 34 seconds",SLA Breached,Yes,Well Framed,English,English,Correct,NIL,NA,Yes,Rajwant Kaur,NA,NA,NA,NA,NA,NA,NA,NA,NA,NA,NA,NA,NA,NA,NA,NA,NA,NA,NA,NA,NA,NA,NA,NA,NA,NA,NA,NA,Yes,Yes,Yes,Provided & Relevant,Yes,Not Received,NA,NA,Yes,Yes,Clear,Clear,,NA,NA,NA,Saved,Saved,Successfully Identified as Duplicate,NA,Pass,No Defect,,NIL,2 Hours disclaimer is seen. Answer received after 30 hours,Expected output,,,
TL-1591,2022-06-22,Lavanya Mathialagan,Unique,0.1,NIL,Web App,English,1f16e1f0-71a2-61b7-8005-82ef6f35b026,What is the compatibility and proper application method for using Agromin Max in onion cultivation in Andhra Pradesh?,Soil Health and Nutrient Management,15:15:00,"22/6/2026, 7:53:12 pm","4 hours, 39 minutes, and 12 seconds.",SLA Breached,Yes,Well Framed,English,English,Correct,NIL,NA,Yes,Soumya R,NA,NA,NA,NA,NA,NA,NA,NA,NA,NA,NA,NA,NA,NA,NA,NA,NA,NA,NA,NA,NA,NA,NA,NA,NA,NA,NA,NA,Yes,Yes,Yes,Provided & Relevant,Yes,Not Received,NA,NA,Yes,Yes,Clear,Clear,,NA,NA,NA,Saved,Saved,Successfully Identified as Duplicate,NA,Pass,No Defect,,NIL,2 Hours disclaimer is seen. Answer received after 4 hours,Expected output,,,
TL-1592,2022-06-22,Lavanya Mathialagan,Unique,0.1,NIL,Web App,English,1f16e1f3-24aa-61de-8005-20253ade8d6a,Is it permissible to mix NPK 19-19-19 fertilizer with pesticides for foliar application in onion crops in Andhra Pradesh?,Soil Health and Nutrient Management,15:16:00,"22/6/2026, 5:28:50 pm","2 hours, 12 minutes, and 50 seconds.",SLA Breached,Yes,Well Framed,English,English,Correct,NIL,NA,Yes,Lovely,NA,NA,NA,NA,NA,NA,NA,NA,NA,NA,NA,NA,NA,NA,NA,NA,NA,NA,NA,NA,NA,NA,NA,NA,NA,NA,NA,NA,Yes,Yes,Yes,Provided & Relevant,Yes,Not Received,NA,NA,Yes,Yes,Clear,Clear,,NA,NA,NA,Saved,Saved,Successfully Identified as Duplicate,NA,Pass,No Defect,,NIL,"2 hours disclaimer is seen, Answer received after 2hours 12mins later",Expected output,,,
TL-1594,2026-06-20,Dhaarani S,Unique,0.1,NIL,Web App,English,1f16d4f1-5476-645d-8076-977874daad9c,What are the symptoms of urea overdose in onion crops and how can the damage be managed in Andhra Pradesh?,Soil Health and Nutrient Management,"6/22/2026, 4:07:41 PM","6/22/2026, 4:07:58 PM",0.3,Within SLA,Yes,Well Framed,English,English,Correct,NA,Correctly Tagged as Duplicate,,Pallavi J P,NA,NA,NA,NA,NA,NA,NA,NA,NA,NA,NA,NA,NA,NA,NA,NA,NA,NA,NA,NA,NA,NA,NA,NA,NA,NA,NA,NA,Yes,Yes,Yes,Provided & Relevant,Yes,NA,NA,NA,No,No,NA,NA,NA,NA,NA,NA,Saved,Saved,Successfully Identified as Duplicate,Yes,Pass,No Defect,,NIL,No issues. Good to go.,,,,
TL-1595,2026-06-20,Dhaarani S,Unique,0.1,NIL,WhatsApp,English,1f16d4f1-5476-645d-8076-977874daad9c,What is the recommended fertilizer application schedule and method for onion nursery management in Andhra Pradesh?,Soil Health and Nutrient Management,6/20/2026 14:47,"21/6/2026, 08:36 am","17 hours, 49 minutes, and 28 seconds",SLA Breached,Yes,Well Framed,English,English,Correct,NIL,Correctly Tagged as Duplicate,YES,Atheshwar,NA,NA,NA,NA,NA,NA,NA,NA,NA,NA,NA,NA,NA,NA,NA,NA,NA,NA,NA,NA,NA,NA,NA,NA,NA,NA,NA,No,Yes,Yes,Yes,Provided & Relevant,Yes,Received on Time,NA,NA,NA,NA,NA,NA,NA,NA,NA,NA,Duplicate,Duplicate,Successfully Identified as Duplicate,Yes,Pass,No Defect,,NIL,The answer content is correct the answer structure I received and in the review system is different.,,,,
TL-1596,2026-06-20,Dhaarani S,Unique,0.1,NIL,Web App,English,1f16e219-e5c1-6b14-800c-424a8e50ea83,What is the recommended fertilizer application schedule and method for onion nursery management in Andhra Pradesh?,Soil Health and Nutrient Management,"Jun 20, 2026, 2:47 PM","21/6/2026, 9:28:19 am","18 hours, 41 minutes, and 19 seconds.",SLA Breached,Yes,Well Framed,English,English,Correct,NIL,NA,na,NA,NA,NA,NA,NA,NA,NA,NA,NA,NA,NA,NA,NA,NA,NA,NA,NA,NA,NA,NA,NA,NA,NA,NA,NA,NA,NA,NA,NA,Yes,Yes,Yes,Provided & Relevant,Yes,NA,NA,NA,No,No,No input,No ouput,Both input and output not working,NA,NA,NA,Saved,Saved,Successfully Identified as Duplicate,Yes,Pass,No Defect,,NIL,No issues. Good to go,,,,
TL-1597,2026-06-22,Dhaarani S,Unique,0.1,NIL,WhatsApp,English,1f16e451-2a8e-656a-804e-a801a190a21f,What are the recommended last fertilizer application guidelines for onion cultivation in Andhra Pradesh?,Soil Health and Nutrient Management,"6/22/2026, 7:47:17 PM","6/22/2026, 8:43:00 PM",55.7,Within SLA,Yes,Well Framed,English,English,Correct,NA,NA,NA,Yash Praveen Khot,NA,NA,NA,NA,NA,NA,NA,NA,NA,NA,NA,NA,NA,NA,NA,NA,NA,NA,NA,NA,NA,NA,NA,NA,NA,NA,NA,NA,Yes,Yes,Yes,Provided & Relevant,Yes,Received on Time,Yes,NA,NA,NA,NA,NA,NA,NA,NA,NA,Saved,Saved,Successfully Identified as Duplicate,NA,Pass,No Defect,,NIL,2 hours disclaimer is seen. Received the answer within SLA. Answer is correct no issues good to go.,,,,
TL-1600,2026-06-22,Dhaarani S,Unique,0.1,NIL,WhatsApp,English,1f16e47f-fdfe-65b0-8063-64b9edc7dbfb,"Is it safe to mix the insecticide Thiamethoxam with the fungicide Hexaconazole for onion crop protection, and what is the correct application method in Andhra Pradesh?",Plant protection,"6/22/2026, 8:08:13 PM","6/22/2026, 8:46:00 PM",37.8,Within SLA,Yes,Well Framed,English,English,Correct,NA,NA,NA,Anil Kumar S,NA,NA,NA,NA,NA,NA,NA,NA,NA,NA,NA,NA,NA,NA,NA,NA,NA,NA,NA,NA,NA,NA,NA,NA,NA,NA,NA,NA,Yes,Yes,Yes,Provided & Relevant,Yes,Received on Time,Yes,NA,NA,NA,NA,NA,NA,NA,NA,NA,Saved,Saved,Successfully Identified as Duplicate,NA,Pass,No Defect,,NIL,2 hours disclaimer is seen. Received the answer within SLA. Answer is correct no issues Good to go.,,,,
TL-1602,2026-06-22,Dhaarani S,Unique,0.1,NIL,Web App,English,1f16e4ba-697a-6da4-8005-ec2b2c3fb031,My onion plants are showing signs of reddening/discoloration after applying a high dosage of Blitox (Copper Oxychloride). What are the causes and how can I manage this issue in Andhra Pradesh?,Plant protection,"6/22/2026, 8:34:22 PM","Jun 24, 2026, 11:30 AM",2335.6,SLA Breached,Yes,Well Framed,English,English,Correct,NA,NA,NA,Yash Praveen Khot,"6/22/2026, 8:35:06 PM","6/22/2026, 9:07:45 PM",32m 39s,Sharmila S,"6/22/2026, 9:54:05 PM","6/22/2026, 10:09:51 PM",15m 45s,Deepika Rathore,"6/22/2026, 10:10:04 PM","6/22/2026, 10:11:50 PM",1m 46s,Suresh Bhardwaj,"6/22/2026, 10:12:04 PM","6/22/2026, 10:22:06 PM",10m 1s,NA,NA,NA,NA,NA,NA,NA,NA,Anjali Chauhan,NA,NA,NA,NA,Yes,Yes,Yes,Provided & Relevant,Yes,Received on Time,Yes,NA,Yes,Yes,Clear,Clear,NA,NA,NA,NA,Saved,Saved,Successfully Identified as Duplicate,NA,Pass,No Defect,,NIL,2 hours disclaimer is seen. I received the correct answer (24/06/2026),,,,
TL-1607,2026-06-20,Dhaarani S,GDB,0.1,NIL,Web App,English,1f16c87f-eadf-615d-8005-570147848d4e,What are the key steps for plant protection of tomato in Uttar Pradesh?,Plant protection,14:41:10,"6/20/2026, 2:41:17 PM",66517920.1,Within SLA,Yes,Well Framed,English,English,Correct,NA,Correctly Tagged as Duplicate,NA,Jayashree N,NA,NA,NA,NA,NA,NA,NA,NA,NA,NA,NA,NA,NA,NA,NA,NA,NA,NA,NA,NA,NA,NA,NA,NA,NA,NA,NA,NA,Yes,Yes,Yes,Provided & Relevant,NA,NA,NA,NA,Yes,Yes,Clear,Clear,NA,NA,NA,NA,Saved,Saved,Successfully Identified as Duplicate,Yes,Pass,No Defect,,NIL,,,,,
TL-1608,2026-06-20,Dhaarani S,GDB,0.1,NIL,WhatsApp,English,1f16c880-352d-6674-805e-b43599335d70,What are the key steps for plant protection of tomato in Uttar Pradesh?,Plant protection,14:41:17,"6/20/2026, 2:41:29 PM",66517920.2,Within SLA,Yes,Well Framed,English,English,Correct,NA,Correctly Tagged as Duplicate,NA,Jayashree N,NA,NA,NA,NA,NA,NA,NA,NA,NA,NA,NA,NA,NA,NA,NA,NA,NA,NA,NA,NA,NA,NA,NA,NA,NA,NA,NA,NA,Yes,Yes,Yes,Provided & Relevant,NA,NA,NA,NA,NA,NA,Clear,NA,NA,NA,NA,NA,Saved,Saved,Successfully Identified as Duplicate,Yes,Pass,No Defect,,NIL,,,,,
TL-1609,2026-06-20,Dhaarani S,GDB,0.1,NIL,Web App,English,1f16c891-ed38-6887-8005-c88932e1320e,What are the best practices for insect control in tomato cultivation in Uttar Pradesh?,Insect–Pest Management,14:49:09,"6/20/2026, 2:49:20 PM",66517920.2,Within SLA,Yes,Well Framed,English,English,Correct,NA,Correctly Tagged as Duplicate,NA,Jayashree N,NA,NA,NA,NA,NA,NA,NA,NA,NA,NA,NA,NA,NA,NA,NA,NA,NA,NA,NA,NA,NA,NA,NA,NA,NA,NA,NA,NA,Yes,Yes,Yes,Provided & Relevant,NA,NA,NA,NA,Yes,Yes,Clear,Clear,Longer output takes longer time ,NA,NA,NA,Saved,Saved,Successfully Identified as Duplicate,Yes,Pass,No Defect,,NIL,,,,,
TL-1610,2026-06-20,Dhaarani S,GDB,0.1,NIL,WhatsApp,English,1f16c892-af49-6fa4-806c-190b6b3c8db9,What are the best practices for insect control in tomato cultivation in Uttar Pradesh?,Insect–Pest Management,14:49:30,"6/20/2026, 2:49:41 PM",66517920.2,Within SLA,Yes,Well Framed,English,English,Correct,NA,Correctly Tagged as Duplicate,NA,Jayashree N,NA,NA,NA,NA,NA,NA,NA,NA,NA,NA,NA,NA,NA,NA,NA,NA,NA,NA,NA,NA,NA,NA,NA,NA,NA,NA,NA,NA,Yes,Yes,Yes,Provided & Relevant,NA,NA,NA,NA,NA,NA,Clear,NA,NA,NA,NA,NA,Saved,Saved,Successfully Identified as Duplicate,Yes,Pass,No Defect,,NIL,,,,,
TL-1611,2026-06-20,Dhaarani S,GDB,0.1,NIL,Web App,English,1f16c8b0-1e1e-67d9-8005-271c24d807b4,The leaves of my tomato plants are curling. What should I do? I am from in Uttar Pradesh.,Plant protection,15:02:38 PM,"6/20/2026, 3:02:51 PM",#VALUE!,Within SLA,Yes,Well Framed,English,English,Correct,NA,Correctly Tagged as Duplicate,NA,Jayashree N,NA,NA,NA,NA,NA,NA,NA,NA,NA,NA,NA,NA,NA,NA,NA,NA,NA,NA,NA,NA,NA,NA,NA,NA,NA,NA,NA,NA,Yes,Yes,Yes,Provided & Relevant,NA,NA,NA,NA,Yes,Yes,Clear,Clear,NA,NA,NA,NA,Saved,Saved,Successfully Identified as Duplicate,Yes,Pass,No Defect,,NIL,,,,,
TL-1612,2026-06-20,Dhaarani S,GDB,0.1,NIL,WhatsApp,English,1f16c8c5-b2d0-6352-8073-2a87e980b5ce,The leaves of my tomato plants are curling. What should I do? I am from in Uttar Pradesh.,Plant protection,15:12:13,"6/20/2026, 3:12:30 PM",66517920.3,Within SLA,Yes,Well Framed,English,English,Correct,NA,Correctly Tagged as Duplicate,NA,Jayashree N,NA,NA,NA,NA,NA,NA,NA,NA,NA,NA,NA,NA,NA,NA,NA,NA,NA,NA,NA,NA,NA,NA,NA,NA,NA,NA,NA,NA,Yes,Yes,Yes,Provided & Relevant,NA,NA,NA,NA,NA,NA,Clear,NA,NA,NA,NA,NA,Saved,Saved,Successfully Identified as Duplicate,Yes,Pass,No Defect,,NIL,,,,,
TL-1613,2026-06-22,Dhaarani S,GDB,0.1,NIL,Web App,English,1f16e2ab-4141-6a55-8005-de1160947ee8,What is the recommended nutrient management strategy for maize crop in Uttar Pradesh?,Soil Health and Nutrient Management,16:38:18,16:38:31,0.2,Within SLA,Yes,Well Framed,English,English,Correct,NA,Correctly Tagged as Duplicate,NA,Shivendra Pratap Singh,NA,NA,NA,NA,NA,NA,NA,NA,NA,NA,NA,NA,NA,NA,NA,NA,NA,NA,NA,NA,NA,NA,NA,NA,NA,NA,NA,NA,Yes,Yes,Yes,Provided & Relevant,NA,NA,NA,NA,No,No,NA,NA,Both voice input and output shows error code,NA,NA,NA,Saved,Saved,Successfully Identified as Duplicate,Yes,Pass,No Defect,,NIL,Both the voice input and output shows error. Answers are correct no issues. Good to go.,,,,
TL-1614,2026-06-22,Dhaarani S,GDB,0.1,NIL,WhatsApp,English,1f16e2ba-d85e-6426-8005-fb2b77cdf503,What is the recommended nutrient management strategy for maize crop in Uttar Pradesh?,Soil Health and Nutrient Management,16:45:12,16:45:29,0.3,Within SLA,Yes,Well Framed,English,English,Correct,NA,Correctly Tagged as Duplicate,NA,Shivendra Pratap Singh,NA,NA,NA,NA,NA,NA,NA,NA,NA,NA,NA,NA,NA,NA,NA,NA,NA,NA,NA,NA,NA,NA,NA,NA,NA,NA,NA,NA,Yes,Yes,Yes,Provided & Relevant,NA,NA,NA,NA,No,No,NA,NA,Both voice input and output shows error code,NA,NA,NA,Saved,Saved,Successfully Identified as Duplicate,Yes,Pass,No Defect,,NIL,Good to go.,,,,
TL-1615,2026-06-22,Dhaarani S,GDB,0.1,NIL,Web App,English,1f16e2ce-799c-6d1b-8005-ff2a24cf6a0e,What is comprehensive information about maize cultivation in Uttar Pradesh?,Cultural and Crop Management Practices,"6/22/2026, 4:54:04 PM","6/22/2026, 4:54:16 PM",0.2,Within SLA,Yes,Well Framed,English,English,Correct,NA,Correctly Tagged as Duplicate,NA,Rohan Chand,NA,NA,NA,NA,NA,NA,NA,NA,NA,NA,NA,NA,NA,NA,NA,NA,NA,NA,NA,NA,NA,NA,NA,NA,NA,NA,NA,NA,Yes,Yes,Yes,Provided & Relevant,NA,NA,NA,NA,No,No,NA,NA,Both voice input and output shows error code,NA,NA,NA,Saved,Saved,Successfully Identified as Duplicate,Yes,Pass,No Defect,,NIL,Both the voice input and output shows error. Answers are correct no issues. Good to go.,,,,
TL-1616,2026-06-22,Dhaarani S,GDB,0.1,NIL,WhatsApp,English,1f16e2d7-a931-6a87-800c-c405103c5b94,What is comprehensive information about maize cultivation in Uttar Pradesh?,Cultural and Crop Management Practices,"6/22/2026, 4:58:10 PM","6/22/2026, 4:58:23 PM",0.2,Within SLA,Yes,Well Framed,English,English,Correct,NA,Correctly Tagged as Duplicate,NA,Rohan Chand,NA,NA,NA,NA,NA,NA,NA,NA,NA,NA,NA,NA,NA,NA,NA,NA,NA,NA,NA,NA,NA,NA,NA,NA,NA,NA,NA,NA,Yes,Yes,Yes,Provided & Relevant,NA,NA,NA,NA,No,NA,NA,NA,"The message shows ""Currently we are not taking audio questions, please type your questions. The audio services will resume soon"".",NA,NA,NA,Saved,Saved,Successfully Identified as Duplicate,Yes,Pass,No Defect,,NIL,Voice input in whatsapp not working,,,,
TL-1617,2026-06-22,Dhaarani S,GDB,0.1,NIL,Web App,English,1f16e2e5-1cc5-69ed-8005-3433e5484b74,What is the recommended seed rate for maize cultivation in Uttar Pradesh?,Seed and Variety Selection,6/22/2026 17:04:11,"6/22/2026, 5:04:24 PM",0.2,Within SLA,Yes,Well Framed,English,English,Correct,NA,Correctly Tagged as Duplicate,NA,Yash Praveen Khot,NA,NA,NA,NA,NA,NA,NA,NA,NA,NA,NA,NA,NA,NA,NA,NA,NA,NA,NA,NA,NA,NA,NA,NA,NA,NA,NA,NA,Yes,Yes,Yes,Provided & Relevant,NA,NA,NA,NA,No,No,NA,NA,Both voice input and output shows error code,NA,NA,NA,Saved,Saved,Successfully Identified as Duplicate,Yes,Pass,No Defect,,NIL,Both the voice input and output shows error. Answers are correct no issues. Good to go.,,,,
TL-1618,2026-06-22,Dhaarani S,GDB,0.1,NIL,WhatsApp,English,1f16e2e6-878b-68a6-8013-f8001849e7d0,What is the recommended seed rate for maize cultivation in Uttar Pradesh?,Seed and Variety Selection,"6/22/2026, 5:04:48 PM","6/22/2026, 5:05:02 PM",0.2,Within SLA,Yes,Well Framed,English,English,Correct,NA,Correctly Tagged as Duplicate,NA,Yash Praveen Khot,NA,NA,NA,NA,NA,NA,NA,NA,NA,NA,NA,NA,NA,NA,NA,NA,NA,NA,NA,NA,NA,NA,NA,NA,NA,NA,NA,NA,Yes,Yes,Yes,Provided & Relevant,NA,NA,NA,NA,No,NA,NA,NA,NA,NA,NA,NA,Saved,Saved,Successfully Identified as Duplicate,Yes,Pass,No Defect,,NIL,Good to go.,,,,
TL-1619,2026-06-22,Dhaarani S,GDB,0.1,NIL,Web App,English,1f16e2fa-4269-6c52-8005-86b926490341,Which hybrid varieties of maize are recommended for sowing during the Kharif season in Uttar Pradesh?,Seed and Variety Selection,"6/22/2026, 5:13:40 PM","6/22/2026, 5:13:52 PM",0.2,Within SLA,Yes,Well Framed,English,English,Correct,NA,Correctly Tagged as Duplicate,NA,Shivendra Pratap Singh,NA,NA,NA,NA,NA,NA,NA,NA,NA,NA,NA,NA,NA,NA,NA,NA,NA,NA,NA,NA,NA,NA,NA,NA,NA,NA,NA,NA,Yes,Yes,Yes,Provided & Relevant,NA,NA,NA,NA,No,No,NA,NA,Both voice input and output shows error code,NA,NA,NA,Saved,Saved,Successfully Identified as Duplicate,Yes,Pass,No Defect,,NIL,Both the voice input and output shows error. Answers are correct no issues. Good to go.,,,,
TL-1620,2026-06-22,Dhaarani S,GDB,0.1,NIL,WhatsApp,English,1f16e2fb-d90d-6d8a-801a-b20c7f893588,Which hybrid varieties of maize are recommended for sowing during the Kharif season in Uttar Pradesh?,Seed and Variety Selection,"6/22/2026, 5:14:19 PM","6/22/2026, 5:14:34 PM",0.3,Within SLA,Yes,Well Framed,English,English,Correct,NA,Correctly Tagged as Duplicate,NA,Shivendra Pratap Singh,NA,NA,NA,NA,NA,NA,NA,NA,NA,NA,NA,NA,NA,NA,NA,NA,NA,NA,NA,NA,NA,NA,NA,NA,NA,NA,NA,NA,Yes,Yes,Yes,Provided & Relevant,NA,NA,NA,NA,NA,NA,NA,NA,NA,NA,NA,NA,Saved,Saved,Successfully Identified as Duplicate,Yes,Pass,No Defect,,NIL,Good to go.,,,,
TL-1621,2026-06-22,Dhaarani S,GDB,0.1,NIL,Web App,English,1f16e307-50c0-6061-8005-05e6a4d8cd40,What are the improved varieties of maize crop and their characteristics in Uttar Pradesh?,Seed and Variety Selection,"6/22/2026, 5:19:31 PM","6/22/2026, 5:19:42 PM",0.2,Within SLA,Yes,Well Framed,English,English,Correct,NA,Correctly Tagged as Duplicate,NA,Shivendra Pratap Singh,NA,NA,NA,NA,NA,NA,NA,NA,NA,NA,NA,NA,NA,NA,NA,NA,NA,NA,NA,NA,NA,NA,NA,NA,NA,NA,NA,NA,Yes,Yes,Yes,Provided & Relevant,NA,NA,NA,NA,No,No,NA,NA,Both voice input and output shows error code,NA,NA,NA,Saved,Saved,Successfully Identified as Duplicate,Yes,Pass,No Defect,,NIL,Both the voice input and output shows error. Answers are correct no issues. Good to go.,,,,
TL-1622,2026-06-22,Dhaarani S,GDB,0.1,NIL,WhatsApp,English,1f16e307-e598-6575-8021-2207148f8224,What are the improved varieties of maize crop and their characteristics in Uttar Pradesh?,Seed and Variety Selection,"6/22/2026, 5:19:45 PM","6/22/2026, 5:19:58 PM",0.2,Within SLA,Yes,Well Framed,English,English,Correct,NA,Correctly Tagged as Duplicate,NA,Shivendra Pratap Singh,NA,NA,NA,NA,NA,NA,NA,NA,NA,NA,NA,NA,NA,NA,NA,NA,NA,NA,NA,NA,NA,NA,NA,NA,NA,NA,NA,NA,Yes,Yes,Yes,Provided & Relevant,NA,NA,NA,NA,NA,NA,NA,NA,NA,NA,NA,NA,Saved,Saved,Successfully Identified as Duplicate,Yes,Pass,No Defect,,NIL,Good to go.,,,,
TL-1623,2026-06-22,Dhaarani S,GDB,0.1,NIL,Web App,English,1f16e31a-ad09-67a7-8005-3c5a54eb1806,What are the best practices for nutrient management in maize cultivation in Uttar Pradesh?,Soil Health and Nutrient Management,"6/22/2026, 5:28:09 PM","6/22/2026, 5:28:22 PM",0.2,Within SLA,Yes,Well Framed,English,English,Correct,NA,Correctly Tagged as Duplicate,NA,C Sai Durga,NA,NA,NA,NA,NA,NA,NA,NA,NA,NA,NA,NA,NA,NA,NA,NA,NA,NA,NA,NA,NA,NA,NA,NA,NA,NA,NA,NA,Yes,Yes,Yes,Provided & Relevant,NA,NA,NA,NA,No,No,NA,NA,Both voice input and output shows error code,NA,NA,NA,Saved,Saved,Successfully Identified as Duplicate,Yes,Pass,No Defect,,NIL,Both the voice input and output shows error. Answers are correct no issues. Good to go.,,,,
TL-1624,2026-06-22,Dhaarani S,GDB,0.1,NIL,WhatsApp,English,1f16e31b-6838-6e67-8028-95255bd3bcee,What are the best practices for nutrient management in maize cultivation in Uttar Pradesh?,Soil Health and Nutrient Management,"6/22/2026, 5:28:27 PM","6/22/2026, 5:28:41 PM",0.2,Within SLA,Yes,Well Framed,English,English,Correct,NA,Correctly Tagged as Duplicate,NA,C Sai Durga,NA,NA,NA,NA,NA,NA,NA,NA,NA,NA,NA,NA,NA,NA,NA,NA,NA,NA,NA,NA,NA,NA,NA,NA,NA,NA,NA,NA,Yes,Yes,Yes,Provided & Relevant,NA,NA,NA,NA,NA,NA,NA,NA,NA,NA,NA,NA,Saved,Saved,Successfully Identified as Duplicate,Yes,Pass,No Defect,,NIL,Good to go.,,,,
TL-1625,2026-06-22,Dhaarani S,GDB,0.1,NIL,Web App,English,1f16e322-43c9-685a-8005-0e4dd1d6ee07,What are the control measures for stalk borer infestation in maize crops in Uttar Pradesh?,Insect–Pest Management,"6/22/2026, 5:31:34 PM","6/22/2026, 5:31:46 PM",0.2,Within SLA,Yes,Well Framed,English,English,Correct,NA,Correctly Tagged as Duplicate,NA,Rajwant Kaur,NA,NA,NA,NA,NA,NA,NA,NA,NA,NA,NA,NA,NA,NA,NA,NA,NA,NA,NA,NA,NA,NA,NA,NA,NA,NA,NA,NA,Yes,Yes,Yes,Provided & Relevant,NA,NA,NA,NA,No,No,NA,NA,Both voice input and output shows error code,NA,NA,NA,Saved,Saved,Successfully Identified as Duplicate,Yes,Pass,No Defect,,NIL,Both the voice input and output shows error. Answers are correct no issues. Good to go.,,,,
TL-1626,2026-06-22,Dhaarani S,GDB,0.1,NIL,WhatsApp,English,1f16e323-1a69-65f0-802f-248ecc7080ac,What are the control measures for stalk borer infestation in maize crops in Uttar Pradesh?,Insect–Pest Management,"6/22/2026, 5:31:54 PM","6/22/2026, 5:32:08 PM",0.2,Within SLA,Yes,Well Framed,English,English,Correct,NA,Correctly Tagged as Duplicate,NA,Rajwant Kaur,NA,NA,NA,NA,NA,NA,NA,NA,NA,NA,NA,NA,NA,NA,NA,NA,NA,NA,NA,NA,NA,NA,NA,NA,NA,NA,NA,NA,Yes,Yes,Yes,Provided & Relevant,NA,NA,NA,NA,NA,NA,NA,NA,NA,NA,NA,NA,Saved,Saved,Successfully Identified as Duplicate,Yes,Pass,No Defect,,NIL,Good to go.,,,,
TL-1629,2026-06-22,Dhaarani S,GDB,0.1,NIL,Web App,English,1f16e38a-4318-6e28-8005-704ef57327e8,What are the common growth problems in maize crop and how can they be managed in Uttar Pradesh?,Plant protection,"6/22/2026, 6:18:06 PM","6/22/2026, 6:18:17 PM",0.2,Within SLA,Yes,Well Framed,English,English,Correct,NA,Correctly Tagged as Duplicate,NA,Salim Sahaji,NA,NA,NA,NA,NA,NA,NA,NA,NA,NA,NA,NA,NA,NA,NA,NA,NA,NA,NA,NA,NA,NA,NA,NA,NA,NA,NA,NA,Partially Correct,Yes,Yes,Provided & Relevant,NA,NA,NA,NA,No,No,NA,NA,Both voice input and output shows error code,NA,NA,NA,Saved,Saved,Successfully Identified as Duplicate,Yes,Partial,Medium,,NIL,"The answer is partially correct need to give extra informations like irrigation, pest and disease control at the time of vegetative growth and there was a spelling mistake. Both input and output voice shows error code 500.",,,,
TL-1630,2026-06-22,Dhaarani S,GDB,0.1,NIL,WhatsApp,English,1f16e38b-2b68-66cf-803e-c192303b81be,What are the common growth problems in maize crop and how can they be managed in Uttar Pradesh?,Plant protection,"6/22/2026, 6:18:27 PM","6/22/2026, 6:18:42 PM",0.3,Within SLA,Yes,Well Framed,English,English,Correct,NA,Correctly Tagged as Duplicate,NA,Salim Sahaji,NA,NA,NA,NA,NA,NA,NA,NA,NA,NA,NA,NA,NA,NA,NA,NA,NA,NA,NA,NA,NA,NA,NA,NA,NA,NA,NA,NA,Partially Correct,Yes,Yes,Provided & Relevant,NA,NA,NA,NA,NA,NA,NA,NA,NA,NA,NA,NA,Saved,Saved,Successfully Identified as Duplicate,Yes,Partial,Medium,,NIL,"The answer is partially correct need to give extra informations like irrigation, pest and disease control at the time of vegetative growth and there was a spelling mistake.",,,,
TL-1631,2026-06-22,Dhaarani S,GDB,0.1,NIL,Web App,English,1f16e3a1-7c87-606f-8005-384eb6d95edc,How do I control shoot bug in maize crop in Uttar Pradesh?,Insect–Pest Management,"6/22/2026, 6:28:29 PM","6/22/2026, 6:28:41 PM",0.2,Within SLA,Yes,Well Framed,English,English,Correct,NA,Correctly Tagged as Duplicate,NA,Anmol Kaundal,NA,NA,NA,NA,NA,NA,NA,NA,NA,NA,NA,NA,NA,NA,NA,NA,NA,NA,NA,NA,NA,NA,NA,NA,NA,NA,NA,NA,Yes,Yes,Yes,Provided & Relevant,NA,NA,NA,NA,No,No,NA,NA,Both voice input and output shows error code,NA,NA,NA,Saved,Saved,Successfully Identified as Duplicate,Yes,Pass,No Defect,,NIL,Both the voice input and output shows error. Answers are correct no issues. Good to go.,,,,
TL-1632,2026-06-22,Dhaarani S,GDB,0.1,NIL,WhatsApp,English,1f16e3a2-45f9-63e8-8045-f6e52abdf867,How do I control shoot bug in maize crop in Uttar Pradesh?,Insect–Pest Management,"6/22/2026, 6:28:48 PM","6/22/2026, 6:29:02 PM",0.2,Within SLA,Yes,Well Framed,English,English,Correct,NA,Correctly Tagged as Duplicate,NA,Anmol Kaundal,NA,NA,NA,NA,NA,NA,NA,NA,NA,NA,NA,NA,NA,NA,NA,NA,NA,NA,NA,NA,NA,NA,NA,NA,NA,NA,NA,NA,Yes,Yes,Yes,Provided & Relevant,NA,NA,NA,NA,NA,NA,NA,NA,NA,NA,NA,NA,Saved,Saved,Successfully Identified as Duplicate,Yes,Pass,No Defect,,NIL,Good to go.,,,,
TL-1638,2026-06-20,Lavanya Mathialagan,GDB,0.1,NIL,Web App,English,1f16c87d-6fb8-6172-8005-4df925580dab,What are the best practices for plant protection of mango in Uttar Pradesh?,Plant protection,14:40:00,14:40:10,0.2,Within SLA,Successfully Identified as Duplicate,Well Framed,English,English,Correct,NIL,Correctly Tagged as Duplicate,NA,NA,NA,NA,NA,NA,NA,NA,NA,NA,NA,NA,NA,NA,NA,NA,NA,NA,NA,NA,NA,NA,NA,NA,NA,NA,NA,NA,NA,NA,Yes,Yes,Successfully Identified as Duplicate,Provided & Relevant,NA,NA,Successfully Identified as Duplicate,Successfully Identified as Duplicate,Yes,Yes,Clear,Clear,Output voice takes longer time,NA,NA,NA,Duplicate,Duplicate,Successfully Identified as Duplicate,NA,Pass,No Defect,,NIL,Good to go,GOOD OUTPUT,,,
TL-1639,2026-06-20,Lavanya Mathialagan,GDB,0.1,NIL,Web App,English,1f16c88a-855b-6073-8005-44aee7fc22b4,Insect control in Mango in Uttar Pradesh.,Insect–Pest Management,14:46:00,14:46:02,0.0,Within SLA,Successfully Identified as Duplicate,Well Framed,English,English,Correct,NIL,Correctly Tagged as Duplicate,NA,NA,NA,NA,NA,NA,NA,NA,NA,NA,NA,NA,NA,NA,NA,NA,NA,NA,NA,NA,NA,NA,NA,NA,NA,NA,NA,NA,NA,NA,Yes,Yes,Successfully Identified as Duplicate,Provided & Relevant,NA,NA,Successfully Identified as Duplicate,Successfully Identified as Duplicate,Yes,Yes,Clear,Clear,Output voice takes longer time,NA,NA,NA,Duplicate,Duplicate,Successfully Identified as Duplicate,NA,Pass,No Defect,,NIL,Good to go,GOOD OUTPUT,,,
TL-1640,2026-06-20,Lavanya Mathialagan,GDB,0.1,NIL,Web App,English,1f16c88d-8e19-6292-8005-5c268b30a6a2,I am facing a problem with my mango trees. What could be the issue and how can I address it? I am from in Uttar Pradesh,Plant protection,14:47:00,14:47:23,0.4,Within SLA,Successfully Identified as Duplicate,Well Framed,English,English,Correct,NIL,Correctly Tagged as Duplicate,NA,NA,NA,NA,NA,NA,NA,NA,NA,NA,NA,NA,NA,NA,NA,NA,NA,NA,NA,NA,NA,NA,NA,NA,NA,NA,NA,NA,NA,NA,Yes,Yes,Successfully Identified as Duplicate,Provided & Relevant,NA,NA,Successfully Identified as Duplicate,Successfully Identified as Duplicate,Yes,Yes,Clear,Clear,NIL,NA,NA,NA,Duplicate,Duplicate,Successfully Identified as Duplicate,NA,Pass,No Defect,,NIL,Good to go,GOOD OUTPUT,,,
TL-1641,2026-06-20,Lavanya Mathialagan,GDB,0.1,NIL,Web App,English,1f16c895-a013-6c0c-8005-378c8db216f7,Information about control of flower dropping in Mango in Uttar Pradesh.,Plant protection,14:51:00,14:51:00,0.0,Within SLA,Successfully Identified as Duplicate,Well Framed,English,English,Correct,NIL,Correctly Tagged as Duplicate,NA,NA,NA,NA,NA,NA,NA,NA,NA,NA,NA,NA,NA,NA,NA,NA,NA,NA,NA,NA,NA,NA,NA,NA,NA,NA,NA,NA,NA,NA,Yes,Yes,Successfully Identified as Duplicate,Provided & Relevant,NA,NA,Successfully Identified as Duplicate,Successfully Identified as Duplicate,Yes,Yes,Clear,Clear,NIL,NA,NA,NA,Duplicate,Duplicate,Successfully Identified as Duplicate,NA,Pass,No Defect,,NIL,Good to go,GOOD OUTPUT,,,
TL-1642,2026-06-20,Lavanya Mathialagan,GDB,0.1,NIL,Web App,English,1f16c89b-7839-6dec-8005-d9eef1a04e5e,Information about disease control in Mango plant in Uttar Pradesh,Disease Management,14:53:00,2:53:37 PM,0.6,Within SLA,Successfully Identified as Duplicate,Well Framed,English,English,Correct,NIL,Correctly Tagged as Duplicate,NA,NA,NA,NA,NA,NA,NA,NA,NA,NA,NA,NA,NA,NA,NA,NA,NA,NA,NA,NA,NA,NA,NA,NA,NA,NA,NA,NA,NA,NA,Yes,Yes,Successfully Identified as Duplicate,Provided & Relevant,NA,NA,Successfully Identified as Duplicate,Successfully Identified as Duplicate,Yes,Yes,Clear,Clear,NIL,NA,NA,NA,Duplicate,Duplicate,Successfully Identified as Duplicate,NA,Pass,info,,NIL,Question focus disease control but the reference answer gives pest control along with disease control ,Expected output,,,
TL-1643,2026-06-20,Lavanya Mathialagan,GDB,0.1,NIL,Web App,English,1f16c89f-61cd-6454-8005-e7cedbd5d143,Information about Fungus control in Mango in Uttar Pradesh,Disease Management,14:55:00,14:55:22,0.4,Within SLA,Successfully Identified as Duplicate,Well Framed,English,English,Correct,NIL,Correctly Tagged as Duplicate,NA,NA,NA,NA,NA,NA,NA,NA,NA,NA,NA,NA,NA,NA,NA,NA,NA,NA,NA,NA,NA,NA,NA,NA,NA,NA,NA,NA,NA,NA,Yes,Yes,Successfully Identified as Duplicate,Provided & Relevant,NA,NA,Successfully Identified as Duplicate,Successfully Identified as Duplicate,Yes,Yes,Clear,Clear,NIL,NA,NA,NA,Duplicate,Duplicate,Successfully Identified as Duplicate,NA,Pass,info,,NIL,Question focus fungal control but the reference answer gives pest control along with fungal control ,Expected output,,,
TL-1644,2026-06-22,Lavanya Mathialagan,GDB,0.1,NIL,Web App,English,1f16e206-1899-6158-8005-cc850d3be9cf,"
What should I do if pests/insects are attacking my okra crop in Uttar Pradesh?",Insect–Pest Management,15:24:00,15:24:37,0.6,Within SLA,Successfully Identified as Duplicate,Well Framed,English,English,Correct,NIL,Correctly Tagged as Duplicate,NA,NA,NA,NA,NA,NA,NA,NA,NA,NA,NA,NA,NA,NA,NA,NA,NA,NA,NA,NA,NA,NA,NA,NA,NA,NA,NA,NA,NA,NA,Yes,Yes,Successfully Identified as Duplicate,Provided & Relevant,NA,NA,Successfully Identified as Duplicate,Successfully Identified as Duplicate,Yes,Yes,Clear,Clear,NIL,NA,NA,NA,Duplicate,Duplicate,Successfully Identified as Duplicate,Yes,Pass,No Defect,,NIL,Good to go,GOOD OUTPUT,,,
TL-1645,2026-06-22,Lavanya Mathialagan,GDB,0.1,NIL,WhatsApp,English,1f16e208-21a2-679b-8005-4ec63c99ed7f,"
What should I do if pests/insects are attacking my okra crop in Uttar Pradesh?",Insect–Pest Management,15:25:00,15:25:32,0.5,Within SLA,Successfully Identified as Duplicate,Well Framed,English,English,Correct,NIL,Correctly Tagged as Duplicate,NA,NA,NA,NA,NA,NA,NA,NA,NA,NA,NA,NA,NA,NA,NA,NA,NA,NA,NA,NA,NA,NA,NA,NA,NA,NA,NA,NA,NA,NA,Yes,Yes,Successfully Identified as Duplicate,Provided & Relevant,NA,NA,Successfully Identified as Duplicate,Successfully Identified as Duplicate,Yes,Yes,Clear,Clear,NIL,NA,NA,NA,Duplicate,Duplicate,Successfully Identified as Duplicate,Yes,Pass,No Defect,,NIL,Good to go,GOOD OUTPUT,,,
TL-1648,2026-06-22,Lavanya Mathialagan,GDB,0.1,NIL,Web App,English,1f16e23f-81ec-6a6f-8005-3a81c0b0867c,What are the comprehensive plant protection measures for okra cultivation in Uttar Pradesh?,Plant protection,15:50:00,3:50:19 PM,19sec,Within SLA,Successfully Identified as Duplicate,Well Framed,English,English,Correct,NIL,Correctly Tagged as Duplicate,NA,NA,NA,NA,NA,NA,NA,NA,NA,NA,NA,NA,NA,NA,NA,NA,NA,NA,NA,NA,NA,NA,NA,NA,NA,NA,NA,NA,NA,NA,Partially Correct,Yes,Yes,Provided & Relevant,NA,NA,Successfully Identified as Duplicate,Successfully Identified as Duplicate,Yes,Yes,Clear,Clear,NIL,NA,NA,NA,Duplicate,Duplicate,Successfully Identified as Duplicate,Yes,Pass,Info,,NIL,Question focus on plant protection but the reference answer contains only the management of pest. Therefore disease management must be added,Expected output,,,
TL-1649,2026-06-22,Lavanya Mathialagan,GDB,0.1,NIL,WhatsApp,English,1f16e25c-7716-6441-8013-68c5efe65551,What are the comprehensive plant protection measures for okra cultivation in Uttar Pradesh?,Plant protection,16:03:00,16:03:16,0.3,Within SLA,Successfully Identified as Duplicate,Well Framed,English,English,Correct,NIL,Correctly Tagged as Duplicate,NA,NA,NA,NA,NA,NA,NA,NA,NA,NA,NA,NA,NA,NA,NA,NA,NA,NA,NA,NA,NA,NA,NA,NA,NA,NA,NA,NA,NA,NA,Partially Correct,Wrong Expert,No,Provided & Relevant,NA,NA,Successfully Identified as Duplicate,Successfully Identified as Duplicate,NA,NA,NA,NA,NA,NA,NA,NA,Duplicate,Duplicate,Successfully Identified as Duplicate,Yes,Pass,Info,,NIL,Question focus on plant protection but the reference answer contains only the management of pest. Therefore disease management must be added. Expert name is wrong instead of an expert moderator name is given,Expected output,,,
TL-1650,2026-06-22,Lavanya Mathialagan,GDB,0.1,NIL,Web App,English,1f16e270-5d34-6663-8005-2e576ef2c69e,What are the recommended varieties of okra (bhindi) for cultivation in Uttar Pradesh?,Seed and Variety Selection,16:12:00,16:12:10,0.2,Within SLA,Successfully Identified as Duplicate,Well Framed,English,English,Correct,NIL,Correctly Tagged as Duplicate,NA,NA,NA,NA,NA,NA,NA,NA,NA,NA,NA,NA,NA,NA,NA,NA,NA,NA,NA,NA,NA,NA,NA,NA,NA,NA,NA,NA,NA,NA,Yes,Yes,Yes,Provided & Irrelevant,NA,NA,Successfully Identified as Duplicate,Successfully Identified as Duplicate,Yes,No,Clear,No Output,Voice output error processing failed status code 500 ,NA,NA,NA,Duplicate,Duplicate,Successfully Identified as Duplicate,Yes,Pass,Info,,NIL,Answer provided is correct but the source is irrelevant,Expected output,,,
TL-1651,2026-06-22,Lavanya Mathialagan,GDB,0.1,NIL,WhatsApp,English,1f16e270-f0a5-6219-801a-fab656021c0f,What are the recommended varieties of okra (bhindi) for cultivation in Uttar Pradesh?,Seed and Variety Selection,16:12:00,16:12:26,0.4,Within SLA,Successfully Identified as Duplicate,Well Framed,English,English,Correct,NIL,Correctly Tagged as Duplicate,NA,NA,NA,NA,NA,NA,NA,NA,NA,NA,NA,NA,NA,NA,NA,NA,NA,NA,NA,NA,NA,NA,NA,NA,NA,NA,NA,NA,NA,NA,Yes,Yes,Yes,Provided & Irrelevant,NA,NA,Successfully Identified as Duplicate,Successfully Identified as Duplicate,NA,NA,NA,NA,NA,NA,NA,NA,Duplicate,Duplicate,Successfully Identified as Duplicate,Yes,Pas,Info,,NIL,Answer provided is correct but the source is irrelevant,Expected output,,,
TL-1652,2026-06-22,Lavanya Mathialagan,GDB,0.1,NIL,Web App,English,1f16e285-20cd-6248-8005-2883ee6c9fd6,What are the common insect problems in okra and how can they be managed effectively in Uttar Pradesh?,Insect–Pest Management,16:21:00,16:21:27,0.4,Within SLA,Successfully Identified as Duplicate,Well Framed,English,English,Correct,NIL,Correctly Tagged as Duplicate,NA,NA,NA,NA,NA,NA,NA,NA,NA,NA,NA,NA,NA,NA,NA,NA,NA,NA,NA,NA,NA,NA,NA,NA,NA,NA,NA,NA,NA,NA,Yes,Yes,Yes,Provided & Relevant,NA,NA,Successfully Identified as Duplicate,Successfully Identified as Duplicate,Yes,No,Clear,No Output,"
Voice output error processing failed status code 500 
",NA,NA,NA,Duplicate,Duplicate,Successfully Identified as Duplicate,Yes,Pass,No Defect,,NIL,Good to go,GOOD OUTPUT,,,
TL-1653,2026-06-22,Lavanya Mathialagan,GDB,0.1,NIL,WhatsApp,English,1f16e28c-7130-6d44-8021-32152bd3218c,What are the common insect problems in okra and how can they be managed effectively in Uttar Pradesh?,Insect–Pest Management,16:24:00,16:24:44,0.7,Within SLA,Successfully Identified as Duplicate,Well Framed,English,English,Correct,NIL,Correctly Tagged as Duplicate,NA,NA,NA,NA,NA,NA,NA,NA,NA,NA,NA,NA,NA,NA,NA,NA,NA,NA,NA,NA,NA,NA,NA,NA,NA,NA,NA,NA,NA,NA,Yes,Yes,Yes,Provided & Relevant,NA,NA,Successfully Identified as Duplicate,Successfully Identified as Duplicate,NA,NA,NA,NA,NA,NA,NA,NA,Duplicate,Duplicate,Successfully Identified as Duplicate,Yes,Pass,No Defect,,NIL,Good to go,GOOD OUTPUT,,,
TL-1656,2026-06-22,Lavanya Mathialagan,GDB,0.1,NIL,Web App,English,1f16e299-e863-6a64-8005-a8011e41eeff,What is the recommended seed rate for okra (bhindi) cultivation in Uttar Pradesh?,Seed and Variety Selection,16:30:00,4:30:45 PM,0.7,Within SLA,Successfully Identified as Duplicate,Well Framed,English,English,Correct,NIL,Correctly Tagged as Duplicate,NA,NA,NA,NA,NA,NA,NA,NA,NA,NA,NA,NA,NA,NA,NA,NA,NA,NA,NA,NA,NA,NA,NA,NA,NA,NA,NA,NA,NA,NA,Yes,Yes,Yes,Provided & Relevant,NA,NA,Successfully Identified as Duplicate,Successfully Identified as Duplicate,Yes,No,Clear,No Output,"
Voice output error processing failed status code 500 
",NA,NA,NA,Duplicate,Duplicate,Successfully Identified as Duplicate,Yes,Pass,No Defect,,NIL,Good to go,GOOD OUTPUT,,,
TL-1657,2026-06-22,Lavanya Mathialagan,GDB,0.1,NIL,WhatsApp,English,1f16e29a-19f5-61a0-802f-135be319bcc3,What is the recommended seed rate for okra (bhindi) cultivation in Uttar Pradesh?,Seed and Variety Selection,16:30:00,16:30:50,0.8,Within SLA,Successfully Identified as Duplicate,Well Framed,English,English,Correct,NIL,Correctly Tagged as Duplicate,NA,NA,NA,NA,NA,NA,NA,NA,NA,NA,NA,NA,NA,NA,NA,NA,NA,NA,NA,NA,NA,NA,NA,NA,NA,NA,NA,NA,NA,NA,Yes,Yes,Yes,Provided & Relevant,NA,NA,Successfully Identified as Duplicate,Successfully Identified as Duplicate,NA,NA,NA,NA,NA,NA,NA,NA,Duplicate,Duplicate,Successfully Identified as Duplicate,Yes,Pass,No Defect,,NIL,Good to go,GOOD OUTPUT,,,
TL-1658,2026-06-22,Lavanya Mathialagan,GDB,0.1,NIL,Web App,English,1f16e2ac-49a8-621a-8005-87e57d68fd5b,How can I manage fruit borer infestation in okra (bhindi) in Uttar Pradesh?,Insect–Pest Management,16:38:00,16:38:59,1.0,Within SLA,Successfully Identified as Duplicate,Well Framed,English,English,Correct,NIL,Correctly Tagged as Duplicate,NA,NA,NA,NA,NA,NA,NA,NA,NA,NA,NA,NA,NA,NA,NA,NA,NA,NA,NA,NA,NA,NA,NA,NA,NA,NA,NA,NA,NA,NA,Yes,Yes,Yes,Provided & Relevant,NA,NA,Successfully Identified as Duplicate,Successfully Identified as Duplicate,Yes,No,Clear,No Output,"
Voice output error processing failed status code 500 
",NA,NA,NA,Duplicate,Duplicate,Successfully Identified as Duplicate,Yes,Pass,No Defect,,NIL,Good to go,GOOD OUTPUT,,,
TL-1659,2026-06-22,Lavanya Mathialagan,GDB,0.1,NIL,WhatsApp,English,1f16e2ac-e730-681c-8038-7ffb07de2083,How can I manage fruit borer infestation in okra (bhindi) in Uttar Pradesh?,Insect–Pest Management,16:39:00,16:39:15,0.3,Within SLA,Successfully Identified as Duplicate,Well Framed,English,English,Correct,NIL,Correctly Tagged as Duplicate,NA,NA,NA,NA,NA,NA,NA,NA,NA,NA,NA,NA,NA,NA,NA,NA,NA,NA,NA,NA,NA,NA,NA,NA,NA,NA,NA,NA,NA,NA,Yes,Yes,Yes,Provided & Relevant,NA,NA,Successfully Identified as Duplicate,Successfully Identified as Duplicate,NA,NA,NA,NA,NA,NA,NA,NA,Duplicate,Duplicate,Successfully Identified as Duplicate,Yes,Pass,No Defect,,NIL,Good to go,GOOD OUTPUT,,,
TL-1660,2026-06-22,Lavanya Mathialagan,GDB,0.1,NIL,Web App,English,1f16e2b2-537e-6732-8005-ca84eb243f40,How do I manage thrips infestation in okra (bhindi) in Uttar Pradesh?,Insect–Pest Management,16:41:00,16:41:41,0.7,Within SLA,Successfully Identified as Duplicate,Well Framed,English,English,Correct,NIL,Correctly Tagged as Duplicate,NA,NA,NA,NA,NA,NA,NA,NA,NA,NA,NA,NA,NA,NA,NA,NA,NA,NA,NA,NA,NA,NA,NA,NA,NA,NA,NA,NA,NA,NA,Yes,Yes,Yes,Provided & Relevant,NA,NA,Successfully Identified as Duplicate,Successfully Identified as Duplicate,Yes,No,Clear,No Output,"
Voice output error processing failed status code 500 
",NA,NA,NA,Duplicate,Duplicate,Successfully Identified as Duplicate,Yes,Pass,No Defect,,NIL,Good to go,GOOD OUTPUT,,,
TL-1661,2026-06-22,Lavanya Mathialagan,GDB,0.1,NIL,WhatsApp,English,1f16e2b2-9712-6338-803f-f399524ff59d,How do I manage thrips infestation in okra (bhindi) in Uttar Pradesh?,Insect–Pest Management,16:41:00,16:41:48,0.8,Within SLA,Successfully Identified as Duplicate,Well Framed,English,English,Correct,NIL,Correctly Tagged as Duplicate,NA,NA,NA,NA,NA,NA,NA,NA,NA,NA,NA,NA,NA,NA,NA,NA,NA,NA,NA,NA,NA,NA,NA,NA,NA,NA,NA,NA,NA,NA,Yes,Yes,Yes,Provided & Relevant,NA,NA,Successfully Identified as Duplicate,Successfully Identified as Duplicate,NA,NA,NA,NA,NA,NA,NA,NA,Duplicate,Duplicate,Successfully Identified as Duplicate,Yes,Pass,No Defect,,NIL,Good to go,GOOD OUTPUT,,,
TL-1662,2026-06-22,Lavanya Mathialagan,GDB,0.1,NIL,Web App,English,1f16e2b9-6dbe-6d13-8005-9b03e66711aa,What are the methods for controlling sucking pests in okra crops in Uttar Pradesh?,Insect–Pest Management,16:44:00,16:44:51,51 sec,Within SLA,Successfully Identified as Duplicate,Well Framed,English,English,Correct,NIL,Correctly Tagged as Duplicate,NA,NA,NA,NA,NA,NA,NA,NA,NA,NA,NA,NA,NA,NA,NA,NA,NA,NA,NA,NA,NA,NA,NA,NA,NA,NA,NA,NA,NA,NA,Yes,Yes,Yes,Provided & Relevant,NA,NA,Successfully Identified as Duplicate,Successfully Identified as Duplicate,Yes,No,Clear,No Output,"
Voice output error processing failed status code 500 
",NA,NA,NA,Duplicate,Duplicate,Successfully Identified as Duplicate,Yes,Pass,No Defect,,NIL,Good to go,GOOD OUTPUT,,,
TL-1665,2026-06-20,Nimisha,GDB,0.1,NIL,Web App,Hindi,1f16cc19-622f-68b4-8005-b6bb1992cc7a,What is the recommended approach for early post-emergence weed control in maize in Uttar Pradesh,Weed Management,21:33:32,21:53:32,20.0,Within SLA,Yes,Well Framed,Hindi,English,good,NA,Correctly Tagged as Duplicate,NA,Ankit Jaiswal,NA,NA,NA,NA,NA,NA,NA,NA,NA,NA,NA,NA,NA,NA,NA,NA,NA,NA,NA,NA,NA,NA,NA,NA,NA,NA,NA,NA,Yes,Yes,Yes,Yes,NA,NA,NA,NA,Yes,Yes,Clear,Clear,NA,NA,NA,NA,Yes,Saved,Successfully Identified as Duplicate,NA,Pass,No Defect,,NIL,GDB question tested and passed succesfully,satisfactory output,,,
TL-1666,2026-06-20,Nimisha,GDB,0.1,NIL,Web App,Hindi,1f16cbac-6e48-6c07-8005-14d11767f9d3,What are the comprehensive plant protection measures for maize cultivation in Uttar Pradesh?,Plant protection,20:44:48,20:54:48,10.0,Within SLA,Yes,Well Framed,Hindi,English,good,NA,Correctly Tagged as Duplicate,NA,Shivendra Pratap Singh,NA,NA,NA,NA,NA,NA,NA,NA,NA,NA,NA,NA,NA,NA,NA,NA,NA,NA,NA,NA,NA,NA,NA,NA,NA,NA,NA,NA,Yes,Yes,Yes,Yes,NA,NA,NA,NA,Yes,Yes,Clear,Clear,longer text takes more time,NA,NA,NA,Yes,Saved,Successfully Identified as Duplicate,NA,Pass,No Defect,,NIL,GDB question tested and passed succesfully,satisfactory output,,,
TL-1667,2026-06-20,Nimisha,GDB,0.1,NIL,Web App,Hindi,1f16cada-8038-6b32-8005-984bc3793fe2,How can I control termite infestation in my maize crop in Uttar Pradesh?,Plant protection,19:10:52,19:33:52,23.0,Within SLA,Yes,Well Framed,Hindi,English,good,NA,Correctly Tagged as Duplicate,NA,Rajwant Kaur,NA,NA,NA,NA,NA,NA,NA,NA,NA,NA,NA,NA,NA,NA,NA,NA,NA,NA,NA,NA,NA,NA,NA,NA,NA,NA,NA,NA,Partially Correct,Yes,Yes,Yes,NA,NA,NA,NA,Yes,Yes,Clear,Clear,NA,NA,NA,NA,Yes,Saved,Successfully Identified as Duplicate,NA,Partial,missed few points,,NIL,Answer is incomplete,"unsatisfactory output, ticket raise",,,
TL-1668,2026-06-20,Nimisha,GDB,0.1,NIL,Web App,Hindi,1f16cabf-8d4f-6140-8005-0f69ddef5998,How can I effectively manage stem borer infestation in my maize crop in Uttar Pradesh?,Plant protection,18:58:49,19:08:49,10.0,Within SLA,Yes,Well Framed,Hindi,English,good,NA,Correctly Tagged as Duplicate,NA,Ankit Jaiswal,NA,NA,NA,NA,NA,NA,NA,NA,NA,NA,NA,NA,NA,NA,NA,NA,NA,NA,NA,NA,NA,NA,NA,NA,NA,NA,NA,NA,Yes,Yes,Yes,Yes,NA,NA,NA,NA,NA,NA,Clear,Clear,NA,NA,NA,NA,Yes,Saved,Successfully Identified as Duplicate,NA,Pass,No Defect,,NIL,GDB question tested and passed succesfully,satisfactory output,,,
TL-1737,2026-06-21,Ithagani Shireesha,Unique,0.1,NIL,Web App,English,1f16d258-81ac-65e3-8005-45d0e36709a8,What are the guidelines and precautions regarding chemical spraying in onion crops just before harvesting in Andhra Pradesh?,Plant protection,09:28:00,18:37:44,549.7,SLA Breached,Yes,Well Framed,English,English,Correct,NIL,Correctly Tagged as Duplicate,YES,Prerna Bharti,NA,NA,NA,NA,NA,NA,NA,NA,NA,NA,NA,NA,NA,NA,NA,NA,NA,NA,NA,NA,NA,NA,NA,NA,NA,NA,NA,Yes,Yes,Yes,Yes,Provided and relevant,NA,Not Received,NA,NA,Yes,Yes,Clear,Clear,NIL,NA,NA,NA,Saved,Saved,Successfully Identified as Duplicate,NA,Pass,Critical,,NIL,Good output,,,,
TL-1741,2026-06-21,Ithagani Shireesha,Unique,0.1,NIL,Web App,English,1f16d287-1d26-6f04-8005-2a699e2ce0d3,What is the mechanism of cross-pollination in onion crops and how does it affect cultivation in Andhra Pradesh?,Seed and Variety Selection,09:49:00,16:35:30,406.5,SLA Breached,Yes,Well Framed,English,English,Correct,NIL,Correctly Tagged as Duplicate,YES,Lovely,NA,NA,NA,NA,NA,NA,NA,NA,NA,NA,NA,NA,NA,NA,NA,NA,NA,NA,NA,NA,NA,NA,NA,NA,NA,NA,NA,Yes,Yes,Yes,Yes,Provided and relevant,NA,Not Received,NA,NA,Yes,Yes,Clear,Clear,NIL,NA,NA,NA,Saved,Saved,Successfully Identified as Duplicate,NA,Pass,Critical,,NIL,Good output,,,,
TL-1742,2026-06-21,Ithagani Shireesha,Unique,0.1,NIL,Web App,English,1f16d294-13d2-6632-8005-7cac0dc57097,What are the best practices for nutrient management in mango orchards to ensure healthy growth and high fruit yield in Andhra Pradesh?,Soil Health and Nutrient Management,09:55:00,16:51:47,416.8,SLA Breached,Yes,Well Framed,English,English,Correct,NIL,Correctly Tagged as Duplicate,YES,Neelima M B,NA,NA,NA,NA,NA,NA,NA,NA,NA,NA,NA,NA,NA,NA,NA,NA,NA,NA,NA,NA,NA,NA,NA,NA,NA,NA,NA,Yes,Yes,Yes,Yes,Provided and relevant,NA,Not Received,NA,NA,Yes,Yes,Clear,Clear,NIL,NA,NA,NA,Saved,Saved,Successfully Identified as Duplicate,NA,Pass,Critical,,NIL,Good output,,,,
TL-1744,2026-06-21,Ithagani Shireesha,Unique,0.1,NIL,Web App,English,1f16d2c1-9aa1-6a21-8005-05a320b92f32,"What are the primary causes of flower drop in mango trees, and what management practices can be implemented to prevent it in Andhra Pradesh?",Soil Health and Nutrient Management,10:15:00,08:05:46,-129.2,SLA Breached,Yes,Well Framed,English,English,Correct,NIL,Correctly Tagged as Duplicate,YES,Soumya R,NA,NA,NA,NA,NA,NA,NA,NA,NA,NA,NA,NA,NA,NA,NA,NA,NA,NA,NA,NA,NA,NA,NA,NA,NA,NA,NA,Yes,Yes,Yes,Yes,provided and relevant,NA,Not Received,NA,NA,Yes,Yes,Clear,Clear,NIL,NA,NA,NA,Saved,Saved,Successfully Identified as Duplicate,NA,Pass,Critical,,NIL,Good output,,,,
TL-1746,2026-06-21,Ithagani Shireesha,Unique,0.1,NIL,Web App,English,1f16d305-ceea-6139-8005-6ea06c566984,What are the best practices and management techniques to induce and improve flowering in mango trees in Andhra Pradesh?,Soil Health and Nutrient Management,10:46:00,23:45:05,779.1,SLA Breached,Yes,Well Framed,English,English,Correct,NIL,Correctly Tagged as Duplicate,YES,Prerna Bharti,NA,NA,NA,NA,NA,NA,NA,NA,NA,NA,NA,NA,NA,NA,NA,NA,NA,NA,NA,NA,NA,NA,NA,NA,NA,NA,NA,Yes,Yes,Yes,Yes,Provided and relevant,NA,Not Received,NA,NA,Yes,Yes,Clear,Clear,NIL,NA,NA,NA,Saved,Saved,Successfully Identified as Duplicate,NA,Pass,Critical,,NIL,Good output,,,,
TL-1748,2026-06-21,Ithagani Shireesha,Unique,0.1,NIL,Web App,English,1f16d30f-c204-65fe-8005-eb018f34ca5d,What are the recommended practices and guidelines for the foliar application of plant growth regulators and hormones in mango cultivation in Andhra Pradesh?,Plant protection,10:50:00,17:40:51,410.9,SLA Breached,Yes,Well Framed,English,English,Correct,NIL,Correctly Tagged as Duplicate,YES,Soumya R,NA,NA,NA,NA,NA,NA,NA,NA,NA,NA,NA,NA,NA,NA,NA,NA,NA,NA,NA,NA,NA,NA,NA,NA,NA,NA,NA,Yes,Yes,Yes,Yes,Provided and relevant,NA,Not Received,NA,NA,Yes,Yes,Clear,Clear,NIL,NA,NA,NA,Saved,Saved,Successfully Identified as Duplicate,NA,Pass,Critical,,NIL,Good output,,,,
TL-1751,2026-06-21,Ithagani Shireesha,Unique,0.1,NIL,Web App,English,1f16d314-b06c-6d56-8005-779c419a5692,What are the causes of black spots on mango fruits and how can they be effectively managed in Andhra Pradesh?,Plant protection,10:53:00,22:17:50,684.8,SLA Breached,Yes,Well Framed,English,English,Correct,NIL,Correctly Tagged as Duplicate,YES,Suresh Bhardwaj,NA,NA,NA,NA,NA,NA,NA,NA,NA,NA,NA,NA,NA,NA,NA,NA,NA,NA,NA,NA,NA,NA,NA,NA,NA,NA,NA,Yes,Yes,Yes,Yes,Provided and relevant,NA,Not Received,NA,NA,Yes,Yes,Clear,Clear,NIL,NA,NA,NA,Saved,Saved,Successfully Identified as Duplicate,NA,Pass,Critical,,NIL,Good output,,,,
TL-1752,2026-06-21,Ithagani Shireesha,Unique,0.1,NIL,Web App,English,1f16d316-5412-6b03-8005-aa3149dc437a,What is the appropriate fertilizer application schedule and nutrient management protocol for a two-month-old mango sapling in Andhra Pradesh?,Soil Health and Nutrient Management,10:53:54,21:05:03,611.2,SLA Breached,Yes,Well Framed,English,English,Correct,NIL,Correctly Tagged as Duplicate,YES,B. Sasidhar,NA,NA,NA,NA,NA,NA,NA,NA,NA,NA,NA,NA,NA,NA,NA,NA,NA,NA,NA,NA,NA,NA,NA,NA,NA,NA,NA,Yes,Yes,Yes,Yes,Provided and relevant,NA,Not Received,NA,NA,Yes,Yes,Clear,Clear,NIL,NA,NA,NA,Saved,Saved,Successfully Identified as Duplicate,NA,Pass,Critical,,NIL,Good output,,,,
TL-1753,2026-06-21,Ithagani Shireesha,Unique,0.1,NIL,Web App,English,1f16d317-ed4a-6fae-8005-c1146f8b6b69,What are the effective management strategies for controlling Inflorescence Midge in mango crops in Andhra Pradesh?,Insect–Pest Management,10:54:37,17:44:40,410.1,SLA Breached,Yes,Well Framed,English,English,Correct,NIL,Correctly Tagged as Duplicate,YES,Soumya R,NA,NA,NA,NA,NA,NA,NA,NA,NA,NA,NA,NA,NA,NA,NA,NA,NA,NA,NA,NA,NA,NA,NA,NA,NA,NA,NA,Yes,Yes,Yes,Yes,Provided and relevant,NA,Not Received,NA,NA,Yes,Yes,Clear,Clear,NIL,NA,NA,NA,Saved,Saved,Successfully Identified as Duplicate,NA,Pass,Critical,,NIL,Good output,,,,
TL-1754,2026-06-21,Ithagani Shireesha,Unique,0.1,NIL,Web App,English,1f16d31e-0253-6516-8005-8f73f4d71cf7,What is the recommended dosage and application method for Potash (Potassium) in mango cultivation to ensure better fruit quality in Andhra Pradesh?,Soil Health and Nutrient Management,10:57:00,22:52:11,715.2,SLA Breached,Yes,Well Framed,English,English,Correct,NIL,Correctly Tagged as Duplicate,YES,Lakshmi Aravind,NA,NA,NA,NA,NA,NA,NA,NA,NA,NA,NA,NA,NA,NA,NA,NA,NA,NA,NA,NA,NA,NA,NA,NA,NA,NA,NA,Yes,Yes,Yes,Yes,Provided and relevant,NA,Not Received,NA,NA,Yes,Yes,Clear,Clear,NIL,NA,NA,NA,Saved,Saved,Successfully Identified as Duplicate,NA,Pass,Critical,,NIL,Good output,,,,
TL-1755,2026-06-21,Ithagani Shireesha,Unique,0.1,NIL,Web App,English,1f16d31f-e81b-6bab-8005-e5682d614a38,What are the causes and management strategies for controlling the yellowing of leaves in mango trees in Andhra Pradesh?,Disease Management,10:58:00,18:30:57,453.0,SLA Breached,Yes,Well Framed,English,English,Correct,NIL,Correctly Tagged as Duplicate,YES,Anil Kumar S,NA,NA,NA,NA,NA,NA,NA,NA,NA,NA,NA,NA,NA,NA,NA,NA,NA,NA,NA,NA,NA,NA,NA,NA,NA,NA,NA,Yes,Yes,Yes,Yes,Provided and relevant,NA,Not Received,NA,NA,Yes,Yes,Clear,Clear,NIL,NA,NA,NA,Saved,Saved,Successfully Identified as Duplicate,NA,Pass,Critical,,NIL,Good output,,,,
TL-1756,2026-06-21,Ithagani Shireesha,Unique,0.1,NIL,Web App,English,1f16d329-83d4-6315-8005-0a653c1ead40,What is the correct procedure for preparing and applying Bordeaux paste in mango orchards in Andhra Pradesh?,Plant protection,11:02:00,07:47:24,-194.6,SLA Breached,Yes,Well Framed,English,English,Correct,NIL,Correctly Tagged as Duplicate,YES,B. Sasidhar,NA,NA,NA,NA,NA,NA,NA,NA,NA,NA,NA,NA,NA,NA,NA,NA,NA,NA,NA,NA,NA,NA,NA,NA,NA,NA,NA,Yes,Yes,Yes,Yes,Provided and relevant,NA,Not Received,NA,NA,Yes,Yes,Clear,Clear,NIL,NA,NA,NA,Saved,Saved,Successfully Identified as Duplicate,NA,Pass,Critical,,NIL,Good output,,,,
TL-1772,2026-06-21,CH. Sharmila,Unique,0.1,NIL,Web App,English,1f16d313-9489-6011-8005-1ffe956721ca,What is the ideal time for planting mango saplings and what are the best practices for successful establishment in Andhra Pradesh?,Cultural and Crop Management Practices,10:52:40,10:52:50,0.2,Within SLA,No,Well Framed,English,English,correct,NIL,Correctly Tagged as Duplicate,no,Deepika Rathore,NA,NA,NA,NA,NA,NA,NA,NA,NA,NA,NA,NA,NA,NA,NA,NA,NA,NA,NA,NA,NA,NA,NA,NA,NA,NA,NA,NA,Yes,Yes,Yes,Yes,NA,NA,NA,NA,Yes,Yes,Clear,Clear,NO ISSUE,NA,NA,NA,Yes,Saved,Successfully Identified as Duplicate,Yes,Pass,No Defect,NIL,NIL,NIL,EXPECTED OUTPUT,,,
TL-1777,2026-06-21,CH. Sharmila,Unique,0.1,NIL,WhatsApp,English,1f16d339-e341-6b9c-800c-44083eac72c6,"What are the causes, symptoms, and management strategies for Mango Malformation in Andhra Pradesh?",Plant protection,11:09:49,11:10:00,0.2,Within SLA,No,Well Framed,English,English,correct,NIL,NA,YES,Monica M,NA,NA,NA,NA,NA,NA,NA,NA,NA,NA,NA,NA,NA,NA,NA,NA,NA,NA,NA,NA,NA,NA,NA,NA,NA,NA,NA,NA,Yes,Yes,Yes,Yes,NA,NA,NA,NA,Yes,Yes,Clear,Clear,NO ISSUE,NA,NA,NA,Yes,Saved,Successfully Identified as Duplicate,Yes,Pass,No Defect,NIL,NIL,NIL,EXPECTED OUTPUT,,,
TL-1784,2026-06-21,CH. Sharmila,Unique,0.1,NIL,WhatsApp,English,1f16d2d3-389b-61e4-8005-44e8be57e3e5,What are the best agronomic practices and nutrient management strategies to ensure better growth and higher productivity in mango orchards in Andhra Pradesh?,Cultural and Crop Management Practices,11:29:49,11:30:00,0.2,Within SLA,No,Well Framed,English,English,correct,NIL,Correctly Tagged as Duplicate,NO,C.Sai Durga,NA,NA,NA,NA,NA,NA,NA,NA,NA,NA,NA,NA,NA,NA,NA,NA,NA,NA,NA,NA,NA,NA,NA,NA,NA,NA,NA,NA,Yes,Yes,Yes,Yes,NA,NA,NA,NA,Yes,Yes,Clear,Clear,NO ISSUE,NA,NA,NA,Yes,Saved,Successfully Identified as Duplicate,Yes,Pass,No Defect,NIL,NIL,NIL,EXPECTED OUTPUT,,,
TL-1787,2026-06-21,CH. Sharmila,GDB,0.1,NIL,Web App,English,1f16d3a2-e10e-6362-8005-8e67bd2c424b,What are the recommended varieties of green gram (moong) for cultivation?,Seed and Variety Selection,11:56:47,11:57:00,0.2,Within SLA,No,Well Framed,English,English,correct,NIL,Correctly Tagged as Duplicate,NO,Rojan Darjee,NA,NA,NA,NA,NA,NA,NA,NA,NA,NA,NA,NA,NA,NA,NA,NA,NA,NA,NA,NA,NA,NA,NA,NA,NA,NA,NA,NA,Yes,Yes,Yes,Yes,NA,NA,NA,NA,Yes,Yes,Clear,Clear,NO ISSUE,NA,NA,NA,Yes,Saved,Successfully Identified as Duplicate,Yes,Pass,No Defect,NIL,NIL,NIL,EXPECTED OUTPUT,,,
TL-1788,2026-06-21,CH. Sharmila,GDB,0.1,NIL,Web App,English,1f16d3bc-9014-6795-8005-c404baaaa4f1,What should I do if my green gram crop is infested with aphids (sundi)  in Uttar Pradesh?,Plant protection,12:08:16,12:08:20,0.1,Within SLA,No,Well Framed,English,English,correct,NIL,Correctly Tagged as Duplicate,NO,Satarupa Saha,NA,NA,NA,NA,NA,NA,NA,NA,NA,NA,NA,NA,NA,NA,NA,NA,NA,NA,NA,NA,NA,NA,NA,NA,NA,NA,NA,NA,Yes,Yes,Yes,Yes,NA,NA,NA,NA,Yes,Yes,Clear,Clear,NO ISSUE,NA,NA,NA,Yes,Saved,Successfully Identified as Duplicate,Yes,Pass,No Defect,NIL,NIL,NIL,EXPECTED OUTPUT,,,
TL-1790,2026-06-21,CH. Sharmila,GDB,0.1,NIL,Web App,English,1f16d3d7-203c-665c-8005-8bf9b66359ea,How to manage pod borer (Sundi) infestation in green gram  in Uttar Pradesh?,Plant protection,12:19:02,12:19:10,0.1,Within SLA,No,Well Framed,English,English,correct,NIL,Correctly Tagged as Duplicate,NO,Satarupa Saha,NA,NA,NA,NA,NA,NA,NA,NA,NA,NA,NA,NA,NA,NA,NA,NA,NA,NA,NA,NA,NA,NA,NA,NA,NA,NA,NA,NA,Yes,Yes,Yes,Yes,NA,NA,NA,NA,Yes,Yes,Clear,Clear,NO ISSUE,NA,NA,NA,Yes,Saved,Successfully Identified as Duplicate,Yes,Pass,No Defect,NIL,NIL,NIL,EXPECTED OUTPUT,,,
TL-1791,2026-06-21,CH. Sharmila,GDB,0.1,NIL,Web App,English,1f16d3d9-a3df-6826-8005-d437215c509a,How can I manage Yellow Mosaic disease in Green Gram (Moong)  in Uttar Pradesh?,Plant protection,12:21:17,12:22:00,0.7,Within SLA,No,Well Framed,English,English,correct,NIL,Correctly Tagged as Duplicate,NO,Rojan Darjee,NA,NA,NA,NA,NA,NA,NA,NA,NA,NA,NA,NA,NA,NA,NA,NA,NA,NA,NA,NA,NA,NA,NA,NA,NA,NA,NA,NA,Yes,Yes,Yes,Yes,NA,NA,NA,NA,Yes,Yes,Clear,Clear,NO ISSUE,NA,NA,NA,Yes,Saved,Successfully Identified as Duplicate,Yes,Pass,No Defect,NIL,NIL,NIL,EXPECTED OUTPUT,,,
TL-1802,2026-06-21,Ithagani Shireesha,GDB,0.1,NIL,Web App,English,1f16d449-c6f2-6f6b-8005-a164b608f2d3,Information about the sowing time of Mentha in Uttar Pradesh. ,Weed Management,01:11 PM•,1:11:27 PM,27SEC,Within SLA,Yes,Well Framed,English,English,Correct,NIL,Correctly Tagged as Duplicate,NA,NA,NA,NA,NA,NA,NA,NA,NA,NA,NA,NA,NA,NA,NA,NA,NA,NA,NA,NA,NA,NA,NA,NA,NA,NA,NA,NA,NA,NA,Yes,Yes,Yes,Provided and relevant,NA,Not Received,NA,NA,Yes,Yes,Clear,Clear,NIL,NA,NA,NA,Yes,Saved,Successfully Identified as Duplicate,NA,Pass,High,,NIL,Good output.,,,,
TL-1803,2026-06-21,Ithagani Shireesha,GDB,0.1,NIL,Web App,English,1f16d457-7b5b-6351-8005-a1a9b1b60433,There is grass in my mentha mint crop.  I am from Uttar Pradesh,Weed Management,13:17:00,13:17:35,0.6,Within SLA,Yes,Well Framed,English,English,Correct,NIL,NA,NA,NA,NA,NA,NA,NA,NA,NA,NA,NA,NA,NA,NA,NA,NA,NA,NA,NA,NA,NA,NA,NA,NA,NA,NA,NA,NA,NA,NA,NA,Yes,Yes,Yes,Provided and relevant,NA,Not Received,NA,NA,Yes,Yes,Clear,Clear,NIL,NA,NA,NA,Yes,Saved,Successfully Identified as Duplicate,NA,Pass,High,,NIL,Good output.,,,,
TL-1805,2026-06-21,Ithagani Shireesha,GDB,0.1,NIL,Web App,English,1f16d476-fe9b-6b41-8005-21cd262a1074,What are the major insect pests affecting green gram (moong) and how can they be managed effectively  in Uttar Pradesh?,Insect–Pest Management,13:31:00,13:31:41,0.7,Within SLA,Yes,Well Framed,English,English,Correct,NIL,NA,NA,NA,NA,NA,NA,NA,NA,NA,NA,NA,NA,NA,NA,NA,NA,NA,NA,NA,NA,NA,NA,NA,NA,NA,NA,NA,NA,NA,NA,NA,Yes,Yes,Yes,Provided and relevant,NA,Not Received,NA,NA,Yes,Yes,Clear,Clear,NIL,NA,NA,NA,Yes,Saved,Successfully Identified as Duplicate,NA,Pass,High,,NIL,Good output.,,,,
TL-1807,2026-06-21,Ithagani Shireesha,GDB,0.1,NIL,Web App,English,1f16d48e-fe60-6bb2-8005-ca6a520d673a,What is the recommended seed rate for green gram (moong) cultivation  in Uttar Pradesh?,Seed and Variety Selection,13:42:00,13:42:25,0.4,Within SLA,Yes,Well Framed,English,English,Correct,NIL,NA,NA,NA,NA,NA,NA,NA,NA,NA,NA,NA,NA,NA,NA,NA,NA,NA,NA,NA,NA,NA,NA,NA,NA,NA,NA,NA,NA,NA,NA,NA,Yes,Yes,Yes,Provided and relevant,NA,Not Received,NA,NA,Yes,Yes,Clear,Clear,NIL,NA,NA,NA,Yes,Saved,Successfully Identified as Duplicate,NA,Pass,High,,NIL,Good output.,,,,
TL-1810,2026-06-21,Ithagani Shireesha,Dynamic,0.1,NIL,Web App,English,1f16d4bf-4f4c-6c5c-8005-a0daa2be177a,What was yesterday's price of wheat compared to today's price?,"Market Prices, MSP and Marketing",14:04:00,02:04:02,-720.0,Within SLA,Yes,Well Framed,English,English,Correct,NIL,NA,NA,NA,NA,NA,NA,NA,NA,NA,NA,NA,NA,NA,NA,NA,NA,NA,NA,NA,NA,NA,NA,NA,NA,NA,NA,NA,NA,NA,NA,NA,Yes,NA,NA,Provided and relevant,NA,Not Received,NA,NA,Yes,Yes,clear,Clear,nil,NA,Yes,NA,Yes,Saved,Successfully Identified as Duplicate,NA,Pass,High,,NIL,Good output.,,,,
TL-1811,2026-06-21,Ithagani Shireesha,Dynamic,0.1,NIL,Web App,English,1f16d4c9-f93d-6234-8005-2ea4a9adde30,Where can I get the best price for wheat within 50 km,"Market Prices, MSP and Marketing",14:08:00,02:08:48,-719.2,Within SLA,Yes,Well Framed,English,English,Correct,NIL,NA,NA,NA,NA,NA,NA,NA,NA,NA,NA,NA,NA,NA,NA,NA,NA,NA,NA,NA,NA,NA,NA,NA,NA,NA,NA,NA,NA,NA,NA,NA,Yes,NA,NA,Provided and relevant,NA,Not Received,NA,NA,Yes,Yes,clear,Clear,NIL,NA,Yes,NA,Yes,Saved,Successfully Identified as Duplicate,NA,Pass,High,,NIL,Good output.,,,,
TL-1829,2026-06-22,Joydeep,GDP,0.1,NIL,Web App,English,1f16dd42-1778-63f6-8005-6c73ea49d78f,How do I manage shoot borer infestation in sunnhemp  in Uttar Pradesh?,Plant protection,06:18:48,06.19.10,22.0,Within SLA,Successfully Identified as Duplicate,Well Framed,English,English,Correct,NIL,Correctly Tagged as Duplicate,YES,Bisen Nupur Chandrakumar,NA,NA,NA,NA,NA,NA,NA,NA,NA,NA,NA,NA,NA,NA,NA,NA,NA,NA,NA,NA,NA,NA,NA,NA,NA,NA,NA,Successfully Identified as Duplicate/Dynamic,Yes,Yes,Yes,Provided & Relevant,Yes,Received on Time,Yes,Yes,Yes,Yes,NA,Clear,NIL,NA,NA,NA,Saved,Saved,Successfully Identified as Duplicate,Yes,Partial,MEDIUM,https://desk.zoho.in/agent/annamai/annam-ai/tickets/details/202216000001968019,NIL,SOME POINTS ARE MISSING IN ANSWER,Anomaly Found in Output,,,
TL-1830,2026-06-22,Joydeep,GDP,0.1,NIL,Web App,English,1f16dd93-d28e-649c-8005-d9d2e4702cb5,What is the recommended seed treatment for sunnhemp  in Uttar Pradesh?,Seed and Variety Selection,06:55:22,6.56.00,36.0,Within SLA,Successfully Identified as Duplicate,Well Framed,English,English,Correct,NIL,Correctly Tagged as Duplicate,YES,Khaja Suhaib,NA,NA,NA,NA,NA,NA,NA,NA,NA,NA,NA,NA,NA,NA,NA,NA,NA,NA,NA,NA,NA,NA,NA,NA,NA,NA,NA,Successfully Identified as Duplicate/Dynamic,Yes,Yes,Yes,Provided & Relevant,Yes,Received on Time,Yes,Yes,Yes,Yes,NA,Clear,NIL,NA,NA,NA,Saved,Saved,Successfully Identified as Duplicate,Yes,Pass,No Defect,,NIL,ANSWER STRUCTURE IS RIGHT,Expected Output,,,
TL-1841,2026-06-22,Rishi Kumar G,Unique,0.1,NIL,Web App,English,"1f16dd5b-3bec-6c24-8005-fb57369bcd94
",What are the recommended uses and application guidelines for Marshal (Carbosulfan 25 EC) in onion cultivation in Andhra Pradesh?,Disease Management,06:30:03,06:30:13,0.2,Within SLA,Successfully Identified as Duplicate,Well Framed,English,English,Correct,NIL,Correctly Tagged as Duplicate,NA,Sharmila S,NA,NA,NA,NA,NA,NA,NA,NA,NA,NA,NA,NA,NA,NA,NA,NA,NA,NA,NA,NA,NA,NA,NA,NA,NA,NA,NA,Successfully Identified as Duplicate/Dynamic,Yes,Yes,Successfully Identified as Duplicate,Yes,NA,NA,NA,NA,NA,NA,NA,NA,NA,NA,NA,NA,Saved,Saved,Successfully Identified as Duplicate,NA,Pass,No Defect,NA,NIL,"The answer is succesfully identified as Dupilcate and fetcched from thw GDB immediately, it is well framed and sources added are relevant.",Expected Output,,,
TL-1894,2026-06-22,Ithagani Shireesha,Unique,0.1,NIL,Web App,English,1f16dfe1-03d2-648f-8005-5d267b450b32,What are the guidelines for ensuring chemical compatibility when applying multiple pesticides or fertilizers in mango orchards in Andhra Pradesh?,Insect–Pest Management,11:18:00,11:18:58,58 sec,Within SLA,Yes,Well Framed,English,English,Correct,NIL,Correctly Tagged as Duplicate,NA,Jayashree N,NA,NA,NA,NA,NA,NA,NA,NA,NA,NA,NA,NA,NA,NA,NA,NA,NA,NA,NA,NA,NA,NA,NA,NA,NA,NA,NA,Yes,Yes,Yes,Yes,Provided and relevant,NA,Not Received,NA,NA,Yes,Yes,Clear,Clear,Good output and input,NA,NA,NA,Yes,Saved,Successfully Identified as Duplicate,NA,Pass,High,,NIL,Good output,Expected Output,,,
TL-1901,2026-06-22,Ithagani Shireesha,Unique,0.1,NIL,Web App,English,1f16e038-a01b-6621-8005-0d75c1abe6e8,Which mango varieties are most suitable for cultivation based on local agro-climatic conditions in Andhra Pradesh?,Seed and Variety Selection,11:58:00,11:58:10,10 sec,Within SLA,Yes,Well Framed,English,English,Correct,NIL,Correctly Tagged as Duplicate,Yes,,,NA,NA,NA,NA,NA,NA,NA,NA,NA,NA,NA,NA,NA,NA,NA,NA,NA,NA,NA,NA,NA,NA,NA,NA,NA,NA,Yes,Yes,Yes,Yes,Provided and relevant,NA,Not Received,NA,NA,Yes,Yes,Clear,Clear,Good output and input,NA,NA,NA,Yes,Saved,Successfully Identified as Duplicate,NA,Pass,Critical,,NIL,Good output,Expected Output,,,
TL-1903,2026-06-22,Ithagani Shireesha,Unique,0.1,NIL,Web App,English,1f16e049-0cfc-6ae6-8005-2336833f2cb7,How can I identify and manage mealybug infestations in mango orchards in Andhra Pradesh?,Insect–Pest Management,12:05:00,12:05:31,31 sec,Within SLA,Yes,Well Framed,English,English,Correct,NIL,Correctly Tagged as Duplicate,NA,Lakshmi Aravind,NA,NA,NA,NA,NA,NA,NA,NA,NA,,NA,NA,NA,NA,NA,NA,NA,NA,NA,NA,NA,NA,NA,NA,NA,NA,NA,Yes,Yes,Yes,Yes,Provided and relevant,NA,Not Received,NA,NA,Yes,Yes,Yes,Clear,Good outputand input,NA,NA,NA,Saved,Saved,Successfully Identified as Duplicate,NA,Pass,High,,NIL,Good output,Expected Output,,,
TL-1904,2026-06-22,Ithagani Shireesha,Unique,0.1,NIL,Web App,English,1f16e058-de4c-67cf-8005-ab6d4221c22f,What is the recommended application and dosage of Thiamethoxam and Lambda-cyhalothrin for managing pests in mango orchards in Andhra Pradesh?,Insect–Pest Management,12:12:00,12:12:35,35sec,Within SLA,Yes,Well Framed,English,English,Correct,NIL,Correctly Tagged as Duplicate,NA,Lakshmi Aravind,NA,NA,NA,NA,NA,NA,NA,NA,NA,NA,NA,NA,NA,NA,NA,NA,NA,NA,NA,NA,NA,NA,NA,NA,NA,NA,NA,Yes,Yes,Yes,Yes,Provided and relevant,NA,Not Received,NA,NA,Yes,Yes,Yes,Clear,Good outputand input,NA,NA,NA,Saved,Saved,Successfully Identified as Duplicate,NA,Pass,High,,NIL,Good output,Expected Output,,,
TL-1906,2026-06-22,Ithagani Shireesha,GDB,0.1,NIL,Web App,English,1f16e0ce-b345-6846-8005-84dc6254c90a,How can I effectively manage pod borer infestation in Bengal gram (chickpea) in Uttar Pradesh?,Insect–Pest Management,13:05:00,13:05:18,18 sec,Within SLA,Yes,Well Framed,English,English,Correct,NIL,NA,NA,Aditi Dhadwal,NA,NA,NA,NA,NA,NA,NA,NA,NA,NA,NA,NA,NA,NA,NA,NA,NA,NA,NA,NA,NA,NA,NA,NA,NA,NA,NA,Yes,Yes,Yes,Yes,provided and relevant,NA,Not Received,NA,NA,Yes,Yes,Yes,Clear,Good outputand input,NA,NA,NA,Saved,Saved,Successfully Identified as Duplicate,NA,Pass,High,,NIL,Good output,Expected Output,,,
TL-1907,2026-06-22,Ithagani Shireesha,GDB,0.1,NIL,Web App,English,1f16e0e5-2640-6882-8005-5450c406dd53,What are the recommended varieties of Bengal gram (chickpea) for cultivation in Uttar Pradesh?,Seed and Variety Selection,13:15:00,01:15:21,21 sec,Within SLA,Yes,Well Framed,English,English,Correct,NIL,NA,NA,Anjali Chauhan,NA,NA,NA,NA,NA,NA,NA,NA,NA,NA,NA,NA,NA,NA,NA,NA,NA,NA,NA,NA,NA,NA,NA,NA,NA,NA,NA,Yes,Yes,Yes,Yes,provided and relevant,NA,Not Received,NA,NA,Yes,Yes,Yes,Clear,Good outputand input,NA,NA,NA,Saved,Saved,Successfully Identified as Duplicate,NA,Pass,High,,NIL,Good output,Expected Output,,,
TL-1909,2026-06-22,Ithagani Shireesha,GDB,0.1,NIL,Web App,English,1f16e102-284c-6912-8005-014671bba479,How can I manage wilt disease in Bengal gram (chickpea) in Uttar Pradesh?,Disease Management,13:28:00,13:28:20,20sec,Within SLA,Yes,Well Framed,English,English,Correct,NIL,NA,NA,Sharmila S,NA,NA,NA,NA,NA,NA,NA,NA,NA,NA,NA,NA,NA,NA,NA,NA,NA,NA,NA,NA,NA,NA,NA,NA,NA,NA,NA,Yes,Yes,Yes,Yes,provided and relevant,NA,Not Received,NA,NA,Yes,Yes,Yes,Clear,Good outputand input,NA,NA,NA,Saved,Saved,Successfully Identified as Duplicate,NA,Pass,High,,NIL,Good output,Expected Output,,,
TL-1910,2026-06-22,Ithagani Shireesha,GDB,0.1,NIL,Web App,English,1f16e111-9b76-660d-8005-a2172c31dfc7,What are the major pests affecting Bengal gram (chickpea) crops and how can they be effectively controlled in Uttar Pradesh?,Insect–Pest Management,13:35:00,13:35:15,15sec,Within SLA,Yes,Well Framed,English,English,Correct,NIL,NA,NA,NA,NA,NA,NA,NA,NA,NA,NA,NA,NA,NA,NA,NA,NA,NA,NA,NA,NA,NA,NA,NA,NA,NA,NA,NA,NA,NA,NA,Yes,Yes,Yes,Yes,provided and relevant,NA,Not Received,NA,NA,Yes,Yes,Yes,Clear,Good outputand input,NA,NA,NA,Saved,Saved,Successfully Identified as Duplicate,NA,Pass,High,,NIL,Good output,Expected Output,,,
TL-1911,2026-06-22,Ithagani Shireesha,GDB,0.1,NIL,Web App,English,1f16e112-a685-6231-8005-482c56b79c24,What are the comprehensive plant protection measures for Bengal gram cultivation in Uttar Pradesh?,Plant protection,13:35:00,13:35:43,43sec,Within SLA,Yes,Well Framed,English,English,Correct,NIL,NA,NA,,NA,NA,NA,NA,NA,NA,NA,NA,NA,NA,NA,NA,NA,NA,NA,NA,NA,NA,NA,NA,NA,NA,NA,NA,NA,NA,NA,Yes,Yes,Yes,Yes,provided and relevant,NA,Not Received,NA,NA,Yes,Yes,Yes,Clear,Good outputand input,NA,NA,NA,Saved,Saved,Successfully Identified as Duplicate,NA,Pass,High,,NIL,Good output,Expected Output,,,
TL-1912,2026-06-22,Ithagani Shireesha,GDB,0.1,NIL,Web App,English,1f16e113-a167-6747-8005-b643e629fc96,How to manage caterpillar infestation in Bengal gram in Uttar Pradesh?,Insect–Pest Management,13:36:00,13:36:09,9sec,Within SLA,Yes,Well Framed,English,English,Correct,NIL,NA,NA,,NA,NA,NA,NA,NA,NA,NA,NA,NA,NA,NA,NA,NA,NA,NA,NA,NA,NA,NA,NA,NA,NA,NA,NA,NA,NA,NA,Yes,Yes,Yes,Yes,provided and relevant,NA,Not Received,NA,NA,Yes,Yes,Yes,Clear,Good outputand input,NA,NA,NA,Saved,Saved,Successfully Identified as Duplicate,NA,Pass,High,,NIL,Good output,Expected Output,,,
TL-1913,2026-06-22,Ithagani Shireesha,GDB,0.1,NIL,Web App,English,1f16e114-64c1-6008-8005-a2e5ba23e130,How can I effectively control cutworms in bengal gram in Uttar Pradesh?,Insect–Pest Management,13:36:00,13:36:29,29sec,Within SLA,Yes,Well Framed,English,English,Correct,NIL,NA,NA,,NA,NA,NA,NA,NA,NA,NA,NA,NA,NA,NA,NA,NA,NA,NA,NA,NA,NA,NA,NA,NA,NA,NA,NA,NA,NA,NA,Yes,Yes,Yes,Yes,provided and relevant,NA,Not Received,NA,NA,Yes,Yes,Yes,Clear,Good outputand input,NA,NA,NA,Saved,Saved,Successfully Identified as Duplicate,NA,Pass,High,,NIL,Good output,Expected Output,,,
TL-1914,2026-06-22,Ithagani Shireesha,GDB,0.1,NIL,Web App,English,1f16e14c-55f6-6885-8005-f6b1ceb9009d,Information about control of wilt disease in pea,Disease Management,14:01:00,14:01:31,31sec,Within SLA,Yes,Well Framed,English,English,Correct,NIL,NA,NA,Srimanta Bagdi,NA,NA,NA,NA,NA,NA,NA,NA,NA,NA,NA,NA,NA,NA,NA,NA,NA,NA,NA,NA,NA,NA,NA,NA,NA,NA,NA,Yes,Yes,Yes,Yes,provided and relevant,NA,Not Received,NA,NA,Yes,Yes,Yes,Clear,Good outputand input,NA,NA,NA,Saved,Saved,Successfully Identified as Duplicate,NA,Pass,High,,NIL,Good output,Expected Output,,,
TL-1990,2026-06-22,Lavanya Mathialagan,GDB,0.1,NIL,Web App,English,1f16e650-0d39-6a6f-8005-be05c0849f08,What information is needed for growing Uttar Pradesh Pea?,Cultural and Crop Management Practices,23:35:00,23:35:50,50sec,Within SLA,Yes,Well Framed,English,English,Correct,NA,Correctly Tagged as Duplicate,NA,NA,NA,NA,NA,NA,NA,NA,NA,NA,NA,NA,NA,NA,NA,NA,NA,NA,NA,NA,NA,NA,NA,NA,NA,NA,NA,NA,NA,NA,Yes,Yes,Successfully Identified as Duplicate,Yes,NA,NA,NA,NA,Yes,Yes,Clear,Clear,NA,NA,NA,NA,Saved,Saved,Successfully Identified as Duplicate,NA,Pass,No Defect,,NIL,Good to go,,,,
TL-1991,2026-06-22,Lavanya Mathialagan,GDB,0.1,NIL,Web App,English,1f16e660-eae6-6df4-8005-99b185edba09,Information about yellow leaf control in pea crop in Uttar Pradesh,Plant protection,23:43:00,23:43:23,23sec,Within SLA,Yes,Well Framed,English,English,Correct,NA,Correctly Tagged as Duplicate,NA,NA,NA,NA,NA,NA,NA,NA,NA,NA,NA,NA,NA,NA,NA,NA,NA,NA,NA,NA,NA,NA,NA,NA,NA,NA,NA,NA,NA,NA,Yes,Yes,Successfully Identified as Duplicate,Yes,NA,NA,NA,NA,Yes,Yes,Clear,Clear,NA,NA,NA,NA,Saved,Saved,Successfully Identified as Duplicate,NA,Pass,No Defect,,NIL,Good to go,,,,
TL-1992,2026-06-22,Lavanya Mathialagan,GDB,0.1,NIL,Web App,English,1f16e668-b387-6dde-8005-5e92abb07c8e,Information about the control of powdery mildew in pea crop in Uttar Pradesh,Disease Management,23:46:00,23:46:52,52sec,Within SLA,Yes,Well Framed,English,English,Correct,NA,Correctly Tagged as Duplicate,NA,NA,NA,NA,NA,NA,NA,NA,NA,NA,NA,NA,NA,NA,NA,NA,NA,NA,NA,NA,NA,NA,NA,NA,NA,NA,NA,NA,NA,NA,Yes,Yes,Successfully Identified as Duplicate,Yes,NA,NA,NA,NA,Yes,Yes,Clear,Clear,NA,NA,NA,NA,Saved,Saved,Successfully Identified as Duplicate,NA,Pass,No Defect,,NIL,Good to go,,,,
TL-2043,2026-06-23,Ithagani Shireesha,GDB,0.1,NIL,Web App,English,1f16ec1c-0fc9-6b63-8005-b747524286e9,Why are flowers dropping in green gram and how can it be managed in Uttar Pradesh?,Plant protection,10:39:00,10:39:47,47sec,Within SLA,Yes,Well Framed,English,English,Correct,NIL,NA,NA,Rojan Darjee,NA,NA,NA,NA,NA,NA,NA,NA,NA,NA,NA,NA,NA,NA,NA,NA,NA,NA,NA,NA,NA,NA,NA,NA,NA,NA,NA,Yes,Yes,Yes,Yes,provided and relevant,No,Not Received,NA,NA,Yes,Yes,Clear,Clear,Good output and input,NA,NA,NA,Yes,Saved,Successfully Identified as Duplicate,NA,Pass,high,NA,NIL,Good output,Expected Output,,,
TL-2044,2026-06-23,Ithagani Shireesha,GDB,0.1,NIL,Web App,English,1f16ec26-ef4a-63c5-8005-5149615f7ea2,How can I control leaf-eating caterpillars in green gram (moong) crop in Uttar Pradesh?,Insect–Pest Management,10:44:00,10:44:38,38sec,Within SLA,Yes,Well Framed,English,English,Correct,NIL,NA,NA,Satprush,NA,NA,NA,NA,NA,NA,NA,NA,NA,NA,NA,NA,NA,NA,NA,NA,NA,NA,NA,NA,NA,NA,NA,NA,NA,NA,NA,Yes,Yes,Yes,Yes,provided and relevant,No,Not Received,NA,NA,Yes,Yes,Clear,Clear,Good output and input,NA,NA,NA,Yes,Saved,Successfully Identified as Duplicate,NA,Pass,high,NA,NIL,Good output,Expected Output,,,
TL-2045,2026-06-23,Ithagani Shireesha,GDB,0.1,NIL,Web App,English,1f16ec2d-6a03-69c9-8005-8e83e376fbc5,What is the recommended nutrient management strategy for green gram (moong) crops in Uttar Pradesh?,Soil Health and Nutrient Management,10:47:00,10:47:32,32sec,Within SLA,Yes,Well Framed,English,English,Correct,NIL,NA,NA,Utarkrsh,NA,NA,NA,NA,NA,NA,NA,NA,NA,NA,NA,NA,NA,NA,NA,NA,NA,NA,NA,NA,NA,NA,NA,NA,NA,NA,NA,Yes,Yes,Yes,Yes,provided and relevant,No,Not Received,NA,NA,Yes,Yes,Clear,Clear,Good output and input,NA,NA,NA,Yes,Saved,Successfully Identified as Duplicate,NA,Pass,high,NA,NIL,Good output,Expected Output,,,
TL-2046,2026-06-23,Ithagani Shireesha,GDB,0.1,NIL,Web App,English,1f16ec32-e1d2-6e56-8005-190f1818ef0a,How can I effectively control top borer in sunnhemp in Uttar Pradesh?,Insect–Pest Management,10:50:00,10:49:59,1min,Within SLA,Yes,Well Framed,English,English,Correct,NIL,NA,NA,Divyadarshini,NA,NA,NA,NA,NA,NA,NA,NA,NA,NA,NA,NA,NA,NA,NA,NA,NA,NA,NA,NA,NA,NA,NA,NA,NA,NA,NA,Yes,Yes,Yes,Yes,provided and relevant,No,Not Received,NA,NA,Yes,Yes,Clear,Clear,Good output and input,NA,NA,NA,Yes,Saved,Successfully Identified as Duplicate,NA,Pass,high,NA,NIL,Good output,Expected Output,,,
TL-2047,2026-06-23,Ithagani Shireesha,GDB,0.1,NIL,Web App,English,1f16ec3e-656f-6057-8005-b00d26c44521,What should I do if my sunnhemp plants are drying up or wilting in Uttar Pradesh?,Disease Management,10:55:00,10:55:08,8sec,Within SLA,Yes,Well Framed,English,English,Correct,NIL,NA,NA,Girishma Gonnabathula,NA,NA,NA,NA,NA,NA,NA,NA,NA,NA,NA,NA,NA,NA,NA,NA,NA,NA,NA,NA,NA,NA,NA,NA,NA,NA,NA,Yes,Yes,Yes,Yes,provided and relevant,No,Not Received,NA,NA,Yes,Yes,Clear,Clear,Good output and input,NA,NA,NA,Yes,Saved,Successfully Identified as Duplicate,NA,Pass,high,NA,NIL,Good output,Expected Output,,,
TL-2048,2026-06-23,Ithagani Shireesha,GDB,0.1,NIL,Web App,English,1f16ec44-fced-6679-8005-885dc4410338,What are the comprehensive management practices for Sunnhemp cultivation in Uttar Pradesh?,Cultural and Crop Management Practices,10:58:00,10:58:05,5sec,Within SLA,Yes,Well Framed,English,English,Correct,NIL,NA,NA,Shivendra Pratap Singh,NA,NA,NA,NA,NA,NA,NA,NA,NA,NA,NA,NA,NA,NA,NA,NA,NA,NA,NA,NA,NA,NA,NA,NA,NA,NA,NA,Yes,Yes,Yes,Yes,provided and relevant,No,Not Received,NA,NA,Yes,Yes,Clear,Clear,Good output and input,NA,NA,NA,Yes,Saved,Successfully Identified as Duplicate,NA,Pass,high,NA,NIL,Good output,Expected Output,,,
TL-2049,2026-06-23,Ithagani Shireesha,GDB,0.1,NIL,Web App,English,1f16ec4b-115e-663b-8005-4728ed2b5f61,How can I prepare vermicompost for sunnhemp cultivation in Uttar Pradesh?,Bio-fertilizers and Bio-pesticides,11:00:00,11:00:48,48sec,Within SLA,Yes,Well Framed,English,English,Correct,NIL,NA,NA,Rajwant Kaur,NA,NA,NA,NA,NA,NA,NA,NA,NA,NA,NA,NA,NA,NA,NA,NA,NA,NA,NA,NA,NA,NA,NA,NA,NA,NA,NA,Yes,Yes,Yes,Yes,provided and relevant,No,Not Received,NA,NA,Yes,Yes,Clear,Clear,Good output and input,NA,NA,NA,Yes,Saved,Successfully Identified as Duplicate,NA,Pass,high,NA,NIL,Good output,Expected Output,,,
TL-2050,2026-06-23,Ithagani Shireesha,GDB,0.1,NIL,Web App,English,1f16ec51-773f-6f6d-8005-0ffb56c18a75,What should be done if there is waterlogging in the sunnhemp field in Uttar Pradesh?,Irrigation and Water Management,11:03:00,11:03:40,40sec,Within SLA,Yes,Well Framed,English,English,Correct,NIL,NA,NA,Pooja Soni,NA,NA,NA,NA,NA,NA,NA,NA,NA,NA,NA,NA,NA,NA,NA,NA,NA,NA,NA,NA,NA,NA,NA,NA,NA,NA,NA,Yes,Yes,Yes,Yes,provided and relevant,No,Not Received,NA,NA,Yes,Yes,Clear,Clear,Good output and input,NA,NA,NA,Yes,Saved,Successfully Identified as Duplicate,NA,Pass,high,NA,NIL,Good output,Expected Output,,,
TL-2051,2026-06-23,Ithagani Shireesha,GDB,0.1,NIL,Web App,English,1f16ec59-c0db-69e5-8005-249f0ae05afe,What is the recommended fertilizer application schedule and dosage for sunnhemp cultivation in Uttar Pradesh?,Soil Health and Nutrient Management,11:07:00,11:07:23,23sec,Within SLA,Yes,Well Framed,English,English,Correct,NIL,NA,NA,,NA,NA,NA,NA,NA,NA,NA,NA,NA,NA,NA,NA,NA,NA,NA,NA,NA,NA,NA,NA,NA,NA,NA,NA,NA,NA,NA,Yes,Yes,Yes,Yes,provided and relevant,No,Not Received,NA,NA,Yes,Yes,Clear,Clear,Good output and input,NA,NA,NA,Yes,Saved,Successfully Identified as Duplicate,NA,Pass,high,NA,NIL,Good output,Expected Output,,,
TL-2074,2026-06-23,Lavanya Mathialagan,Unique,0.1,NIL,WhatsApp,English,1f16eebc-2d44-602e-802f-71cf0c714601,What are the best practices and effective methods for weed management in citrus orchards in Andhrapradesh?,Weed Management,15:40:00,18:13:34,"2 hours, 33 minutes, and 34 seconds",SLA Breached,Yes,Well Framed,English,English,Correct,NIL,NA,Yes,B. Sasidhar,16:08:03,16:34:26,26m 22s,Mohammed,5:16:04 PM,5:26:04 PM,10m,Dev Jagdishbhai Bhutiya,5:26:04 PM,5:33:04 PM,10m,Anil Kumar S,5:33:04 PM,6:04:59 PM,31m 54s,NA,NA,NA,NA,NA,NA,NA,NA,Lavail Joy,6:04:59 PM,6:13:34 PM,8 minutes 35 seconds 483 ms,NA,Yes,Yes,Yes,Provided and relevant,Yes,Received on Time,Yes,NA,NA,NA,NA,NA,NA,NA,NA,NA,Saved,Saved,Successfully Identified as Duplicate,NA,Pass,No Defect,,NIL,2 hours disclaimer is shown. Answer received after 2 hours,Expected Output,,,
TL-2075,2026-06-23,Lavanya Mathialagan,Unique,0.1,NIL,WhatsApp,English,1f16eebe-94ea-6557-8036-ef758d9c5cee,"What are the primary causes of flower drop in
 citrus crops, and what management practices can
 be implemented to prevent it in Andhra pradesh?",Horticulture & allied agriculture,15:41:00,"Jun 24, 2026, 11:50 AM",20 hours and 53 minutes,SLA Breached,Yes,Well Framed,English,English,Correct,NIL,NA,Yes,Bisen,4:18:04 PM,16:51:27,33m 23s,Anil Kumar S,5:19:04 PM,5:32:03 PM,12m 59s,Lakshmi Aravind,6:28:06 PM,6:39:03 PM,10m 59s,Jhanavi,6:44:37 PM,6:56:36 PM,11m,NA,NA,NA,NA,NA,NA,NA,NA,NA,NA,NA,NA,NA,Yes,Yes,Yes,Provided and relevant,Yes,Received on Time,Yes,NA,NA,NA,NA,NA,NA,NA,NA,NA,Saved,Saved,Successfully Identified as Duplicate,NA,Pass,No Defect,,NIL,2 hours disclaimer is shown. Answer after 20hours,Pending,,,
TL-2076,2026-06-23,Lavanya Mathialagan,Unique,0.1,NIL,WhatsApp,English,1f16eec1-c506-62cc-803d-7ab9e0dc4cba,How can I identify and manage micronutrient deficiencies in citrus crops in Andhra Pradesh?,Soil Health and Nutrient Management,15:43:00,18:19:17,"2 hours, 37 minutes, and 17 seconds",SLA Breached,Yes,Well Framed,English,English,Correct,NIL,NA,Yes,Sanjay Choudhary,4:20:05 PM,16:54:08,34m 3s,Soumya R,5:21:04 PM,33m 59s,5:55:03 PM,Varsha Shekhar,5:55:03 PM,6:02:03 PM,6m 59s,Neelima M B,6:02:03 PM,6:10:16 PM,8m 12s,,,,,,,,,Monica M,6:10:16 PM,6:19:17 PM,9 minutes 0 seconds 211 ms,NA,Yes,Yes,Yes,Provided and relevant,Yes,Received on Time,Yes,NA,NA,NA,NA,NA,NA,NA,NA,NA,Saved,Saved,Successfully Identified as Duplicate,NA,Pass,No Defect,,NIL,2 hours disclaimer is shown. Received after 2 hours,Expected Output,,,
TL-2077,2026-06-23,Lavanya Mathialagan,Unique,0.1,NIL,WhatsApp,English,1f16eec5-7c58-6413-8044-5b4f5e07d8b1,"What are the primary causes of fruit drop in citrus crops, and what management practices can be implemented to prevent it in Andhrapradesh?",Plant protection,15:44:00,"Jun 24, 2026, 12:46 PM",21 hours and 2 minutes,SLA Breached,Yes,Well Framed,English,English,Correct,NIL,NA,Yes,Soumya R,4:20:05 PM,16:28:38,8m 3s,Jhanavi,5:29:03 PM,5:42:03 PM,12m 59s,Lakshmi Aravind,5:58:03 PM,6:12:02 PM,13m 58s,Dev Jagdishbhai Bhutiya,6:13:04 PM,6:23:22 PM,10m,NA,NA,NA,NA,NA,NA,NA,NA,NA,NA,NA,NA,NA,Yes,Yes,Yes,Provided and relevant,Yes,Received on Time,Yes,NA,NA,NA,NA,NA,NA,NA,NA,NA,Saved,Saved,Successfully Identified as Duplicate,NA,Pass,No Defect,,NIL,2 hours disclaimer is shown. Answer Received after 21 hours,Pending,,,
TL-2078,2026-06-23,Lavanya Mathialagan,Unique,0.1,NIL,WhatsApp,English,1f16eec8-27e4-62a9-804b-8078e4946ca6,What are the effective management strategies for controlling Citrus Leaf Miner in citrus orchards in Andhra Pradesh?,Insect–Pest Management,15:45:00,19:33:53,"3 hours, 48 minutes, and 53 second",SLA Breached,Yes,Well Framed,English,English,Correct,NIL,NA,Yes,Yash Praveen Khot,16:22:04,16:43:18,21m 14s,Soumya R,4:43:18 PM,6:24:04 PM,22m,Dev Jagdishbhai Bhutiya,6:24:04 PM,6:31:03 PM,6m,Atul,6:31:03 PM,6:38:41 PM,7m,NA,NA,NA,NA,NA,NA,NA,NA,Monica M,6:38:41 PM,7:33:53 PM,55 minutes 11 seconds 138 ms,NA,Yes,Yes,Yes,Provided and relevant,Yes,Received on Time,Yes,NA,NA,NA,NA,NA,NA,NA,NA,NA,Saved,Saved,Successfully Identified as Duplicate,NA,Pass,No Defect,,NIL,2 hours disclaimer is shown. Answer received after 3 hours,Expected Output,,,
TL-2079,2026-06-23,Lavanya Mathialagan,Unique,0.1,NIL,WhatsApp,English,1f16eeca-375e-63ed-8052-3ca875fb12a5,How can I identify and manage the Citrus Leaf Folder pest in my citrus orchard in Andhrapradesh?,Insect–Pest Management,15:46:00,"Jun 24, 2026, 1:01 PM",21 hours and 15 minutes,SLA Breached,Yes,Well Framed,English,English,Correct,NIL,NA,Yes,Lakshmi Aravind,16:27:03,17:27:36,1h,Varsha Shekhar,6:02:04 PM,6:18:24 PM,16m 20s,Anil Kumar S,6:19:04 PM,6:25:09 PM,6m,Mohammed,6:26:03 PM,6:28:07 PM,2m 31s,NA,NA,NA,NA,NA,NA,NA,NA,NA,NA,NA,NA,NA,Yes,Yes,Yes,Provided and relevant,Yes,Received on Time,Yes,NA,NA,NA,NA,NA,NA,NA,NA,NA,Saved,Saved,Successfully Identified as Duplicate,NA,Pass,No Defect,,NIL,2 hours disclaimer is shown. Answer received after 21hours later,Expected Output,,,
TL-2081,2026-06-23,Lavanya Mathialagan,Unique,0.1,NIL,WhatsApp,English,1f16eed4-aa0a-6042-8060-a880a7373e24,What are the most effective management strategies for controlling common diseases in citrus crops?,Disease Management,15:51:00,18:50:02,"2 hours, 59 minutes, and 2 seconds",SLA Breached,Yes,Well Framed,English,English,Correct,NIL,NA,Yes,Soumya R,16:29:04,16:44:21,15m,Lakshmi Aravind,6:03:04 PM,6:16:03 PM,12m 59s,Suraiya Amin,6:16:03 PM,6:20:04 PM,7m,Suresh Bhardwaj,6:20:04 PM,6:25:25 PM,5m,NA,NA,NA,NA,NA,NA,NA,NA,Monica M,6:25:25 PM,6:50:02 PM,24 minutes 37 seconds 158 ms,NA,Yes,Yes,Yes,Provided and relevant,Yes,Received on Time,Yes,NA,NA,NA,NA,NA,NA,NA,NA,NA,Saved,Saved,Successfully Identified as Duplicate,NA,Pass,No Defect,,NIL,2 hours disclaimer is shown. answer received after 2 hours,Expected Output,,,
TL-2082,2026-06-23,Lavanya Mathialagan,Unique,0.1,NIL,WhatsApp,English,1f16eed8-4678-6c32-8067-eaedc9b37b5e,What are the best practices for effective water management in citrus orchards to ensure optimal growth and yield in Andhra pradesh?,Irrigation and Water Management,15:52:00,19:07:17,"3 hours, 15 minutes, and 17 seconds",SLA Breached,Yes,Well Framed,English,English,Correct,NIL,NA,Yes,Neelima M B,16:36:04,17:29:35,53m 31s,Prerna Bharti,6:05:03 PM,6:25:03 PM,20m,Bisen,6:25:03 PM,6:33:03 PM,7m 59s,Soumya R,6:33:03 PM,6:42:18 PM,9m 14s,NA,NA,NA,NA,NA,NA,NA,NA,Monica M,6:42:18 PM,7:07:17 PM,24 minutes 58 seconds 218 ms,NA,Yes,Yes,Yes,Provided and relevant,Yes,Received on Time,Yes,NA,NA,NA,NA,NA,NA,NA,NA,NA,Saved,Saved,Successfully Identified as Duplicate,NA,Pass,No Defect,,NIL,2 hours disclaimer is shown. Answer received after 3 hours,Expected Output,,,
TL-2083,2026-06-23,Lavanya Mathialagan,Unique,0.1,NIL,WhatsApp,English,1f16eedb-73b1-6c88-806e-f2826a7fcc33,What are the best practices and recommendations for selecting and procuring high-quality planting material for citrus cultivation in Andhra pradesh?,Seed and Variety Selection,15:54:00,"Jun 24, 2026, 1:47 PM",21 hours and 53 minutes,SLA Breached,Yes,Well Framed,English,English,Correct,NIL,NA,Yes,Sippora Nandam,4:42:03 PM,17:16:09,34m 5s,Suraiya Amin,6:06:03 PM,6:15:22 PM,9m 19s,Bisen,6:16:03 PM,6:24:17 PM,8m 13s,Prerna Bharti,6:25:03 PM,6:31:44 PM,6m 40s,NA,NA,NA,NA,NA,NA,NA,NA,NA,NA,NA,NA,NA,Yes,Yes,Yes,Provided and relevant,Yes,Received on Time,Yes,NA,NA,NA,NA,NA,NA,NA,NA,NA,Saved,Saved,Successfully Identified as Duplicate,NA,Pass,No Defect,,NIL,2 hours disclaimer is shown. 21 hours later answer received,Expected Output,,,
TL-2084,2026-06-23,Lavanya Mathialagan,Unique,0.1,NIL,Web App,English,1f16eee5-586e-67ea-8005-995f425d0ac4,What are the effective management strategies for controlling nematodes in citrus plantations in Andhrapradesh?,Plant protection,15:58:00,"Jun 23, 2026, 11:17 PM",7 hours and 19 minutes.,SLA Breached,Yes,Well Framed,English,English,Correct,NIL,NA,Yes,Soumya R,16:45:03,16:55:22,10m 18s,Suresh Bhardwaj,6:11:04 PM,6:19:08 PM,8m,Atul,6:22:03 PM,6:30:37 PM,8m 33s,Dev Jagdishbhai Bhutiya,6:31:03 PM,6:38:55 PM,7m 51s,NA,NA,NA,NA,NA,NA,NA,NA,NA,NA,NA,NA,NA,Yes,Yes,Yes,Provided and relevant,Yes,Not Received,NA,NA,Yes,Yes,Clear,Clear,NIL,NA,NA,NA,Saved,Saved,Successfully Identified as Duplicate,NA,Pass,No Defect,,NIL,2 hours disclaimer is shown. Answer received after 7 hours,Expected Output,,,
TL-2085,2026-06-23,Lavanya Mathialagan,Unique,0.1,NIL,Web App,English,1f16eeee-7a0e-6f25-8005-4908033d9389,What are the effective management strategies for controlling Citrus Black Fly in citrus orchards in Andhra Pradesh?,Insect–Pest Management,16:03:00,"Jun 24, 2026, 7:23 AM",15 hours and 21 minutes,SLA Breached,Yes,Well Framed,English,English,Correct,NIL,NA,Yes,Bisen,16:52:03,17:03:07,11m 3s,Yash Praveen Khot,6:24:04 PM,6:27:39 PM,3m 35s,Mohammed,6:29:05 PM,6:35:25 PM,6m 19s,Suresh Bhardwaj,6:36:03 PM,6:42:06 PM,6m 2s,NA,NA,NA,NA,NA,NA,NA,NA,NA,NA,NA,NA,NA,Yes,Yes,Yes,Provided and relevant,Yes,Not Received,NA,NA,Yes,Yes,Clear,Clear,NIL,NA,NA,NA,Saved,Saved,Successfully Identified as Duplicate,NA,Pass,No Defect,,NIL,2 hours disclaimer is shown. Answer received after 15hours,Expected Output,,,
TL-2086,2026-06-23,Lavanya Mathialagan,Unique,0.1,NIL,Web App,English,1f16ef04-b543-694a-8005-c86cdbf8aad8,How can I effectively manage ant infestations in citrus orchards in Andhra Pradesh?,Insect–Pest Management,16:13:00,"Jun 24, 2026, 1:50 PM",21 hours and 38 minutes,SLA Breached,Yes,Well Framed,English,English,Correct,NIL,NA,Yes,Sanjay Choudhary,16:55:04,5:40:53 PM,45m 48sec,Suresh Bhardwaj,6:26:03 PM,6:33:45 PM,7m 41s,Neelima M B,6:34:04 PM,6:45:07 PM,11m 2s,Mohammed,6:46:04 PM,6:47:18 PM,1m 41s,NA,NA,NA,NA,NA,NA,NA,NA,NA,NA,NA,NA,NA,Yes,Yes,Yes,Provided and relevant,Yes,Received on Time,NA,NA,Yes,Yes,Clear,Clear,NIL,NA,NA,NA,Saved,Saved,Successfully Identified as Duplicate,NA,Pass,No Defect,,NIL,2 hours disclaimer is shown. Answer received by 21 hours,Expected Output,,,
TL-2087,2026-06-23,Lavanya Mathialagan,Unique,0.1,NIL,Web App,English,1f16ef0e-fd5f-603d-8005-25ffcd70208e,"What are the symptoms, causes, and management strategies for Pink Disease in citrus crops in Andhra pradesh?",Disease Management,16:17:00,21:01:00,4 hours and 44 minutes.,SLA Breached,Yes,Well Framed,English,English,Correct,NIL,NA,Yes,Soumya R,4:56:04 PM,17:04:10,8m 6s,Anil Kumar S,6:26:04 PM,6:31:44 PM,5m 40s,Prerna Bharti,6:32:04 PM,6:55:34 PM,23m 30s,Suraiya Amin,6:56:04 PM,7:03:16 PM,7m 11s,NA,NA,NA,NA,NA,NA,NA,NA,NA,NA,NA,NA,NA,Yes,Yes,Yes,Provided and relevant,Yes,Received on Time,NA,NA,Yes,Yes,Clear,Clear,NIL,NA,NA,NA,Saved,Saved,Successfully Identified as Duplicate,NA,Pass,No Defect,,NIL,2 hours disclaimer is shown. Answer received after4 hours,Expected Output,,,
TL-2088,2026-06-23,Lavanya Mathialagan,Unique,0.1,NIL,Web App,English,1f16ef13-b399-611e-8005-006393df0b2f,How should Bordeaux mixture be prepared and applied for the effective management of fungal diseases in citrus crops in Andhra Pradesh?,Bio-fertilizers and Bio-pesticides,16:19:00,"Jun 24, 2026, 9:47 AM",17 hours and 28 minutes,SLA Breached,Yes,Well Framed,English,English,Correct,NIL,NA,Yes,Anil Kumar S,16:56:04,17:18:18,22m 14s,Jhanavi,6:29:05 PM,6:40:35 PM,11m,Suraiya Amin,6:41:03 PM,6:48:49 PM,7m 45s,Bisen,6:49:03 PM,6:56:35 PM,7m 32s,NA,NA,NA,NA,NA,NA,NA,NA,NA,NA,NA,NA,NA,Yes,Yes,Yes,Provided and relevant,Yes,Received on Time,NA,NA,Yes,Yes,Clear,Clear,NIL,NA,NA,NA,Saved,Saved,Successfully Identified as Duplicate,NA,Pass,No Defect,,NIL,2 hours disclaimer is shown. Answer received after 17 hours,Expected Output,,,
TL-2089,2026-06-23,K. Deni Sudha,Unique,0.1,NIL,WhatsApp,English,1f16ee8e-73cc-6f23-8013-42273d279fdd,What are the best practices and recommended nutrient management strategies for optimizing the yield and quality of Citrus crops in Andhra Pradesh?,Soil Health and Nutrient Management,"6/23/2026, 3:11:00 PM","6/24/2026, 11:29:00",1218.0,SLA Breached,Yes,Well Framed,English,English,Correct,NIL,NA,Yes,Prerna Bharti,"6/23/2026, 3:12:04 PM","6/23/2026, 4:12:11 PM",60.1,Lakshmi Aravind,"6/23/2026, 4:14:03 PM","6/23/2026, 4:24:03 PM",10.0,Deepika R,"6/23/2026, 4:25:03 PM","6/23/2026, 4:30:36 PM",5.6,Jahnavi Gaddam,"6/23/2026, 4:33:04 PM","6/23/2026, 5:11:50 PM",38.8,Dev Jagdishbhai Bhutiya,"6/23/2026, 5:12:04 PM","6/23/2026, 5:25:33 PM",13.5,Varsha Shekhar,"6/23/2026, 5:28:04 PM","6/23/2026, 5:31:24 PM",3.3,Utkarsh Singh Vishen,"6/23/2026, 5:31:24 PM","6/24/2026, 11:29:00",1077.6,NA,Yes,Yes,Yes,Provided & Relevant,Yes,Received on Time,Yes,Yes,NA,NA,NA,NA,NIL,NA,NA,NA,Saved,Saved,Successfully Identified as Duplicate,Yes,Pass,No Defect,NIL,NIL,2 hours disclaimer. Received answer the next day.,Expected Output,,,
TL-2093,2026-06-23,K. Deni Sudha,Unique,0.1,NIL,WhatsApp,English,1f16ee9a-ad0e-64b0-8021-49c65a690fcb,What are the essential management practices to promote healthy growth and optimal development in citrus crops in Andhra Pradesh?,Cultural and Crop Management Practices,"6/23/2026, 3:25:00 PM","6/24/2026, 11:55:00",1230.0,SLA Breached,Yes,Well Framed,English,English,Correct,NIL,NA,Yes,Anil Kumar S,"6/23/2026, 3:26:03 PM","6/23/2026, 4:06:58 PM",40.9,Deepika R,"6/23/2026, 4:11:03 PM","6/23/2026, 4:18:36 PM",7.5,Mohammad,"6/23/2026, 4:21:03 PM","6/23/2026, 4:25:46 PM",4.7,Lakshmi Aravind,"6/23/2026, 4:35:04 PM","6/23/2026, 4:45:18 PM",10.2,NA,NA,NA,NA,NA,NA,NA,NA,Utkarsh Singh Vishen,"6/23/2026, 4:45:18 PM","6/24/2026, 11:55:00",1149.7,NA,Yes,Yes,Yes,Provided & Relevant,Yes,Received on Time,Yes,Yes,NA,NA,NA,NA,NIL,NA,NA,NA,Saved,Saved,Successfully Identified as Duplicate,Yes,Pass,No Defect,NIL,NIL,2 hours disclaimer. Answer received the next day.,Expected Output,,,
TL-2094,2026-06-23,K. Deni Sudha,GDB,0.1,NIL,Web App,English,1f16ef3c-a2c8-67bb-8005-8c317f104fd1,What are the effective methods for controlling leaf-eating caterpillars in maize in Uttar Pradesh?,Plant protection,16:37:00,16:37:57,0.9,Within SLA,Successfully Identified as Duplicate,Well Framed,English,English,Correct,NIL,Correctly Tagged as Duplicate,NA,NA,NA,NA,NA,NA,NA,NA,NA,NA,NA,NA,NA,NA,NA,NA,NA,NA,NA,NA,NA,NA,NA,NA,NA,NA,NA,NA,NA,Successfully Identified as Duplicate/Dynamic,Yes,Yes,Yes,Provided & Relevant,Successfully Identified as Duplicate,NA,NA,NA,Yes,Yes,Clear,Clear,NIL,NA,NA,NA,Saved,Saved,Successfully Identified as Duplicate,Yes,Pass,No Defect,NIL,NIL,Duplicate,Expected Output,,,
TL-2095,2026-06-23,K. Deni Sudha,GDB,0.1,NIL,Web App,English,1f16ef6a-fa6c-6425-8005-2eb67217e6dc,Why are the leaves of maize turning yellow in Uttar Pradesh?,Soil Health and Nutrient Management,16:58:00,16:58:41,0.7,Within SLA,Successfully Identified as Duplicate,Well Framed,English,English,Correct,NIL,Correctly Tagged as Duplicate,NA,NA,NA,NA,NA,NA,NA,NA,NA,NA,NA,NA,NA,NA,NA,NA,NA,NA,NA,NA,NA,NA,NA,NA,NA,NA,NA,NA,NA,Successfully Identified as Duplicate/Dynamic,Yes,Yes,Yes,Provided & Relevant,Successfully Identified as Duplicate,NA,NA,NA,Yes,Yes,Clear,Clear,NIL,NA,NA,NA,Saved,Saved,Successfully Identified as Duplicate,Yes,Pass,No Defect,NIL,NIL,Duplicate,Expected Output,,,
TL-2096,2026-06-23,K. Deni Sudha,GDB,0.1,NIL,Web App,English,1f16ef8a-e024-615b-8005-89e6b12d6886,Information about die back disease management in mango in Uttar Pradesh,Disease Management,17:12:00,17:12:57,0.9,Within SLA,Successfully Identified as Duplicate,Well Framed,English,English,Correct,NIL,Correctly Tagged as Duplicate,NA,NA,NA,NA,NA,NA,NA,NA,NA,NA,NA,NA,NA,NA,NA,NA,NA,NA,NA,NA,NA,NA,NA,NA,NA,NA,NA,NA,NA,Successfully Identified as Duplicate/Dynamic,Yes,Yes,Yes,Provided & Relevant,Successfully Identified as Duplicate,NA,NA,NA,Yes,Yes,Clear,Clear,NIL,NA,NA,NA,Saved,Saved,Successfully Identified as Duplicate,Yes,Pass,No Defect,NIL,NIL,Duplicate,Expected Output,,,
TL-2097,2026-06-23,K. Deni Sudha,GDB,0.1,NIL,Web App,English,1f16efff-8561-65d7-8040-2b87e55db107,Information about the control of Blight in mango crop in Uttar Pradesh,Plant protection,18:05:00,18:05:08,0.1,Within SLA,Successfully Identified as Duplicate,Well Framed,English,English,Correct,NIL,Correctly Tagged as Duplicate,NA,NA,NA,NA,NA,NA,NA,NA,NA,NA,NA,NA,NA,NA,NA,NA,NA,NA,NA,NA,NA,NA,NA,NA,NA,NA,NA,NA,NA,Successfully Identified as Duplicate/Dynamic,Yes,Yes,Yes,Provided & Relevant,Successfully Identified as Duplicate,NA,NA,NA,Yes,Yes,Clear,Clear,NIL,NA,NA,NA,Saved,Saved,Successfully Identified as Duplicate,Yes,Pass,No Defect,NIL,NIL,Duplicate,Expected Output,,,
TL-2098,2026-06-23,K. Deni Sudha,GDB,0.1,NIL,Web App,English,1f16f009-b21e-686d-8005-4c7754b1f267,How can I manage shoot borer in my mango trees in Uttar Pradesh?,Insect–Pest Management,18:09:00,18:09:41,0.7,Within SLA,Successfully Identified as Duplicate,Well Framed,English,English,Correct,NIL,Correctly Tagged as Duplicate,NA,NA,NA,NA,NA,NA,NA,NA,NA,NA,NA,NA,NA,NA,NA,NA,NA,NA,NA,NA,NA,NA,NA,NA,NA,NA,NA,NA,NA,Successfully Identified as Duplicate/Dynamic,Yes,Yes,Yes,Provided & Relevant,Successfully Identified as Duplicate,NA,NA,NA,Yes,Yes,Clear,Clear,NIL,NA,NA,NA,Saved,Saved,Successfully Identified as Duplicate,Yes,Pass,No Defect,NIL,NIL,Duplicate,Expected Output,,,
TL-2099,2026-06-23,K. Deni Sudha,GDB,0.1,NIL,Web App,English,1f16f012-7d2e-60e6-8005-37d5b850da54,Thrips in mango tree in Uttar Pradesh,Insect–Pest Management,18:13:00,18:13:37,0.6,Within SLA,Successfully Identified as Duplicate,Well Framed,English,English,Correct,NIL,Correctly Tagged as Duplicate,NA,NA,NA,NA,NA,NA,NA,NA,NA,NA,NA,NA,NA,NA,NA,NA,NA,NA,NA,NA,NA,NA,NA,NA,NA,NA,NA,NA,NA,Successfully Identified as Duplicate/Dynamic,Yes,Yes,Yes,Provided & Relevant,Successfully Identified as Duplicate,NA,NA,NA,Yes,Yes,Clear,Clear,NIL,NA,NA,NA,Saved,Saved,Successfully Identified as Duplicate,Yes,Pass,No Defect,NIL,NIL,Duplicate,Expected Output,,,
TL-2100,2026-06-23,K. Deni Sudha,GDB,0.1,NIL,Web App,English,1f16f01e-7f8f-6acb-8005-e2333cdd5ae7,What are the best varieties of mango suitable for cultivation in Uttar Pradesh?,Seed and Variety Selection,18:19:00,18:19:00,0.0,Within SLA,Successfully Identified as Duplicate,Well Framed,English,English,Correct,NIL,Correctly Tagged as Duplicate,NA,NA,NA,NA,NA,NA,NA,NA,NA,NA,NA,NA,NA,NA,NA,NA,NA,NA,NA,NA,NA,NA,NA,NA,NA,NA,NA,NA,NA,Successfully Identified as Duplicate/Dynamic,Yes,Yes,Yes,Provided & Relevant,Successfully Identified as Duplicate,NA,NA,NA,Yes,Yes,Clear,Clear,NIL,NA,NA,NA,Saved,Saved,Successfully Identified as Duplicate,Yes,Pass,No Defect,NIL,NIL,Duplicate,Expected Output,,,
TL-2101,2026-06-23,K. Deni Sudha,GDB,0.1,NIL,Web App,English,1f16f02b-a03c-600e-8005-a3d3e5c2cdad,My mango tree is not flowering. What could be the reason and how can I address it in Uttar Pradesh?,Cultural and Crop Management Practices,18:24:00,18:24:52,0.9,Within SLA,Successfully Identified as Duplicate,Well Framed,English,English,Correct,NIL,Correctly Tagged as Duplicate,NA,NA,NA,NA,NA,NA,NA,NA,NA,NA,NA,NA,NA,NA,NA,NA,NA,NA,NA,NA,NA,NA,NA,NA,NA,NA,NA,NA,NA,Successfully Identified as Duplicate/Dynamic,Yes,Yes,Yes,Provided & Relevant,Successfully Identified as Duplicate,NA,NA,NA,Yes,Yes,Clear,Clear,NIL,NA,NA,NA,Saved,Saved,Successfully Identified as Duplicate,Yes,Pass,No Defect,NIL,NIL,Duplicate,Expected Output,,,
TL-2102,2026-06-23,K. Deni Sudha,GDB,0.1,NIL,Web App,English,1f16f03c-90da-6e09-8005-3ad2a5d27c5c,What are the common diseases affecting sugarcane in Uttar Pradesh and how can they be controlled?,Disease Management,18:32:00,18:32:27,0.4,Within SLA,Successfully Identified as Duplicate,Well Framed,English,English,Correct,NIL,Correctly Tagged as Duplicate,NA,NA,NA,NA,NA,NA,NA,NA,NA,NA,NA,NA,NA,NA,NA,NA,NA,NA,NA,NA,NA,NA,NA,NA,NA,NA,NA,NA,NA,Successfully Identified as Duplicate/Dynamic,Yes,Yes,Yes,Provided & Relevant,Successfully Identified as Duplicate,NA,NA,NA,Yes,Yes,Clear,Clear,NIL,NA,NA,NA,Saved,Saved,Successfully Identified as Duplicate,Yes,Pass,No Defect,NIL,NIL,Duplicate,Expected Output,,,
TL-2103,2026-06-23,K. Deni Sudha,GDB,0.1,NIL,Web App,English,1f16f05d-06a1-68ba-8005-5687f857d1ce,Information about control of the root borer in Sugarcane in Uttar Pradesh,Plant protection,18:46:00,18:46:58,1.0,Within SLA,Successfully Identified as Duplicate,Well Framed,English,English,Correct,NIL,Correctly Tagged as Duplicate,NA,NA,NA,NA,NA,NA,NA,NA,NA,NA,NA,NA,NA,NA,NA,NA,NA,NA,NA,NA,NA,NA,NA,NA,NA,NA,NA,NA,NA,Successfully Identified as Duplicate/Dynamic,Yes,Yes,Yes,Provided & Relevant,Successfully Identified as Duplicate,NA,NA,NA,Yes,Yes,Clear,Clear,NIL,NA,NA,NA,Saved,Saved,Successfully Identified as Duplicate,Yes,Pass,No Defect,NIL,NIL,Duplicate,Expected Output,,,
TL-2117,2026-06-23,CH. Sharmila,GDB,0.1,NIL,WhatsApp,English,1f16eebb-c3a1-6f93-8063-88057cf8c7ee,What is the recommended sowing time and what varieties should be used for groundnut cultivation during the Kharif season in Uttar Pradesh?,Plant protection,15:40:17,15:40:27,0.1,Within SLA,No,Well Framed,English,English,Correct,NIL,Correctly Tagged as Duplicate,No,Lavail Joy,NA,NA,NA,NA,NA,NA,NA,NA,NA,NA,NA,NA,NA,NA,NA,NA,NA,NA,NA,NA,NA,NA,NA,NA,NA,NA,NA,NA,Yes,Yes,Yes,Yes,No,NA,NA,NA,Yes,Yes,CLEAR,Clear,NO ISSUE,NA,NA,NA,SAVED,Saved,Successfully Identified as Duplicate,Yes,Pass,No Defect,NA,NIL,NIL,Expected Output,,,
TL-2118,2026-06-23,CH. Sharmila,GDB,0.1,NIL,WhatsApp,English,1f16eebb-c3a1-6f93-8063-88057cf8c7ee,What causes yellowing in okra plants and how can it be managed in Uttar Pradesh?,Plant protection,15:40:28,15:40:40,0.1,Within SLA,No,Well Framed,English,English,Correct,NIL,Correctly Tagged as Duplicate,No,Monica M,NA,NA,NA,NA,NA,NA,NA,NA,NA,NA,NA,NA,NA,NA,NA,NA,NA,NA,NA,NA,NA,NA,NA,NA,NA,NA,NA,NA,Yes,Yes,Yes,Yes,No,NA,NA,NA,Yes,Yes,CLEAR,Clear,NO ISSUE,NA,NA,NA,SAVED,Saved,Successfully Identified as Duplicate,Yes,Pass,No Defect,NA,NIL,NIL,Expected Output,,,
TL-2120,2026-06-23,CH. Sharmila,GDB,0.1,NIL,WhatsApp,English,1f16eebb-c3a1-6f93-8063-88057cf8c7ee,Can you provide comprehensive information about Okra (Bhindi) cultivation in Uttar Pradesh?,Cultural and Crop Management Practices,15:40:50,15:41:00,0.1,Within SLA,No,Well Framed,English,English,Correct,NIL,Correctly Tagged as Duplicate,No,Soumya R,NA,NA,NA,NA,NA,NA,NA,NA,NA,NA,NA,NA,NA,NA,NA,NA,NA,NA,NA,NA,NA,NA,NA,NA,NA,NA,NA,NA,Yes,Yes,Yes,Yes,No,NA,NA,NA,Yes,Yes,CLEAR,Clear,NO ISSUE,NA,NA,NA,SAVED,Saved,Successfully Identified as Duplicate,Yes,Pass,No Defect,NA,NIL,NIL,Expected Output,,,
TL-2121,2026-06-23,Dhaarani S,Unique,0.1,NIL,WhatsApp,English,1f16eea9-017a-6544-8005-d07b478a2d2b,What are the most effective management strategies for controlling borers in citrus crops in Andhra Pradesh?,Insect–Pest Management,"6/23/2026, 3:31:54 PM","Jun 24, 2026, 12:04 PM",20 hours 32 mins 6 secs,SLA Breached,Yes,Well Framed,English,English,Correct,NA,NA,NA,Varsha Shekhar,"6/23/2026, 3:50:03 PM","6/23/2026, 4:43:13 PM",53m 9s,Suraiya Amin,"6/23/2026, 4:58:03 PM","6/23/2026, 5:07:01 PM",8m 57s,Lakshmi Ranganath C J,"6/23/2026, 5:09:04 PM","6/23/2026, 5:23:49 PM",14m 45s,Mohammad,"6/23/2026, 5:24:04 PM","6/23/2026, 5:28:45 PM",4m 41s,NA,NA,NA,NA,NA,NA,NA,NA,,,,,NA,Yes,Yes,Yes,Provided & Relevant,Yes,Received on Time,Yes,NA,NA,NA,NA,NA,NA,NA,NA,NA,Saved,Saved,Successfully Identified as Duplicate,NA,Pass,No Defect,,NIL,2 hours disclaimer is seen. Received the answer (24/06/2026).,Expected Output,,,
TL-2124,2026-06-23,Dhaarani S,Unique,0.1,NIL,WhatsApp,English,1f16eebe-1e32-696a-801a-bf60dee9baab,"What are the causes, symptoms, and management strategies for wilt disease in citrus crops in Andhra Pradesh?",Disease Management,"6/23/2026, 3:41:21 PM","Jun 23, 2026, 6:51 PM",3 hours 10 mins,SLA Breached,Yes,Well Framed,English,English,Correct,NA,NA,NA,Prerna Bharti,"6/23/2026, 4:13:03 PM","6/23/2026, 5:09:20 PM",,Bisen,"6/23/2026, 5:18:04 PM","6/23/2026, 5:41:04 PM",23 m,Sanjay Choudhary,"6/23/2026, 5:41:04 PM","6/23/2026, 6:11:03 PM",29m 59s,Atul,"6/23/2026, 6:11:03 PM","6/23/2026, 6:21:37 PM",10m 33s,NA,NA,NA,NA,NA,NA,NA,NA,Lavail Joy,"6/23/2026, 6:21:37 PM","6/23/2026, 6:51:44 PM",30 minutes 6 seconds 529 ms,NA,Yes,Yes,Yes,Provided & Relevant,Yes,Received on Time,Yes,NA,NA,NA,NA,NA,NA,NA,NA,NA,Saved,Saved,Successfully Identified as Duplicate,NA,Pass,No Defect,,NIL,2 hours disclaimer is seen. Received the correct answer but SLA breached,Expected Output,,,
TL-2125,2026-06-23,Dhaarani S,Unique,0.1,NIL,WhatsApp,English,1f16eec5-c24a-6314-8021-c7be99b76152,"What is the recommended procedure and dosage for applying foliar sprays of Nitrogen, Phosphorus, and Potassium (NPK) in citrus cultivation?",Soil Health and Nutrient Management,"6/23/2026, 3:44:46 PM","Jun 24, 2026, 12:59 PM",21 hours 14 mins 14 secs,SLA Breached,Yes,Well Framed,English,English,Correct,NA,NA,NA,Sippora Nandam,"6/23/2026, 4:22:03 PM","6/23/2026, 4:41:14 PM",19m 10s,B. Sasidhar,"6/23/2026, 6:01:04 PM","6/23/2026, 6:18:45 PM",17m 41s,Varsha Shekhar,"6/23/2026, 6:19:04 PM","6/23/2026, 6:35:10 PM",16m 6s,Mohammad,"6/23/2026, 6:36:03 PM","6/23/2026, 6:42:38 PM",6m 34s,NA,NA,NA,NA,NA,NA,NA,NA,,,,,NA,Yes,Yes,Yes,Provided & Relevant,Yes,Received on Time,Yes,NA,NA,NA,NA,NA,NA,NA,NA,NA,Saved,Saved,Successfully Identified as Duplicate,NA,Pass,No Defect,,NIL,2 hours disclaimer is seen. Received the answer (24/06/2026).,Pending,,,
TL-2126,2023-06-23,Dhaarani S,Unique,0.1,NIL,WhatsApp,English,1f16eed6-08b5-6047-8028-401ecf8b2cef,What are the causes and effective management strategies for Stem Dry Rot in citrus crops in Andhra Pradesh?,Disease Management,"6/23/2026, 3:52:03 PM","Jun 24, 2026, 1:50 PM",21 hours 57 minutes 57 seconds.,SLA Breached,Yes,Well Framed,English,English,Correct,NA,NA,NA,Suresh Bhardwaj,"6/23/2026, 4:30:04 PM","6/23/2026, 4:45:27 PM",15m 23s,Mohammad,"6/23/2026, 6:04:03 PM","6/23/2026, 6:10:35 PM",6m 31s,Lakshmi Aravind,"6/23/2026, 6:12:03 PM","6/23/2026, 6:22:32 PM",10m 28s,Soumya R,"6/23/2026, 6:24:04 PM","6/23/2026, 6:32:19 PM",8m 15s,NA,NA,NA,NA,NA,NA,NA,NA,Satarupa Saha,,,,NA,Yes,Yes,Yes,Provided & Relevant,Yes,Received on Time,Yes,NA,NA,NA,NA,NA,NA,NA,NA,NA,Saved,Saved,Successfully Identified as Duplicate,NA,Pass,No Defect,,NIL,2 hours disclaimer is seen. Received the answer (24/06/2026).,Pending,,,
TL-2128,2026-06-23,Dhaarani S,Unique,0.1,NIL,WhatsApp,English,1f16eee5-3214-66d4-8036-aa5ab80de102,"What are the essential micronutrients required for citrus cultivation, and how should they be applied to ensure optimal fruit quality and tree health in Andhra Pradesh?",Soil Health and Nutrient Management,"6/23/2026, 3:58:50 PM","Jun 23, 2026, 7:00 PM",3 hours 2 mins,SLA Breached,Yes,Well Framed,English,English,Correct,NA,NA,NA,Yash Praveen Khot,"6/23/2026, 4:44:03 PM","6/23/2026, 5:10:21 PM",26m 17s,Bisen,"6/23/2026, 6:09:03 PM","6/23/2026, 6:19:04 PM",,Neelima M B,"6/23/2026, 6:19:04 PM","6/23/2026, 6:30:03 PM",10m 59s,Suraiya Amin,"6/23/2026, 6:30:03 PM","6/23/2026, 6:36:45 PM",6m 41s,NA,NA,NA,NA,NA,NA,NA,NA,Lavail Joy,"6/23/2026, 6:36:45 PM","6/23/2026, 7:00:08 PM",23 minutes 22 seconds 955 ms,NA,Yes,Yes,Yes,Provided & Relevant,Yes,Received on Time,Yes,NA,NA,NA,NA,NA,NA,NA,NA,NA,Saved,Saved,Successfully Identified as Duplicate,NA,Pass,No Defect,,NIL,2 hours disclaimer is seen. Received the correct answer but SLA breached,Expected Output,,,
TL-2129,2026-06-23,Dhaarani S,Unique,0.1,NIL,WhatsApp,English,1f16eeea-14e6-6281-803d-66981a1e5cd7,What is the recommended fertilizer dosage and application schedule for three-year-old citrus plants in Andhra Pradesh?,Soil Health and Nutrient Management,"6/23/2026, 4:01:01 PM","Jun 23, 2026, 7:18 PM",3 hours 17 min,SLA Breached,Yes,Well Framed,English,English,Correct,NA,NA,NA,Anil Kumar S,"6/23/2026, 4:45:04 PM","6/23/2026, 4:55:12 PM",10m 7s,B. Sasidhar,"6/23/2026, 6:19:04 PM","6/23/2026, 6:30:03 PM",10m 59s,Lovely,"6/23/2026, 6:30:03 PM","6/23/2026, 6:59:03 PM",28m 59s,Mohammad,"6/23/2026, 6:59:03 PM","6/23/2026, 7:01:27 PM",2m 23s,NA,NA,NA,NA,NA,NA,NA,NA,Lavail Joy,"6/23/2026, 7:01:27 PM","6/23/2026, 7:18:54 PM",17 minutes 27 seconds 433 ms,NA,Yes,Yes,Yes,Provided & Relevant,Yes,Received on Time,Yes,NA,NA,NA,NA,NA,NA,NA,NA,NA,Saved,Saved,Successfully Identified as Duplicate,NA,Pass,No Defect,,NIL,2 hours disclaimer is seen. Received the correct answer but SLA breached,Pending,,,
TL-2130,2026-06-23,Dhaarani S,Unique,0.1,NIL,WhatsApp,English,1f16eeee-73e9-6c73-8044-5f3dd1dd401f,What are the essential plant protection and management practices for maintaining healthy citrus crops in Andhra Pradesh?,Plant protection,"6/23/2026, 4:02:58 PM","Jun 24, 2026, 2:22 PM", 22 hours 19 minutes 2 seconds.,SLA Breached,Yes,Well Framed,English,English,Correct,NA,NA,NA,Suresh Bhardwaj,"6/23/2026, 4:46:04 PM","6/23/2026, 5:30:54 PM",44m 49s,Anil Kumar S,"6/23/2026, 6:13:05 PM","6/23/2026, 6:18:57 PM",5m 52s,Mohammad,"6/23/2026, 6:23:03 PM","6/23/2026, 6:25:47 PM",2m 44s,Yash Praveen Khot,"6/23/2026, 6:28:05 PM","6/23/2026, 7:05:13 PM",37m 8s,NA,NA,NA,NA,NA,NA,NA,NA,Kavya Ponugoti,,,,NA,Yes,Yes,Yes,Provided & Relevant,Yes,Received on Time,Yes,NA,NA,NA,NA,NA,NA,NA,NA,NA,Saved,Saved,Successfully Identified as Duplicate,NA,Pass,No Defect,,NIL,2 hours disclaimer is seen. Received the answer (24/06/2026).,Pending,,,
TL-2131,2026-06-23,Dhaarani S,GDB,0.1,NIL,Web App,English,1f16ef16-fa89-636d-8005-786c745a4093,Why are the leaves of okra turning yellow in Uttar Pradesh?,Plant protection,"6/23/2026, 4:20:54 PM","6/23/2026, 4:21:06 PM",12 s,Within SLA,Yes,Well Framed,English,English,Correct,NA,Correctly Tagged as Duplicate,NA,Emayamathi G,NA,NA,NA,NA,,,NA,NA,NA,,NA,NA,NA,NA,,NA,NA,NA,NA,NA,NA,NA,NA,NA,NA,NA,NA,NA,Yes,Yes,Yes,Provided & Relevant,NA,NA,NA,NA,Yes,Yes,CLEAR,Clear,NA,NA,NA,NA,Saved,Saved,Successfully Identified as Duplicate,Yes,Pass,No Defect,,NIL,Received the correct answer but some points about pest symptoms can be included.,Expected Output,,,
TL-2132,2026-06-23,Dhaarani S,GDB,0.1,NIL,WhatsApp,English,1f16ef45-cc60-63e9-804b-d2b441df0fc7,Why are the leaves of okra turning yellow in Uttar Pradesh?,Plant protection,"6/23/2026, 4:41:51 PM","6/23/2026, 4:42:03 PM",12 s,Within SLA,Yes,Well Framed,English,English,Correct,NA,Correctly Tagged as Duplicate,NA,Shivendra Pratap Singh,NA,NA,NA,NA,NA,NA,NA,NA,NA,NA,NA,NA,NA,NA,NA,NA,NA,NA,NA,NA,NA,NA,NA,NA,NA,NA,NA,NA,Yes,Yes,No,Provided & Relevant,NA,NA,NA,NA,NA,NA,NA,NA,NA,NA,NA,NA,Saved,Saved,Successfully Identified as Duplicate,Yes,Pass,No Defect,,NIL,Received the same answer as in the web but it shows moderator's name instead of author's name.,Pending,,,
TL-2151,2026-06-23,Lavanya Mathialagan,GDB,0.1,NIL,Web App,English,1f16ef1e-4521-687d-8005-5164849a8ce3,How can I effectively control shoot borer in maize in Uttar Pradesh?,Insect–Pest Management,16:24:00,16:24:22,22sec,Within SLA,Successfully Identified as Duplicate,Well Framed,English,English,Correct,NIL,Correctly Tagged as Duplicate,NA,NA,NA,NA,NA,NA,NA,NA,NA,NA,NA,NA,NA,NA,NA,NA,NA,NA,NA,NA,NA,NA,NA,NA,NA,NA,NA,NA,NA,NA,Yes,Yes,Yes,Provided & Relevant,NA,NA,NA,NA,Yes,Yes,Clear,Clear,NIL,NA,NA,NA,duplicate,duplicate,Successfully Identified as Duplicate,Yes,Pass,info,https://desk.zoho.in/agent/annamai/annam-ai/tickets/details/202216000002008001,NIL,Banned chemical is being mentioned in answer ,Anomaly Found in Output,,,
TL-2152,2026-06-23,Lavanya Mathialagan,GDB,0.1,NIL,WhatsApp,English,1f16ef25-2040-650b-8075-ddcf3dca547d,How can I effectively control shoot borer in maize in Uttar Pradesh?,Insect–Pest Management,16:27:00,16:27:26,26sec,Within SLA,Successfully Identified as Duplicate,Well Framed,English,English,Correct,NIL,Correctly Tagged as Duplicate,NA,NA,NA,NA,NA,NA,NA,NA,NA,NA,NA,NA,NA,NA,NA,NA,NA,NA,NA,NA,NA,NA,NA,NA,NA,NA,NA,NA,NA,NA,Yes,Yes,Yes,Provided & Relevant,NA,NA,NA,NA,NA,NA,NA,NA,NA,NA,NA,NA,duplicate,duplicate,Successfully Identified as Duplicate,Yes,Pass,info,https://desk.zoho.in/agent/annamai/annam-ai/tickets/details/202216000002008001,NIL,Banned chemical is being mentioned in answer ,Anomaly Found in Output,,,
TL-2153,2026-06-23,Lavanya Mathialagan,GDB,0.1,NIL,Web App,English,1f16ef5e-cab6-6266-8005-1ede0696b867,How can I identify and manage pink stem borer infestation in maize in Uttar Pradesh?,Insect–Pest Management,16:53:00,16:53:14,14sec,Within SLA,Successfully Identified as Duplicate,Well Framed,English,English,Correct,NIL,Correctly Tagged as Duplicate,NA,NA,NA,NA,NA,NA,NA,NA,NA,NA,NA,NA,NA,NA,NA,NA,NA,NA,NA,NA,NA,NA,NA,NA,NA,NA,NA,NA,NA,NA,Yes,Yes,Yes,Provided & Relevant,NA,NA,NA,NA,Yes,Yes,Clear,Clear,NA,NA,NA,NA,duplicate,duplicate,Successfully Identified as Duplicate,Yes,Pass,No Defect,,NIL,Good to go,Expected Output,,,
TL-2154,2026-06-23,Lavanya Mathialagan,GDB,0.1,NIL,WhatsApp,English,1f16ef5f-2690-613e-807c-f7f0fe1823b0,How can I identify and manage pink stem borer infestation in maize in Uttar Pradesh?,Insect–Pest Management,16:53:00,16:53:23,23sec,Within SLA,Successfully Identified as Duplicate,Well Framed,English,English,Correct,NIL,Correctly Tagged as Duplicate,NA,NA,NA,NA,NA,NA,NA,NA,NA,NA,NA,NA,NA,NA,NA,NA,NA,NA,NA,NA,NA,NA,NA,NA,NA,NA,NA,NA,NA,NA,Yes,Yes,Yes,Provided & Relevant,NA,NA,NA,NA,NA,NA,NA,NA,NA,NA,NA,NA,duplicate,duplicate,Successfully Identified as Duplicate,Yes,Pass,No Defect,,NIL,Good to go,Expected Output,,,
TL-2155,2026-06-23,Lavanya Mathialagan,GDB,0.1,NIL,Web App,English,1f16ef71-5e60-6b45-8005-d5c5b99bf481,How can I control leaf folder and stem borer in maize crop in Uttar Pradesh?,Insect–Pest Management,17:01:00,17:01:32,32sec,Within SLA,Successfully Identified as Duplicate,Well Framed,English,English,Correct,NIL,Correctly Tagged as Duplicate,NA,NA,NA,NA,NA,NA,NA,NA,NA,NA,NA,NA,NA,NA,NA,NA,NA,NA,NA,NA,NA,NA,NA,NA,NA,NA,NA,NA,NA,NA,Yes,Yes,Yes,Provided & Relevant,NA,NA,NA,NA,Yes,Yes,Clear,Clear,NIL,NA,NA,NA,duplicate,duplicate,Successfully Identified as Duplicate,Yes,Pass,No Defect,,NIL,Good to go,Expected Output,,,
TL-2156,2026-06-23,Lavanya Mathialagan,GDB,0.1,NIL,WhatsApp,English,1f16ef71-94f6-61ca-8083-fc65bc96b18b,How can I control leaf folder and stem borer in maize crop in Uttar Pradesh?,Insect–Pest Management,17:01:00,17:01:38,38sec,Within SLA,Successfully Identified as Duplicate,Well Framed,English,English,Correct,NIL,Correctly Tagged as Duplicate,NA,NA,NA,NA,NA,NA,NA,NA,NA,NA,NA,NA,NA,NA,NA,NA,NA,NA,NA,NA,NA,NA,NA,NA,NA,NA,NA,NA,NA,NA,Yes,Yes,Yes,Provided & Relevant,NA,NA,NA,NA,NA,NA,NA,NA,NA,NA,NA,NA,duplicate,duplicate,Successfully Identified as Duplicate,Yes,Pass,No Defect,,NIL,Good to go,Expected Output,,,
TL-2157,2026-06-23,Lavanya Mathialagan,GDB,0.1,NIL,Web App,English,1f16ef7b-d90e-697d-8005-8c7764ebbfea,How can I identify and manage Brown Stripe Downy Mildew in maize in Uttar Pradesh?,Disease Management,17:06:00,17:06:14,14sec,Within SLA,Successfully Identified as Duplicate,Well Framed,English,English,Correct,NIL,Correctly Tagged as Duplicate,NA,NA,NA,NA,NA,NA,NA,NA,NA,NA,NA,NA,NA,NA,NA,NA,NA,NA,NA,NA,NA,NA,NA,NA,NA,NA,NA,NA,NA,NA,Yes,Yes,Yes,Provided & Relevant,NA,NA,NA,NA,Yes,Yes,Clear,Clear,NA,NA,NA,NA,duplicate,duplicate,Successfully Identified as Duplicate,Yes,Pass,No Defect,,NIL,Good to go,Expected Output,,,
TL-2158,2026-06-23,Lavanya Mathialagan,GDB,0.1,NIL,WhatsApp,English,1f16ef7c-173f-6c8b-808a-844eee5f72e9,How can I identify and manage Brown Stripe Downy Mildew in maize in Uttar Pradesh?,Disease Management,17:06:00,17:06:20,20sec,Within SLA,Successfully Identified as Duplicate,Well Framed,English,English,Correct,NIL,Correctly Tagged as Duplicate,NA,NA,NA,NA,NA,NA,NA,NA,NA,NA,NA,NA,NA,NA,NA,NA,NA,NA,NA,NA,NA,NA,NA,NA,NA,NA,NA,NA,NA,NA,Yes,Yes,Yes,Provided & Relevant,NA,NA,NA,NA,NA,NA,NA,NA,NA,NA,NA,NA,duplicate,duplicate,Successfully Identified as Duplicate,Yes,Pass,No Defect,,NIL,Good to go,Expected Output,,,
TL-2159,2026-06-23,Lavanya Mathialagan,GDB,0.1,NIL,Web App,English,1f16ef94-1242-6c04-8005-8f841f8efea0,How to control grass weeds in maize crop in Uttar Pradesh?,Weed Management,17:17:00,17:17:04,4sec,Within SLA,Successfully Identified as Duplicate,Well Framed,English,English,Correct,NIL,Correctly Tagged as Duplicate,NA,NA,NA,NA,NA,NA,NA,NA,NA,NA,NA,NA,NA,NA,NA,NA,NA,NA,NA,NA,NA,NA,NA,NA,NA,NA,NA,NA,NA,NA,Yes,Yes,Yes,Provided & Relevant,NA,NA,NA,NA,Yes,Yes,Clear,Clear,NA,NA,NA,NA,duplicate,duplicate,Successfully Identified as Duplicate,Yes,Pass,No Defect,,NIL,Good to go,Expected Output,,,
TL-2160,2026-06-23,Lavanya Mathialagan,GDB,0.1,NIL,WhatsApp,English,1f16ef94-5981-6e82-8091-4f8baa91819d,How to control grass weeds in maize crop in Uttar Pradesh?,Weed Management,17:17:00,17:17:11,11sec,Within SLA,Successfully Identified as Duplicate,Well Framed,English,English,Correct,NIL,Correctly Tagged as Duplicate,NA,NA,NA,NA,NA,NA,NA,NA,NA,NA,NA,NA,NA,NA,NA,NA,NA,NA,NA,NA,NA,NA,NA,NA,NA,NA,NA,NA,NA,NA,Yes,Yes,Yes,Provided & Relevant,NA,NA,NA,NA,NA,NA,NA,NA,NA,NA,NA,NA,duplicate,duplicate,Successfully Identified as Duplicate,Yes,Pass,No Defect,,NIL,Good to go,Expected Output,,,
TL-2161,2026-06-23,Lavanya Mathialagan,GDB,0.1,NIL,Web App,English,1f16ef9d-bf9d-6c32-8005-41173c89c48a,What are the effective methods for controlling top borer (stem borer) in maize crop in Uttar Pradesh?,Plant protection,17:21:00,17:21:24,24sec,Within SLA,Successfully Identified as Duplicate,Well Framed,English,English,Correct,NIL,Correctly Tagged as Duplicate,NA,NA,NA,NA,NA,NA,NA,NA,NA,NA,NA,NA,NA,NA,NA,NA,NA,NA,NA,NA,NA,NA,NA,NA,NA,NA,NA,NA,NA,NA,Yes,Yes,Yes,Provided & Relevant,NA,NA,NA,NA,Yes,Yes,Clear,Clear,NA,NA,NA,NA,duplicate,duplicate,Successfully Identified as Duplicate,Yes,Pass,No Defect,https://desk.zoho.in/agent/annamai/annam-ai/tickets/details/202216000002008001,NIL,Banned chemical is being mentioned in answer ,Anomaly Found in Output,,,
TL-2162,2026-06-23,Lavanya Mathialagan,GDB,0.1,NIL,WhatsApp,English,1f16ef9d-f379-6f69-8098-6b18b14d8ce5,What are the effective methods for controlling top borer (stem borer) in maize crop in Uttar Pradesh?,Plant protection,17:21:00,17:21:29,29sec,Within SLA,Successfully Identified as Duplicate,Well Framed,English,English,Correct,NIL,Correctly Tagged as Duplicate,NA,NA,NA,NA,NA,NA,NA,NA,NA,NA,NA,NA,NA,NA,NA,NA,NA,NA,NA,NA,NA,NA,NA,NA,NA,NA,NA,NA,NA,NA,Yes,Yes,Yes,Provided & Relevant,NA,NA,NA,NA,NA,NA,NA,NA,NA,NA,NA,NA,duplicate,duplicate,Successfully Identified as Duplicate,Yes,Pass,No Defect,,NIL,Good to go,Expected Output,,,
TL-2163,2026-06-23,Lavanya Mathialagan,GDB,0.1,NIL,Web App,English,1f16f035-3efe-6ab8-8005-b7af823b4026,How can I effectively control caterpillar infestations in maize crops in Uttar Pradesh?,Insect–Pest Management,18:29:00,18:29:10,10sec,Within SLA,Successfully Identified as Duplicate,Well Framed,English,English,Correct,NIL,Correctly Tagged as Duplicate,NA,NA,NA,NA,NA,NA,NA,NA,NA,NA,NA,NA,NA,NA,NA,NA,NA,NA,NA,NA,NA,NA,NA,NA,NA,NA,NA,NA,NA,NA,Yes,Yes,Yes,Provided & Relevant,NA,NA,NA,NA,Yes,Yes,Clear,Clear,NA,NA,NA,NA,duplicate,duplicate,Successfully Identified as Duplicate,Yes,Pass,No Defect,,NIL,Good to go,Expected Output,,,
TL-2164,2026-06-23,Lavanya Mathialagan,GDB,0.1,NIL,WhatsApp,English,1f16f035-bcde-6056-80a3-0522ea8022d7,How can I effectively control caterpillar infestations in maize crops in Uttar Pradesh?,Insect–Pest Management,18:29:00,18:29:24,24sec,Within SLA,Successfully Identified as Duplicate,Well Framed,English,English,Correct,NIL,Correctly Tagged as Duplicate,NA,NA,NA,NA,NA,NA,NA,NA,NA,NA,NA,NA,NA,NA,NA,NA,NA,NA,NA,NA,NA,NA,NA,NA,NA,NA,NA,NA,NA,NA,Yes,Yes,Yes,Provided & Relevant,NA,NA,NA,NA,NA,NA,NA,NA,NA,NA,NA,NA,duplicate,duplicate,Successfully Identified as Duplicate,Yes,Pass,No Defect,,NIL,Good to go,Expected Output,,,
TL-2165,2026-06-23,Lavanya Mathialagan,GDB,0.1,NIL,Web App,English,1f16f047-2908-6ab7-8005-c65bbaae7861,How do I manage cutworm infestation in maize in Uttar Pradesh?,Insect–Pest Management,18:38:00,7:45 PM,1 hour and 8 minutes,Within SLA,NA,Well Framed,English,English,Correct,NIL,Correctly Tagged as Duplicate,NA,NA,NA,NA,NA,NA,NA,NA,NA,NA,NA,NA,NA,NA,NA,NA,NA,NA,NA,NA,NA,NA,NA,NA,NA,NA,NA,NA,NA,NA,Yes,Yes,Yes,Provided & Relevant,Yes,Not Received,NA,NA,Yes,Yes,Clear,Clear,NA,NA,NA,NA,Saved,Saved,Successfully Identified as Duplicate,Yes,Pass,No Defect,,NIL,GDB question but gives 2 hours disclaimer. Answer received within 2hours,Expected Output,,,
TL-2166,2026-06-23,Lavanya Mathialagan,GDB,0.1,NIL,WhatsApp,English,1f16ff36-a12f-68bf-805a-9ad43e75055e,How do I manage cutworm infestation in maize in Uttar Pradesh?,Insect–Pest Management,23:07:00,23:07:47,47sec,Within SLA,No,Well Framed,English,English,Correct,NIL,Correctly Tagged as Duplicate,NA,NA,NA,NA,NA,NA,NA,NA,NA,NA,NA,NA,NA,NA,NA,NA,NA,NA,NA,NA,NA,NA,NA,NA,NA,NA,NA,NA,NA,NA,Yes,Yes,Yes,Provided & Relevant,NA,NA,NA,NA,NA,NA,NA,NA,NA,NA,NA,NA,duplicate,duplicate,Successfully Identified as Duplicate,Yes,Pass,No Defect,,NIL,Good to go,Expected Output,,,
TL-2167,2026-06-23,Lavanya Mathialagan,GDB,0.1,NIL,Web App,English,1f16f064-09ee-6cd9-8005-3a6e58442e20,How can I control chewing-type insect pests in maize crop in Uttar Pradesh?,Insect–Pest Management,18:50:00,18:50:06,6sec,Within SLA,Successfully Identified as Duplicate,Well Framed,English,English,Correct,NIL,Correctly Tagged as Duplicate,NA,NA,NA,NA,NA,NA,NA,NA,NA,NA,NA,NA,NA,NA,NA,NA,NA,NA,NA,NA,NA,NA,NA,NA,NA,NA,NA,NA,NA,NA,Yes,Yes,Yes,Provided & Relevant,NA,NA,NA,NA,Yes,Yes,Clear,Clear,NA,NA,NA,NA,duplicate,duplicate,Successfully Identified as Duplicate,Yes,Pass,No Defect,https://desk.zoho.in/agent/annamai/annam-ai/tickets/details/202216000002008001,NIL,Good to go,Anomaly Found in Output,,,
TL-2168,2026-06-23,Lavanya Mathialagan,GDB,0.1,NIL,WhatsApp,English,1f16f065-a97a-683d-80ab-b9627e15a070,How can I control chewing-type insect pests in maize crop in Uttar Pradesh?,Insect–Pest Management,18:50:00,18:50:50,50sec,Within SLA,Successfully Identified as Duplicate,Well Framed,English,English,Correct,NIL,Correctly Tagged as Duplicate,NA,NA,NA,NA,NA,NA,NA,NA,NA,NA,NA,NA,NA,NA,NA,NA,NA,NA,NA,NA,NA,NA,NA,NA,NA,NA,NA,NA,NA,NA,Yes,Yes,Yes,Provided & Relevant,NA,NA,NA,NA,NA,NA,NA,NA,NA,NA,NA,NA,duplicate,duplicate,Successfully Identified as Duplicate,Yes,Pass,No Defect,,NIL,Good to go,Expected Output,,,
TL-2169,2026-06-23,Lavanya Mathialagan,GDB,0.1,NIL,Web App,English,1f16f076-5df8-6cfb-8005-2b489c11b441,What are the recommended herbicides for weed management in maize cultivation in Uttar Pradesh?,Weed Management,18:58:00,18:58:18,18sec,Within SLA,Successfully Identified as Duplicate,Well Framed,English,English,Correct,NIL,Correctly Tagged as Duplicate,NA,NA,NA,NA,NA,NA,NA,NA,NA,NA,NA,NA,NA,NA,NA,NA,NA,NA,NA,NA,NA,NA,NA,NA,NA,NA,NA,NA,NA,NA,Yes,Yes,Yes,Provided & Relevant,NA,NA,NA,NA,Yes,Yes,Clear,Clear,NA,NA,NA,NA,duplicate,duplicate,Successfully Identified as Duplicate,Yes,Pass,No Defect,,NIL,Good to go,Expected Output,,,
TL-2170,2026-06-23,Lavanya Mathialagan,GDB,0.1,NIL,WhatsApp,English,1f16f077-1995-623f-80b2-12a3dd720257,What are the recommended herbicides for weed management in maize cultivation in Uttar Pradesh?,Weed Management,18:58:00,18:58:38,38sec,Within SLA,Successfully Identified as Duplicate,Well Framed,English,English,Correct,NIL,Correctly Tagged as Duplicate,NA,NA,NA,NA,NA,NA,NA,NA,NA,NA,NA,NA,NA,NA,NA,NA,NA,NA,NA,NA,NA,NA,NA,NA,NA,NA,NA,NA,NA,NA,Yes,Yes,Yes,Provided & Relevant,NA,NA,NA,NA,NA,NA,NA,NA,NA,NA,NA,NA,duplicate,duplicate,Successfully Identified as Duplicate,Yes,Pass,No Defect,,NIL,Good to go,Expected Output,,,
TL-2172,2026-06-23,K. Deni Sudha,Unique,0.1,NIL,WhatsApp,English,1f16f0c1-ff73-69c7-807f-9b51bda91e3e,What are the best management practices and nutritional strategies to increase the fruit size in citrus crops in Andhra Pradesh?,Cultural and Crop Management Practices,"6/23/2026, 7:32:00 PM","6/24/2026, 13:58:00",1106.0,SLA Breached,Yes,Well Framed,English,English,Correct,NIL,NA,Yes,Prerna Bharti,"6/23/2026, 7:33:03 PM","6/23/2026, 8:04:42 PM",31.7,Suraiya Amin,"6/23/2026, 8:05:04 PM","6/23/2026, 8:21:30 PM",16.4,Atul,"6/23/2026, 8:22:04 PM","6/23/2026, 8:31:02 PM",9.0,Mohammad,"6/23/2026, 8:32:03 PM","6/23/2026, 8:41:48 PM",9.7,NA,NA,NA,NA,NA,NA,NA,NA,Divyadarshni K,"6/23/2026, 8:41:48 PM","6/24/2026, 13:58:00",1036.2,NA,Yes,Yes,Yes,Provided & Relevant,Yes,Received on Time,Yes,Yes,NA,NA,NA,NA,NA,NA,NA,NA,Saved,Saved,Successfully Identified as Duplicate,Yes,Pass,No Defect,NIL,NIL,2 hours disclaimer. Received answer the next day.,Expected Output,,,
TL-2174,2026-06-23,Lavanya Mathialagan,GDB,0.1,NIL,Web App,English,1f16f17c-d385-6c7b-8005-abfa78130d39,What are the best practices for water management in sugarcane crops in Uttar Pradesh?,Irrigation and Water Management,20:55:00,20:55:44,44sec,Within SLA,Yes,Well Framed,English,English,Correct,NIL,NA,NA,NA,NA,NA,NA,NA,NA,NA,NA,NA,NA,NA,NA,NA,NA,NA,NA,NA,NA,NA,NA,NA,NA,NA,NA,NA,NA,NA,NA,NA,Yes,Yes,Yes,Provided & Relevant,NA,NA,NA,NA,Yes,Yes,Clear,Clear,NA,NA,NA,NA,Duplicate,Duplicate,Successfully Identified as Duplicate,Yes,Pass,No Defect,,NIL,Good to go,Expected Output,,,
TL-2175,2026-06-23,Lavanya Mathialagan,GDB,0.1,NIL,WhatsApp,English,1f16f17e-adff-6fdb-80cd-6f0370d6861a,What are the best practices for water management in sugarcane crops in Uttar Pradesh?,Irrigation and Water Management,20:56:00,20:56:34,34sec,Within SLA,Yes,Well Framed,English,English,Correct,NIL,NA,NA,NA,NA,NA,NA,NA,NA,NA,NA,NA,NA,NA,NA,NA,NA,NA,NA,NA,NA,NA,NA,NA,NA,NA,NA,NA,NA,NA,NA,NA,Yes,Yes,Yes,Provided & Relevant,NA,NA,NA,NA,NA,NA,NA,NA,NA,NA,NA,NA,Duplicate,Duplicate,Successfully Identified as Duplicate,Yes,Pass,No Defect,,NIL,Good to go,Expected Output,,,
TL-2176,2026-06-23,Lavanya Mathialagan,GDB,0.1,NIL,Web App,English,1f16f230-7047-6976-8005-13be11a6ef94,Information about the control of Blight in crop sugarcane in Uttar Pradesh,Disease Management,22:16:00,"24/6/2026, 3:12:22 pm","16 hours, 56 minutes, and 22 seconds",SLA Breached,Yes,Well Framed,English,English,Correct,NIL,NA,NA,NA,NA,NA,NA,NA,NA,NA,NA,NA,NA,NA,NA,NA,NA,NA,NA,NA,NA,NA,NA,NA,NA,NA,NA,NA,NA,NA,NA,NA,Yes,Yes,Yes,Provided & Relevant,NA,NA,NA,NA,Yes,Yes,Clear,Clear,NA,NA,NA,NA,Duplicate,Duplicate,Successfully Identified as Duplicate,Yes,Pass,No Defect,,NIL,Good to go,Expected Output,,,
TL-2178,2026-06-23,Lavanya Mathialagan,GDB,0.1,NIL,Web App,English,1f16f23b-1604-64c2-8005-831b530bde1f,Problems of flower loss in the black gram crop in Uttar Pradesh,Plant protection,22:20:00,22:20:51,51sec,Within SLA,Yes,Well Framed,English,English,Correct,NIL,NA,NA,NA,NA,NA,NA,NA,NA,NA,NA,NA,NA,NA,NA,NA,NA,NA,NA,NA,NA,NA,NA,NA,NA,NA,NA,NA,NA,NA,NA,NA,Yes,Yes,Yes,Provided & Relevant,NA,NA,NA,NA,Yes,Yes,Clear,Clear,NA,NA,NA,NA,Duplicate,Duplicate,Successfully Identified as Duplicate,Yes,Pass,No Defect,,NIL,Good to go,Expected Output,,,
TL-2179,2026-06-23,Lavanya Mathialagan,GDB,0.1,NIL,WhatsApp,English,1f16f23b-3f49-6b02-80d4-962c305ae141,Problems of flower loss in the black gram crop in Uttar Pradesh,Plant protection,22:20:00,22:20:55,55sec,Within SLA,Yes,Well Framed,English,English,Correct,NIL,NA,NA,NA,NA,NA,NA,NA,NA,NA,NA,NA,NA,NA,NA,NA,NA,NA,NA,NA,NA,NA,NA,NA,NA,NA,NA,NA,NA,NA,NA,NA,Yes,Yes,Yes,Provided & Relevant,NA,NA,NA,NA,NA,NA,NA,NA,NA,NA,NA,NA,Duplicate,Duplicate,Successfully Identified as Duplicate,Yes,Pass,No Defect,,NIL,Good to go,Expected Output,,,
TL-2180,2026-06-23,Lavanya Mathialagan,GDB,0.1,NIL,Web App,English,1f16f26a-39ad-6774-8005-c4a8bc972fec,Pod borer in black gram in Uttar Pradesh,Insect–Pest Management,22:41:00,22:41:56,56sec,Within SLA,Yes,Well Framed,English,English,Correct,NIL,NA,NA,NA,NA,NA,NA,NA,NA,NA,NA,NA,NA,NA,NA,NA,NA,NA,NA,NA,NA,NA,NA,NA,NA,NA,NA,NA,NA,NA,NA,NA,Yes,Yes,Yes,Provided & Relevant,NA,NA,NA,NA,Yes,Yes,Clear,Clear,NA,NA,NA,NA,Duplicate,Duplicate,Successfully Identified as Duplicate,Yes,Pass,No Defect,,NIL,Good to go,Expected Output,,,
TL-2181,2026-06-23,Lavanya Mathialagan,GDB,0.1,NIL,WhatsApp,English,1f16f25a-4fce-6830-80dc-87f844044b87,Pod borer in black gram in Uttar Pradesh,Insect–Pest Management,22:34:00,22:34:44,44sec,Within SLA,Yes,Well Framed,English,English,Correct,NIL,NA,NA,NA,NA,NA,NA,NA,NA,NA,NA,NA,NA,NA,NA,NA,NA,NA,NA,NA,NA,NA,NA,NA,NA,NA,NA,NA,NA,NA,NA,NA,Yes,Yes,Yes,Provided & Relevant,NA,NA,NA,NA,NA,NA,NA,NA,NA,NA,NA,NA,Duplicate,Duplicate,Successfully Identified as Duplicate,Yes,Pass,No Defect,,NIL,Good to go,Expected Output,,,
TL-2182,2026-06-23,Lavanya Mathialagan,GDB,0.1,NIL,Web App,English,1f16f26e-7946-6a95-8005-058db4b8978d,"
 	
Information about control of white fly in Black gram in Uttar Pradesh",Insect–Pest Management,22:43:00,22:43:50,50sec,Within SLA,Yes,Well Framed,English,English,Correct,NIL,NA,NA,NA,NA,NA,NA,NA,NA,NA,NA,NA,NA,NA,NA,NA,NA,NA,NA,NA,NA,NA,NA,NA,NA,NA,NA,NA,NA,NA,NA,NA,Yes,Yes,Yes,Provided & Relevant,NA,NA,NA,NA,Yes,Yes,Clear,Clear,NA,NA,NA,NA,Duplicate,Duplicate,Successfully Identified as Duplicate,Yes,Pass,No Defect,,NIL,Good to go,Expected Output,,,
TL-2183,2026-06-23,Lavanya Mathialagan,GDB,0.1,NIL,WhatsApp,English,1f16f26e-e171-6742-80e4-1d08be6e2a3a,"
 	
Information about control of white fly in Black gram in Uttar Pradesh",Insect–Pest Management,22:43:00,22:44:01,1m ,Within SLA,Yes,Well Framed,,English,Correct,NIL,NA,NA,NA,NA,NA,NA,NA,NA,NA,NA,NA,NA,NA,NA,NA,NA,NA,NA,NA,NA,NA,NA,NA,NA,NA,NA,NA,NA,NA,NA,NA,Yes,Yes,Yes,Provided & Relevant,NA,NA,NA,NA,NA,NA,NA,NA,NA,NA,NA,NA,Duplicate,Duplicate,Successfully Identified as Duplicate,Yes,Pass,No Defect,,NIL,Good to go,Expected Output,,,
TL-2196,2026-06-23,K. Deni Sudha,Unique,0.1,NIL,WhatsApp,English,1f16f226-8fbc-664c-8093-0d43d88b4325,"What are the primary causes of premature leaf fall in citrus crops, and how can it be managed effectively in Andhra Pradesh?",Plant protection,"6/23/2026,10:11:00 PM","6/24/2026,14:39:00 PM",960.0,SLA Breached,Yes,Well Framed,English,English,Correct,NIL,NA,Yes,Varsha Shekhar,"6/23/2026, 10:12:04 PM","6/23/2026, 10:49:06 PM",37.0,Prerna Bharti,"6/23/2026, 10:50:03 PM","6/23/2026, 10:52:15 PM",2.2,Mohammad,"6/23/2026, 10:53:03 PM","6/23/2026, 11:20:08 PM",27.1,Suraiya Amin,"6/23/2026, 11:21:03 PM","6/23/2026, 11:23:41 PM",2.6,NA,NA,NA,NA,NA,NA,NA,NA,Pallavi J P,"6/23/2026, 11:23:41 PM","6/24/2026, 14:39:00 PM",900.0,NA,Yes,Yes,Yes,Provided & Relevant,Yes,Received on Time,Yes,Yes,NA,NA,NA,NA,NIL,NA,NA,NA,Saved,Saved,Successfully Identified as Duplicate,Yes,Pass,No Defect,NIL,NIL," You will receive a response by tomorrow, 8:00 AM. Received answer the next day.",Expected Output,,,
TL-2197,2026-06-23,K. Deni Sudha,Unique,0.1,NIL,WhatsApp,English,1f16f22f-7c5d-6fff-809a-20d11d564bae,What are the effective management strategies for managing Citrus Tristeza Virus (CTV) and related wilt/decline symptoms in citrus orchards in Andhra Pradesh?,Plant protection,"6/23/2026, 10:15:00 PM","6/24/2026, 9:34:00",679.0,SLA Breached,Yes,Well Framed,English,English,Correct,NIL,NA,Yes,Lakshmi Aravind,"6/23/2026, 10:16:03 PM","6/23/2026, 11:10:25 PM",54.4,Suraiya Amin,"6/23/2026, 11:11:04 PM","6/23/2026, 11:19:54 PM",8.8,Lovely,"6/23/2026, 11:20:04 PM","6/23/2026, 11:32:38 PM",12.6,Mohammad,"6/23/2026, 11:33:04 PM","6/23/2026, 11:54:49 PM",21.8,NA,NA,NA,NA,NA,NA,NA,NA,Satarupa Saha,,"6/24/2026, 9:34:00",,NA,Yes,Yes,Yes,Provided & Relevant,Yes,Received on Time,Yes,Yes,NA,NA,NA,NA,NIL,NA,NA,NA,Saved,Saved,Successfully Identified as Duplicate,Yes,Pass,No Defect,NIL,NIL," You will receive a response by tomorrow, 8:00 AM. Received answer the next day.",Expected Output,,,
TL-2198,2026-06-23,K. Deni Sudha,GDB,0.1,NIL,Web App,English,1f16f236-b4af-6037-8005-8b20fdde157f,How can I control termites in my pea crop in Uttar Pradesh?,Plant protection,22:18:00,22:18:53,0.9,Within SLA,Successfully Identified as Duplicate,Well Framed,English,English,Correct,NIL,Correctly Tagged as Duplicate,NA,NA,NA,NA,NA,NA,NA,NA,NA,NA,NA,NA,NA,NA,NA,NA,NA,NA,NA,NA,NA,NA,NA,NA,NA,NA,NA,NA,NA,NA,Yes,Yes,Yes,Provided & Relevant,Successfully Identified as Duplicate,NA,NA,NA,NA,NA,NA,NA,NIL,NA,NA,NA,Saved,Saved,Successfully Identified as Duplicate,Yes,Pass,No Defect,NIL,NIL,Duplicate,Expected Output,,,
TL-2199,2026-06-23,K. Deni Sudha,GDB,0.1,NIL,Web App,English,1f16f257-c6e2-6fc4-8005-8a8885fe6180,Is there a weed called bathua in pea crops in Uttar Pradesh?,Weed Management,22:33:00,22:33:41,0.7,Within SLA,Successfully Identified as Duplicate,Well Framed,English,English,Correct,NIL,Correctly Tagged as Duplicate,NA,NA,NA,NA,NA,NA,NA,NA,NA,NA,NA,NA,NA,NA,NA,NA,NA,NA,NA,NA,NA,NA,NA,NA,NA,NA,NA,NA,NA,NA,Yes,Yes,Yes,Provided & Relevant,Successfully Identified as Duplicate,NA,NA,NA,NA,NA,NA,NA,NIL,NA,NA,NA,Saved,Saved,Successfully Identified as Duplicate,Yes,Pass,No Defect,NIL,NIL,Duplicate,Expected Output,,,
TL-2200,2026-06-23,K. Deni Sudha,GDB,0.1,NIL,Web App,English,1f16f260-b88f-6283-8005-6d0d26541e89,The peas are not germinating well. What could be the reason and how can it be resolved in Uttar Pradesh?,Cultural and Crop Management Practices,"6/23/2026, 10:37:00 PM","6/27/2026, 10:27:05 PM",5750.1,SLA Breached,Yes,Well Framed,English,English,Correct,NIL,Duplicate but not tagged,Yes,Ravindra Prasad,"6/27/2026, 6:45:04 AM","6/27/2026, 7:20:19 AM",35.2,Ambika,7:21:04 AM,7:35:12 AM,14.1,Rimpa Bera,7:36:04 AM,7:43:13 AM,7.2,Jayashree N,8:30:12 AM,9:06:42 AM,36.5,NA,NA,NA,NA,NA,NA,NA,NA,Shivendra Pratap Singh,NA,10:27:05 PM,25.0,NA,Yes,Yes,Yes,Provided & Relevant,Yes,Not Received,NA,NA,NA,NA,NA,NA,NIL,NA,NA,NA,Saved,Saved,Successfully Identified as Duplicate,NA,PARTIAL,Medium,https://desk.zoho.in/agent/annamai/annam-ai/tickets/details/202216000002109001  https://desk.zoho.in/agent/annamai/annam-ai/tickets/details/202216000002107001,NIL,"Not identified as duplicate.Regenerated in webapp on 30th june,but received 2 hours disclaimer.",Anomaly Found in Output,,,
TL-2201,2026-06-23,K. Deni Sudha,GDB,0.1,NIL,Web App,English,1f16f28b-9d15-6a56-8005-b98f64d01890,Provide information on common growth problems in the Pea crop in Uttar Pradesh.,Cultural and Crop Management Practices,22:56:00,22:56:53,0.9,Within SLA,Successfully Identified as Duplicate,Well Framed,English,English,Correct,NIL,Correctly Tagged as Duplicate,NA,NA,NA,NA,NA,NA,NA,NA,NA,NA,NA,NA,NA,NA,NA,NA,NA,NA,NA,NA,NA,NA,NA,NA,NA,NA,NA,NA,NA,NA,Yes,Yes,Yes,Provided & Relevant,Successfully Identified as Duplicate,NA,NA,NA,Yes,Yes,Clear,Clear,NIL,NA,NA,NA,Saved,Saved,Successfully Identified as Duplicate,Yes,Pass,No Defect,NIL,NIL,Duplicate,Expected Output,,,
TL-2202,2026-06-23,K. Deni Sudha,GDB,0.1,NIL,Web App,English,1f16f29a-7ceb-6d3c-8005-2fba8c624507,What are the common weeds in Uttar Pradesh pea crops and how can they be managed effectively?,Weed Management,23:03:00,23:03:32,0.5,Within SLA,Successfully Identified as Duplicate,Well Framed,English,English,Correct,NIL,Correctly Tagged as Duplicate,NA,NA,NA,NA,NA,NA,NA,NA,NA,NA,NA,NA,NA,NA,NA,NA,NA,NA,NA,NA,NA,NA,NA,NA,NA,NA,NA,NA,NA,NA,Yes,Yes,Yes,Provided & Relevant,Successfully Identified as Duplicate,NA,NA,NA,Yes,Yes,Clear,Clear,NIL,NA,NA,NA,Saved,Saved,Successfully Identified as Duplicate,No,Pass,No Defect,NIL,NIL,"Duplicate. When tested in whatsapp,it took wrong reference question.",Anomaly Found in Output,,,
TL-2204,2026-06-23,Lavanya Mathialagan,GDB,0.1,NIL,Web App,English,1f16f290-1de3-69c4-8005-f4c8dac23b6f,What are the key steps in the cultivation of pea in Uttar Pradesh?,Cultural and Crop Management Practices,22:58:00,22:58:54,54sec,Within SLA,Successfully Identified as Duplicate,Well Framed,English,English,Correct,NIL,Correctly Tagged as Duplicate,NA,NA,NA,NA,NA,NA,NA,NA,NA,NA,NA,NA,NA,NA,NA,NA,NA,NA,NA,NA,NA,NA,NA,NA,NA,NA,NA,NA,NA,NA,Yes,Yes,Yes,Provided & Relevant,NA,NA,NA,NA,Yes,Yes,Clear,Clear,NIL,NA,NA,NA,Duplicate,Duplicate,Successfully Identified as Duplicate,Yes,Pass,No Defect,,NIL,Good to go,Expected Output,,,
TL-2205,2026-06-23,Lavanya Mathialagan,GDB,0.1,NIL,Web App,English,1f16f290-81c6-64af-80ec-15c6ef701aef,What are the key steps in the cultivation of pea in Uttar Pradesh?,Cultural and Crop Management Practices,22:59:00,22:59:04,4sec,Within SLA,Successfully Identified as Duplicate,Well Framed,English,English,Correct,NIL,Correctly Tagged as Duplicate,NA,NA,NA,NA,NA,NA,NA,NA,NA,NA,NA,NA,NA,NA,NA,NA,NA,NA,NA,NA,NA,NA,NA,NA,NA,NA,NA,NA,NA,NA,Yes,Yes,Yes,Provided & Relevant,NA,NA,NA,NA,NA,NA,NA,NA,NIL,NA,NA,NA,Duplicate,Duplicate,Successfully Identified as Duplicate,Yes,Pass,No Defect,,NIL,Good to go,Expected Output,,,
TL-2206,2026-06-23,Lavanya Mathialagan,GDB,0.1,NIL,Web App,English,1f16f2a8-5388-6015-8005-4057d87eff0d," 
 	
What are the best varieties of vegetable pea suitable for Uttar Pradesh?",Seed and Variety Selection,23:09:00,23:09:43,43sec,Within SLA,Successfully Identified as Duplicate,Well Framed,English,English,Correct,NIL,Correctly Tagged as Duplicate,NA,NA,NA,NA,NA,NA,NA,NA,NA,NA,NA,NA,NA,NA,NA,NA,NA,NA,NA,NA,NA,NA,NA,NA,NA,NA,NA,NA,NA,NA,Yes,Yes,Yes,Provided & Relevant,NA,NA,NA,NA,Yes,Yes,Clear,Clear,NIL,NA,NA,NA,Duplicate,Duplicate,Successfully Identified as Duplicate,Yes,Pass,No Defect,,NIL,Good to go,Expected Output,,,
TL-2207,2026-06-23,Lavanya Mathialagan,GDB,0.1,NIL,Web App,English,1f16f2a9-0f8b-6811-80f3-de3c95145dc5," 
 	
What are the best varieties of vegetable pea suitable for Uttar Pradesh?",Seed and Variety Selection,23:10:00,23:10:03,3sec,Within SLA,Successfully Identified as Duplicate,Well Framed,English,English,Correct,NIL,Correctly Tagged as Duplicate,NA,NA,NA,NA,NA,NA,NA,NA,NA,NA,NA,NA,NA,NA,NA,NA,NA,NA,NA,NA,NA,NA,NA,NA,NA,NA,NA,NA,NA,NA,Yes,Yes,Yes,Provided & Relevant,NA,NA,NA,NA,NA,NA,NA,NA,NIL,NA,NA,NA,Duplicate,Duplicate,Successfully Identified as Duplicate,Yes,Pass,No Defect,,NIL,Good to go,Expected Output,,,
TL-2208,2026-06-23,Lavanya Mathialagan,GDB,0.1,NIL,Web App,English,1f16f2b0-5aa5-6885-8005-736d3c35aca3,The pea plant is drying in Uttar Pradesh,Plant protection,23:13:00,23:13:19,19sec,Within SLA,Successfully Identified as Duplicate,Well Framed,English,English,Correct,NIL,Correctly Tagged as Duplicate,NA,NA,NA,NA,NA,NA,NA,NA,NA,NA,NA,NA,NA,NA,NA,NA,NA,NA,NA,NA,NA,NA,NA,NA,NA,NA,NA,NA,NA,NA,Yes,Yes,Yes,Provided & Relevant,NA,NA,NA,NA,Yes,Yes,Clear,Clear,NIL,NA,NA,NA,Duplicate,Duplicate,Successfully Identified as Duplicate,Yes,Pass,No Defect,,NIL,Good to go,Expected Output,,,
TL-2209,2026-06-23,Lavanya Mathialagan,GDB,0.1,NIL,Web App,English,1f16f2b0-8a3b-6fcd-80fa-c16ab8c97c5e,The pea plant is drying in Uttar Pradesh,Plant protection,23:13:00,23:13:24,24sec,Within SLA,Successfully Identified as Duplicate,Well Framed,English,English,Correct,NIL,Correctly Tagged as Duplicate,NA,NA,NA,NA,NA,NA,NA,NA,NA,NA,NA,NA,NA,NA,NA,NA,NA,NA,NA,NA,NA,NA,NA,NA,NA,NA,NA,NA,NA,NA,Yes,Yes,Yes,Provided & Relevant,NA,NA,NA,NA,NA,NA,NA,NA,NA,NA,NA,NA,Duplicate,Duplicate,Successfully Identified as Duplicate,Yes,Pass,No Defect,,NIL,Good to go,Expected Output,,,
TL-2210,2026-06-23,Lavanya Mathialagan,GDB,0.1,NIL,Web App,English,1f16f2ba-ee87-6007-8005-0325fc967bf7,The leaves of my Uttar Pradesh Pea plants are rotting. What could be the issue?,Plant protection,23:18:00,23:18:03,3sec,Within SLA,Successfully Identified as Duplicate,Well Framed,English,English,Correct,NIL,Correctly Tagged as Duplicate,NA,NA,NA,NA,NA,NA,NA,NA,NA,NA,NA,NA,NA,NA,NA,NA,NA,NA,NA,NA,NA,NA,NA,NA,NA,NA,NA,NA,NA,NA,Yes,Yes,Yes,Provided & Relevant,NA,NA,NA,NA,Yes,Yes,Clear,Clear,NIL,NA,NA,NA,Duplicate,Duplicate,Successfully Identified as Duplicate,Yes,Pass,No Defect,,NIL,Good to go,Expected Output,,,
TL-2211,2026-06-23,Lavanya Mathialagan,GDB,0.1,NIL,Web App,English,1f16f2ba-f01d-6444-8102-5a5e7bb561e4,The leaves of my Uttar Pradesh Pea plants are rotting. What could be the issue?,Plant protection,23:18:00,23:18:03,3sec,Within SLA,Successfully Identified as Duplicate,Well Framed,English,English,Correct,NIL,Correctly Tagged as Duplicate,NA,NA,NA,NA,NA,NA,NA,NA,NA,NA,NA,NA,NA,NA,NA,NA,NA,NA,NA,NA,NA,NA,NA,NA,NA,NA,NA,NA,NA,NA,Yes,Yes,Yes,Provided & Relevant,NA,NA,NA,NA,NA,NA,NA,NA,NA,NA,NA,NA,Duplicate,Duplicate,Successfully Identified as Duplicate,Yes,Pass,No Defect,,NIL,Good to go,Expected Output,,,
TL-2212,2026-06-23,Lavanya Mathialagan,GDB,0.1,NIL,Web App,English,1f16f2c2-407a-614c-8005-8b823f7297e1,Information regarding protection of pea crop from frost in Uttar Pradesh,Cultural and Crop Management Practices,23:21:00,23:21:19,19sec,Within SLA,Successfully Identified as Duplicate,Well Framed,English,English,Correct,NIL,Correctly Tagged as Duplicate,NA,NA,NA,NA,NA,NA,NA,NA,NA,NA,NA,NA,NA,NA,NA,NA,NA,NA,NA,NA,NA,NA,NA,NA,NA,NA,NA,NA,NA,NA,Yes,Yes,Yes,Provided & Relevant,NA,NA,NA,NA,Yes,Yes,Clear,Clear,NIL,NA,NA,NA,Duplicate,Duplicate,Successfully Identified as Duplicate,Yes,Pass,No Defect,,NIL,Good to go,Expected Output,,,
TL-2213,2026-06-23,Lavanya Mathialagan,GDB,0.1,NIL,Web App,English,1f16f2c2-75ef-662d-8109-3c23ecac856b,Information regarding protection of pea crop from frost in Uttar Pradesh,Cultural and Crop Management Practices,23:21:00,23:21:25,25sec,Within SLA,Successfully Identified as Duplicate,Well Framed,English,English,Correct,NIL,Correctly Tagged as Duplicate,NA,NA,NA,NA,NA,NA,NA,NA,NA,NA,NA,NA,NA,NA,NA,NA,NA,NA,NA,NA,NA,NA,NA,NA,NA,NA,NA,NA,NA,NA,Yes,Yes,Yes,Provided & Relevant,NA,NA,NA,NA,NA,NA,NA,NA,NA,NA,NA,NA,Duplicate,Duplicate,Successfully Identified as Duplicate,Yes,Pass,No Defect,,NIL,Good to go,Expected Output,,,
TL-2214,2026-06-23,Lavanya Mathialagan,Unique,0.1,NIL,Web App,English,1f16f300-a389-64e1-8005-46a10e0b364b,What is the ideal time for sowing and planting citrus crops to ensure maximum establishment and yield in Andhra Pradesh?,Cultural and Crop Management Practices,23:49:00,"Jun 24, 2026, 8:32 AM",8 hours and 43 minutes.,SLA Breached,Yes,Well Framed,English,English,Correct,NIL,NA,Yes,Jayashree N,23:50:04,07:34:33,7h 44m,Rimpa Bera,7:35:04 AM,7:46:12 AM,11m,Mariselvi,7:47:04 AM,7:59:13 AM,12m 9s,Tharalakshmi A K,8:00:05 AM,8:09:08 AM,9m 2s,NA,NA,NA,NA,NA,NA,NA,NA,NA,NA,NA,NA,NA,Yes,Yes,Yes,Provided & Relevant,Yes,Received on Time,NA,NA,Yes,Yes,Clear,Clear,NA,NA,NA,NA,Saved,Saved,Successfully Identified as Duplicate,NA,Pass,No Defect,,NIL,Disclaimer shown as by tommorow 8am answer will be received. Received past 8 am,Expected Output,,,
TL-2215,2026-06-23,Lavanya Mathialagan,Unique,0.1,NIL,Web App,English,1f16f309-915f-6d73-8005-e7160ab88ae7,What are the recommended guidelines and benefits for the foliar application of plant growth regulators (hormones) in citrus cultivation in Andhra Pradesh?,Soil Health and Nutrient Management,23:53:00,"Jun 24, 2026, 8:17 AM",8 hours and 24 minute,SLA Breached,Yes,Well Framed,English,English,Correct,NIL,NA,Yes,Rajwant Kaur,6:30:08 AM,07:34:30,1h 4m,Sapanpreet Kaur,7:35:04 AM,", 7:37:35 am",2m 31s,Ambika,7:38:04 AM,7:48:00 AM,9m,Ravindra Prasad,7:48:04 AM,7:55:32 AM,7m 27s,NA,NA,NA,NA,NA,NA,NA,NA,NA,NA,NA,NA,NA,Yes,Yes,Yes,Provided & Relevant,Yes,Not Received,NA,NA,Yes,Yes,Clear,Clear,NA,NA,NA,NA,Saved,Saved,Successfully Identified as Duplicate,NA,Pass,No Defect,,NIL,Disclaimer shown as by tommorow 8am answer will be received. Received past 8 am,Expected Output,,,
TL-2217,2026-06-23,K. Deni Sudha,GDB,0.1,NIL,Web App,English,1f16f2e2-2e30-665e-8005-ace3518973a3,Irrigation problem in Pea crop in Uttar Pradesh,Irrigation and Water Management,23:35:00,23:35:36,0.6,Within SLA,Successfully Identified as Duplicate,Well Framed,English,English,Correct,NIL,Correctly Tagged as Duplicate,NA,NA,NA,NA,NA,NA,NA,NA,NA,NA,NA,NA,NA,NA,NA,NA,NA,NA,NA,NA,NA,NA,NA,NA,NA,NA,NA,NA,NA,Successfully Identified as Duplicate/Dynamic,Yes,Yes,Yes,Provided & Relevant,Successfully Identified as Duplicate,NA,NA,NA,Yes,Yes,Clear,Clear,NIL,NA,NA,NA,Saved,Saved,Successfully Identified as Duplicate,Yes,Pass,No Defect,NIL,NIL,Duplicate,Expected Output,,,
TL-2218,2026-06-23,K. Deni Sudha,GDB,0.1,NIL,Web App,English,1f16f2ef-da50-69db-8005-52aad8472038,Flower dropping in pea in Uttar Pradesh,Plant protection,23:41:00,23:41:43,0.7,Within SLA,Successfully Identified as Duplicate,Well Framed,English,English,Correct,NIL,Correctly Tagged as Duplicate,NA,NA,NA,NA,NA,NA,NA,NA,NA,NA,NA,NA,NA,NA,NA,NA,NA,NA,NA,NA,NA,NA,NA,NA,NA,NA,NA,NA,NA,Successfully Identified as Duplicate/Dynamic,Yes,Yes,Yes,Provided & Relevant,Successfully Identified as Duplicate,NA,NA,NA,Yes,Yes,Clear,Clear,NIL,NA,NA,NA,Saved,Saved,Successfully Identified as Duplicate,Yes,Pass,No Defect,NIL,NIL,Duplicate,Expected Output,,,
TL-2219,2026-06-23,K. Deni Sudha,GDB,0.1,NIL,Web App,English,1f16f2f5-3d17-6499-8005-144d3786a994,What are the essential agronomic practices for growing mentha in Uttar Pradesh?,Cultural and Crop Management Practices,23:44:00,23:44:08,0.1,Within SLA,Successfully Identified as Duplicate,Well Framed,English,English,Correct,NIL,Correctly Tagged as Duplicate,NA,NA,NA,NA,NA,NA,NA,NA,NA,NA,NA,NA,NA,NA,NA,NA,NA,NA,NA,NA,NA,NA,NA,NA,NA,NA,NA,NA,NA,Successfully Identified as Duplicate/Dynamic,Yes,Yes,Yes,Provided & Relevant,Successfully Identified as Duplicate,NA,NA,NA,Yes,Yes,Clear,Clear,NIL,NA,NA,NA,Saved,Saved,Successfully Identified as Duplicate,Yes,Pass,No Defect,NIL,NIL,Duplicate,Expected Output,,,
TL-2221,2026-06-23,Dhaarani S,GDB,0.1,NIL,Web App,English,1f16f309-089d-6af9-8005-d8fc3cd04094,When should mentha mint be harvested in Uttar Pradesh?,Cultural and Crop Management Practices,"6/23/2026, 23:52:50","6/23/2026, 11:52:59 PM",9 s,Within SLA,Successfully Identified as Duplicate,Well Framed,English,English,Correct,NA,Correctly Tagged as Duplicate,NA,Sugyani Kar,NA,NA,NA,NA,NA,NA,NA,NA,NA,NA,NA,NA,NA,NA,NA,NA,NA,NA,NA,NA,NA,NA,NA,NA,NA,NA,NA,NA,Yes,Yes,Yes,Provided & Relevant,NA,NA,NA,NA,Yes,Yes,Clear,Clear,NA,NA,NA,NA,Saved,Saved,Successfully Identified as Duplicate,Yes,Pass,No Defect,,NIL,,Expected Output,,,
TL-2222,2026-06-23,Dhaarani S,GDB,0.1,NIL,WhatsApp,English,1f16f30a-226e-63c1-80c8-3d907683fce8,When should mentha mint be harvested in Uttar Pradesh?,Cultural and Crop Management Practices,"6/23/2026, 23:53:17","6/23/2026, 11:53:29 PM",12 s,Within SLA,Successfully Identified as Duplicate,Well Framed,English,English,Correct,NA,Correctly Tagged as Duplicate,NA,Sugyani Kar,NA,NA,NA,NA,NA,NA,NA,NA,NA,NA,NA,NA,NA,NA,NA,NA,NA,NA,NA,NA,NA,NA,NA,NA,NA,NA,NA,NA,Yes,Yes,Yes,Provided & Relevant,NA,NA,NA,NA,NA,NA,NA,NA,NA,NA,NA,NA,Saved,Saved,Successfully Identified as Duplicate,Yes,Pass,No Defect,,NIL,,Expected Output,,,
TL-2225,2026-06-24,Joydeep,GDB,0.1,NIL,Web App,English,1f16f7f1-6dc5-689d-8005-1e0e7719d613,Mentha plants are not growing properly in Uttar Pradesh.,Cultural and Crop Management Practices,09:15:06,09:15:10,4.0,Within SLA,Successfully Identified as Duplicate,Well Framed,English,English,N A,NA,Correctly Tagged as Duplicate,NA,Ravindra Prasad,NA,NA,NA,NA,NA,NA,NA,NA,NA,NA,NA,NA,NA,NA,NA,NA,NA,NA,NA,NA,NA,NA,NA,NA,NA,NA,NA,Successfully Identified as Duplicate/Dynamic,Yes,Yes,Yes,Provided & Relevant,Yes,Received on Time,Yes,Yes,Yes,Yes,YES,Clear,NA,NA,NA,NA,SAVED,Saved,Successfully Identified as Duplicate,Yes,Pass,No Defect,,NIL,GDP QUESTION ,Expected Output,,,
TL-2240,2026-06-24,T.Vishnu Vardhan,GDB,0.1,NIL,Web App,English,"1f16fa0b-35b7-6441-8005-dcc98acc6523
",Why are the leaves of my green gram (moong) turning yellow in Uttar Pradesh?,Plant protection,13:15:00,13:15:05,8 seconds,Within SLA,Successfully Identified as Duplicate,Well Framed,English,English,Good,NIL,Correctly Tagged as Duplicate,NA,Pooja Soni,NA,NA,NA,NA,NA,NA,NA,NA,NA,NA,NA,NA,NA,NA,NA,NA,NA,NA,NA,NA,NA,NA,NA,NA,NA,NA,NA,Successfully Identified as Duplicate/Dynamic,Yes,Yes,Successfully Identified as Duplicate,Yes,Yes,Received on Time,Yes,Yes,NA,Yes,NA,Clear,Voice output took 10 seconds to play.,NA,NA,NA,Saved,Saved,Successfully Identified as Duplicate,NA,Pass,No Defect,,NIL,"GDB question, succesfully indentifes as dupliacte.",Expected Output,,,
TL-2241,2026-06-24,T.Vishnu Vardhan,GDB,0.1,NIL,Web App,English,"1f16fa09-995e-628c-8005-2af117133099
",What are the recommended fertilizer practices for green gram (moong) cultivation in Uttar Pradesh?,Soil Health and Nutrient Management,13:14:00,13:15:00,15 seconds,Within SLA,Successfully Identified as Duplicate,Well Framed,English,English,Good,NIL,Correctly Tagged as Duplicate,NA,Pooja Soni,NA,NA,NA,NA,NA,NA,NA,NA,NA,NA,NA,NA,NA,NA,NA,NA,NA,NA,NA,NA,NA,NA,NA,NA,NA,NA,NA,Successfully Identified as Duplicate/Dynamic,Yes,Yes,Successfully Identified as Duplicate,Yes,Yes,Received on Time,Yes,Yes,NA,Yes,NA,Clear,Voice output took 10 seconds to play.,NA,NA,NA,Saved,Saved,Successfully Identified as Duplicate,NA,Pass,No Defect,,NIL,"GDB question, succesfully indentifes as dupliacte.",Expected Output,,,
TL-2242,2026-06-24,T.Vishnu Vardhan,GDB,0.1,NIL,Web App,English,"1f16fa0c-651a-6502-8005-8342d98f3b4b
",When should the first irrigation be applied to green gram (moong) crop in Uttar Pradesh?,Irrigation and Water Management,13:15:00,13:15:00,6 seconds,Within SLA,Successfully Identified as Duplicate,Well Framed,English,English,Good,NIL,Correctly Tagged as Duplicate,NA,Utkarsh Singh Vishen,NA,NA,NA,NA,NA,NA,NA,NA,NA,NA,NA,NA,NA,NA,NA,NA,NA,NA,NA,NA,NA,NA,NA,NA,NA,NA,NA,Successfully Identified as Duplicate/Dynamic,Yes,Yes,Successfully Identified as Duplicate,Yes,Yes,Received on Time,Yes,Yes,NA,Yes,NA,Clear,Voice output took 10 seconds to play.,NA,NA,NA,Saved,Saved,Successfully Identified as Duplicate,NA,Pass,No Defect,,NIL,"GDB question, succesfully indentifes as dupliacte.",Expected Output,,,
TL-2243,2026-06-24,T.Vishnu Vardhan,GDB,0.1,NIL,Web App,English,"1f16fa0e-33e3-69d4-8005-b5296bc75a55
",What are the essential details and cultivation practices for growing green gram (moong) in Uttar Pradesh?,Cultural and Crop Management Practices,13:17:00,13:17:00,8 seconds,Within SLA,Successfully Identified as Duplicate,Well Framed,English,English,Good,NIL,Correctly Tagged as Duplicate,NA,Bisen Nupur Chandrakumar,NA,NA,NA,NA,NA,NA,NA,NA,NA,NA,NA,NA,NA,NA,NA,NA,NA,NA,NA,NA,NA,NA,NA,NA,NA,NA,NA,Successfully Identified as Duplicate/Dynamic,Yes,Yes,Successfully Identified as Duplicate,Yes,Yes,Received on Time,Yes,Yes,NA,Yes,NA,Clear,Voice output took 10 seconds to play.,NA,NA,NA,Saved,Saved,Successfully Identified as Duplicate,NA,Pass,No Defect,,NIL,"GDB question, succesfully indentifes as dupliacte.",Expected Output,,,
TL-2244,2026-06-24,T.Vishnu Vardhan,GDB,0.1,NIL,Web App,Telugu,"1f16fa35-48ca-657c-8005-064a2daac0bb
",What should I do if hairy caterpillars are attacking my green gram crop in Uttar Pradesh?,Plant protection,13:33:00,13:33:00,9 seconds,Within SLA,Successfully Identified as Duplicate,Well Framed,English,Telugu,Good,NIL,Correctly Tagged as Duplicate,NA,Satarupa Saha,NA,NA,NA,NA,NA,NA,NA,NA,NA,NA,NA,NA,NA,NA,NA,NA,NA,NA,NA,NA,NA,NA,NA,NA,NA,NA,NA,Successfully Identified as Duplicate/Dynamic,Yes,Yes,Successfully Identified as Duplicate,Yes,Yes,Received on Time,Yes,Yes,NA,Yes,NA,Clear,Voice output took 10 seconds to play.,NA,NA,NA,Saved,Saved,Successfully Identified as Duplicate,NA,Pass,No Defect,,NIL,"GDB question, succesfully indentifes as dupliacte.",Expected Output,,,
TL-2245,2026-06-24,T.Vishnu Vardhan,GDB,0.1,NIL,Web App,Telugu,"1f16fa5e-0959-6159-8005-9c7133156b8c
","What are the comprehensive plant protection measures for green gram cultivation in Uttar Pradesh?""",Plant protection,13:52:00,13:52:00,8 seconds,Within SLA,Successfully Identified as Duplicate,Well Framed,English,Telugu,Good,NIL,Correctly Tagged as Duplicate,NA,Rohan Chand,NA,NA,NA,NA,NA,NA,NA,NA,NA,NA,NA,NA,NA,NA,NA,NA,NA,NA,NA,NA,NA,NA,NA,NA,NA,NA,NA,Successfully Identified as Duplicate/Dynamic,Yes,Yes,Successfully Identified as Duplicate,Yes,Yes,Received on Time,Yes,Yes,NA,Yes,NA,Clear,"NIL, No issue",NA,NA,NA,Saved,Saved,Successfully Identified as Duplicate,NA,Pass,No Defect,,NIL,"GDB question, succesfully indentifes as dupliacte.",Expected Output,,,
TL-2246,2026-06-24,T.Vishnu Vardhan,UNIQUE,0.1,NIL,Web App,English,"1f16f71a-a74a-656f-8005-87324f981864
",What are the effective management strategies for controlling Mango Midge in citrus crops in Andhra Pradesh?,Plant protection,07:39:00,07:39:00,8 seconds,Within SLA,Successfully Identified as Duplicate,Well Framed,English,English,Good,NIL,Correctly Tagged as Duplicate,NA,Satarupa Saha,NA,NA,NA,NA,NA,NA,NA,NA,NA,NA,NA,NA,NA,NA,NA,NA,NA,NA,NA,NA,NA,NA,NA,Pallavi J P,NA,NA,NA,Successfully Identified as Duplicate/Dynamic,Yes,Yes,Successfully Identified as Duplicate,Yes,Successfully Identified as Duplicate,Received on Time,Yes,Yes,Yes,Yes,Clear,Clear,"NIL, No issue",NA,NA,NA,Saved,Saved,Successfully Identified as Duplicate,NA,Pass,No Defect,,NIL,"UNIQUE question, idnetied Succesfully as duplicate (Similar question)",Expected Output,,,
TL-2250,2026-06-24,T.Vishnu Vardhan,UNIQUE,0.1,NIL,Web App,Telugu,"1f16f77f-fe08-65ac-8005-2642fe342e9c
",How can I effectively manage and control the infestation of whiteflies in citrus crops in Andhra Pradesh?,Plant protection,08:23:00,08:23:00,8 seconds,Within SLA,Successfully Identified as Duplicate,Well Framed,English,Telugu,Good,NIL,Correctly Tagged as Duplicate,NA,Bisen Nupur Chandrakumar,NA,NA,NA,NA,NA,NA,NA,NA,NA,NA,NA,NA,NA,NA,NA,NA,NA,NA,NA,NA,NA,NA,NA,NA,NA,NA,NA,Successfully Identified as Duplicate/Dynamic,Yes,Yes,Successfully Identified as Duplicate,Yes,Successfully Identified as Duplicate,Received on Time,Yes,Yes,Yes,Yes,Clear,Clear,"NIL, No issue",NA,NA,NA,Saved,Saved,Yes,NA,Pass,No Defect,,NIL,"UNIQUE question, succesfully idenified as duplicate (Simialr question)",Expected Output,,,
TL-2253,2026-06-24,T.Vishnu Vardhan,UNIQUE,0.1,NIL,WhatsApp,Telugu,"1f16f864-fe69-60e2-800c-271824f236a4
",What is the right time and method to achieve maximum efficiency in providing zinc nutrients to citrus crops in Andhra Pradesh?,Soil Health and Nutrient Management,10:05:00,10:05:00,10 seconds,Within SLA,Successfully Identified as Duplicate,Well Framed,Englsih,Telugu,Good,NIL,Correctly Tagged as Duplicate,NO,Yash Praveen Khot,NA,NA,NA,NA,NA,NA,NA,NA,NA,NA,NA,NA,NA,NA,NA,NA,NA,NA,NA,NA,NA,NA,NA,NA,NA,NA,NA,Successfully Identified as Duplicate/Dynamic,Yes,Yes,Successfully Identified as Duplicate,Provided & Relevant,Successfully Identified as Duplicate,Received on Time,Yes,Yes,Yes,Yes,Clear,Clear,"NIL, No issue",NA,NA,NA,Saved,Saved,Successfully Identified as Duplicate,NA,Pass,No Defect,,NIL,"Qustion is only zinc but, in simalr question.rceived 2 nd answer also.",Expected Output,,,
TL-2281,2026-06-24,CH. Sharmila,GDB,0.1,NIL,Web App,English,1f17094e-4752-60c4-8005-0599eb5d8bff,How can I manage leaf spot disease in okra (bhindi)?,Plant protection,18:23:41,18:23:51,0.1,Within SLA,No,Well Framed,English,NA,Correct,NA,NA,NO,Khaja Suhaib,NA,NA,NA,NA,NA,NA,NA,NA,NA,NA,NA,NA,NA,NA,NA,NA,NA,NA,NA,NA,NA,NA,NA,NA,NA,NA,NA,No,Yes,Yes,Yes,Yes,Yes,NA,NA,NA,Yes,Yes,CLEAR,Clear,NIL,NA,NA,NA,SAVED,Saved,Successfully Identified as Duplicate,Yes,Pass,No Defect,NIL,NIL,NIL,EXPECTED OUTPUT,,,
TL-2282,2026-06-24,CH. Sharmila,GDB,0.1,NIL,Web App,English,1f170953-477b-61e3-8005-c0051bffe939,What are the effective methods for weed control in okra cultivation?,Plant protection,18:25:55,18:26:05,0.1,Within SLA,No,Well Framed,English,NA,Correct,NA,NA,NO,Utkarsh Singh Vishen,NA,NA,NA,NA,NA,NA,NA,NA,NA,NA,NA,NA,NA,NA,NA,NA,NA,NA,NA,NA,NA,NA,NA,NA,NA,NA,NA,No,Yes,Yes,Yes,Yes,Yes,NA,NA,NA,Yes,Yes,CLEAR,Clear,NIL,NA,NA,NA,SAVED,Saved,Successfully Identified as Duplicate,Yes,Pass,No Defect,NIL,NIL,NIL,EXPECTED OUTPUT,,,
TL-2283,2026-06-24,CH. Sharmila,GDB,0.1,NIL,Web App,English,1f170957-d66f-64bb-8005-30e0e472797b,How to control aphids (mahoo) in okra?,Plant protection,18:27:58,18:28:07,0.1,Within SLA,No,Well Framed,English,NA,Correct,NA,NA,NO,Divya Darshini.K,NA,NA,NA,NA,NA,NA,NA,NA,NA,NA,NA,NA,NA,NA,NA,NA,NA,NA,NA,NA,NA,NA,NA,NA,NA,NA,NA,No,Yes,Yes,Yes,Yes,Yes,NA,NA,NA,Yes,Yes,CLEAR,Clear,NIL,NA,NA,NA,SAVED,Saved,Successfully Identified as Duplicate,Yes,Pass,No Defect,NIL,NIL,NIL,EXPECTED OUTPUT,,,
TL-2284,2026-06-24,CH. Sharmila,GDB,0.1,NIL,Web App,English,1f17095b-a6ab-68cd-800c-1e7865d65524,How can I effectively control fungal diseases in okra crop?,Plant protection,18:29:40,18:29:50,0.1,Within SLA,No,Well Framed,English,NA,Correct,NA,NA,NO,Satarupa Saha,NA,NA,NA,NA,NA,NA,NA,NA,NA,NA,NA,NA,NA,NA,NA,NA,NA,NA,NA,NA,NA,NA,NA,NA,NA,NA,NA,No,Yes,Yes,Yes,Yes,Yes,NA,NA,NA,Yes,Yes,CLEAR,Clear,NIL,NA,NA,NA,SAVED,Saved,Successfully Identified as Duplicate,Yes,Pass,No Defect,NIL,NIL,NIL,EXPECTED OUTPUT,,,
TL-2285,2026-06-24,CH. Sharmila,GDB,0.1,NIL,Web App,English,1f170960-ea53-61f7-8005-5805b8fe3515,What are the best practices for growing Okra during the Zaid/Spring season?,Cultural and Crop Management Practices,18:32:01,18:32:11,0.1,Within SLA,No,Well Framed,English,NA,Correct,NA,NA,NO,Akhil Kumar,NA,NA,NA,NA,NA,NA,NA,NA,NA,NA,NA,NA,NA,NA,NA,NA,NA,NA,NA,NA,NA,NA,NA,NA,NA,NA,NA,No,Yes,Yes,Yes,Yes,Yes,NA,NA,NA,Yes,Yes,CLEAR,Clear,NIL,NA,NA,NA,SAVED,Saved,Successfully Identified as Duplicate,Yes,Pass,No Defect,NIL,NIL,NIL,EXPECTED OUTPUT,,,
TL-2286,2026-06-24,CH. Sharmila,GDB,0.1,NIL,Web App,English,1f170964-31e6-631d-8005-c8ef8e8afcf4,What are the different varieties of okra (bhindi) available and which one should I choose for cultivation?,Seed and Variety Selection,18:33:29,18:33:39,0.1,Within SLA,No,Well Framed,English,NA,Correct,NA,NA,NO,Tejas Dange,NA,NA,NA,NA,NA,NA,NA,NA,NA,NA,NA,NA,NA,NA,NA,NA,NA,NA,NA,NA,NA,NA,NA,NA,NA,NA,NA,No,Yes,Yes,Yes,Yes,Yes,NA,NA,NA,Yes,Yes,CLEAR,Clear,NIL,NA,NA,NA,SAVED,Saved,Successfully Identified as Duplicate,Yes,Pass,No Defect,NIL,NIL,NIL,EXPECTED OUTPUT,,,
TL-2287,2026-06-24,CH. Sharmila,GDB,0.1,NIL,Web App,English,1f16fbfe-9205-6832-8005-6cc00fc55639,What are the manure and organic fertilizer requirements for okra cultivation in Uttar Pradesh?,Organic and Natural Farming,16:59:06,16:59:16,0.1,Within SLA,No,Well Framed,English,NA,Correct,NA,Correctly Tagged as Duplicate,NO,Rajwant Kaur,NA,NA,NA,NA,NA,NA,NA,NA,NA,NA,NA,NA,NA,NA,NA,NA,NA,NA,NA,NA,NA,NA,NA,NA,NA,NA,NA,NA,Yes,Yes,Yes,Yes,No,NA,NA,NA,Yes,Yes,CLEAR,Clear,NIL,NA,Yes,NA,SAVED,Saved,Successfully Identified as Duplicate,Yes,Pass,No Defect,NIL,NIL,NIL,EXPECTED OUTPUT,,,
TL-2288,2026-06-24,CH. Sharmila,GDB,0.1,NIL,Web App,English,1f16fc02-da94-6658-8005-7677075adb9f,How can I identify and manage blight disease in okra in Uttar Pradesh?,Plant protection,17:01:01,17:01:11,0.1,Within SLA,No,Well Framed,English,NA,Correct,NA,Correctly Tagged as Duplicate,NO,Salim Sahaji,NA,NA,NA,NA,NA,NA,NA,NA,NA,NA,NA,NA,NA,NA,NA,NA,NA,NA,NA,NA,NA,NA,NA,NA,NA,NA,NA,NA,Yes,Yes,Yes,Yes,No,NA,NA,NA,Yes,Yes,CLEAR,Clear,NIL,NA,Yes,NA,SAVED,Saved,Successfully Identified as Duplicate,Yes,Pass,No Defect,NIL,NIL,NIL,EXPECTED OUTPUT,,,
TL-2289,2026-06-24,CH. Sharmila,GDB,0.1,NIL,Web App,English,"1f16fc07-4c1f-646d-8005-b194aa387f54
",How to control mosquito-like insects (whiteflies/aphids) in okra in Uttar Pradesh?,Plant protection,17:03:00,17:03:10,0.1,Within SLA,No,Well Framed,English,NA,Correct,NA,Correctly Tagged as Duplicate,NO,Pallavi J P,NA,NA,NA,NA,NA,NA,NA,NA,NA,NA,NA,NA,NA,NA,NA,NA,NA,NA,NA,NA,NA,NA,NA,NA,NA,NA,NA,No,Yes,Yes,Yes,Yes,No,NA,NA,NA,Yes,Yes,CLEAR,Clear,NIL,NA,Yes,NA,SAVED,Saved,Successfully Identified as Duplicate,Yes,Pass,No Defect,NIL,NIL,NIL,EXPECTED OUTPUT,,,
TL-2290,2026-06-24,CH. Sharmila,GDB,0.1,NIL,Web App,English,1f16fc0a-47bb-6934-8005-fbafa480484a,What are the complete guidelines for okra cultivation from land preparation to harvest in Uttar Pradesh?,Cultural and Crop Management Practices,17:04:20,17:04:30,0.1,Within SLA,No,Well Framed,English,NA,Correct,NA,Correctly Tagged as Duplicate,NO,Tejas Dange,NA,NA,NA,NA,NA,NA,NA,NA,NA,NA,NA,NA,NA,NA,NA,NA,NA,NA,NA,NA,NA,NA,NA,NA,NA,NA,NA,No,Yes,Yes,Yes,Yes,No,NA,NA,NA,Yes,Yes,CLEAR,Clear,NIL,NA,Yes,NA,SAVED,Saved,Successfully Identified as Duplicate,Yes,Pass,No Defect,NIL,NIL,NIL,EXPECTED OUTPUT,,,
TL-2295,2026-06-24,Ithagani Shireesha,Unique,0.1,NIL,Web App,English,1f16f7ad-8c76-6e3e-8005-5cdf6ce0d01d,What are the effective management strategies for controlling bacterial diseases in citrus crops in Andhra Pradesh?,Disease Management,08:44:00,08:44:43,43sec,Within SLA,Yes,Well Framed,English,English,Correct,NIL,Correctly Tagged as Duplicate,NA,Soumya R,NA,NA,NA,NA,NA,NA,NA,NA,NA,NA,NA,NA,NA,NA,NA,NA,NA,NA,NA,NA,NA,NA,NA,NA,NA,NA,NA,Yes,Yes,Yes,Yes,Provided and relevant,NA,Not Received,NA,NA,Yes,Yes,Clear,Clear,Good output and input,NA,NA,NA,Saved,Saved,Successfully Identified as Duplicate,NA,Pass,High,NIL,NIL,Good output,,,,
TL-2301,2026-06-24,Ithagani Shireesha,GDB,0.1,NIL,Web App,English,1f16f8ac-eaca-6f10-8005-be4268f552c2,Provide information on how much N:P:K to spray in mentha crop in Uttar Pradesh,Soil Health and Nutrient Management,10:38:00,10:38:58,58 sec,Within SLA,Yes,Well Framed,English,English,Correct,NIL,Correctly Tagged as Duplicate,yes,Pallavi J P,NA,NA,NA,NA,NA,NA,NA,NA,NA,NA,NA,NA,NA,NA,NA,NA,NA,NA,NA,NA,NA,NA,NA,NA,NA,NA,NA,Successfully Identified as Duplicate/Dynamic,Yes,Yes,Yes,Provided and relevant,NA,Not Received,NA,NA,Yes,Yes,Clear,Clear,Good output and input,NA,NA,NA,Saved,Saved,Successfully Identified as Duplicate,NA,Pass,High,,NIL,Good output,,,,
TL-2306,2026-06-24,Ithagani Shireesha,GDB,0.1,NIL,Web App,English,1f16f8fa-f841-6456-8005-f299f5cd136a,How can I effectively manage whitefly infestation in okra in uttarpradesh,Insect–Pest Management,11:13:00,11:13:54,54sec,Within SLA,Yes,Well Framed,English,English,Correct,NIL,Correctly Tagged as Duplicate,Yes,Ritik Thakur,NA,NA,NA,NA,NA,NA,NA,NA,NA,NA,NA,NA,NA,NA,NA,NA,NA,NA,NA,NA,NA,NA,NA,NA,NA,NA,NA,Successfully Identified as Duplicate/Dynamic,Yes,Yes,Yes,Provided and relevant,NA,Received on Time,NA,NA,Yes,Yes,Clear,Clear,Good output and input,NA,NA,NA,Saved,Saved,Successfully Identified as Duplicate,NA,Pass,High,,NIL,Good output,,,,
TL-2307,2026-06-24,Ithagani Shireesha,GDB,0.1,NIL,Web App,English,1f16f90e-e337-6fec-8005-61d5d6db5dd9,What are the recommended varieties of okra (bhindi) for cultivation uttarpradesh,Seed and Variety Selection,11:22:00,11:22:48,28sec,Within SLA,Yes,Well Framed,English,English,Correct,NIL,Correctly Tagged as Duplicate,Yes,Sai Durga,NA,NA,NA,NA,NA,NA,NA,NA,NA,NA,NA,NA,NA,NA,NA,NA,NA,NA,NA,NA,NA,NA,NA,NA,NA,NA,NA,Successfully Identified as Duplicate/Dynamic,Yes,Yes,Yes,Provided and relevant,NA,Not Received,NA,NA,Yes,Yes,Clear,Clear,Good output and input,NA,NA,NA,Saved,Saved,Successfully Identified as Duplicate,NA,Pass,High,,NIL,Good output,,,,
TL-2308,2026-06-24,Ithagani Shireesha,GDB,0.1,NIL,Web App,English,1f16f925-f5c0-6c29-8005-fb396fd617c5,What is Yellow Vein Mosaic Virus disease in okra and how can it be managed in Uttarpradesh,Disease Management,11:33:00,11:33:08,8sec,Within SLA,Yes,Well Framed,English,English,Correct,NIL,Correctly Tagged as Duplicate,Yes,Soumya R,NA,NA,NA,NA,NA,NA,NA,NA,NA,NA,NA,NA,NA,NA,NA,NA,NA,NA,NA,NA,NA,NA,NA,NA,NA,NA,NA,Successfully Identified as Duplicate/Dynamic,Yes,Yes,Yes,Provided and relevant,NA,Not Received,NA,NA,Yes,Yes,Clear,Clear,Good output and input,NA,NA,NA,Saved,Saved,Successfully Identified as Duplicate,NA,Pass,High,,NIL,Good output,,,,
TL-2309,2026-06-24,Ithagani Shireesha,GDB,0.1,NIL,Web App,English,1f16f931-f90b-6824-8005-525244084533,What are the best practices for disease management in okra crop in Uttarpradesh?,Disease Management,11:38:00,11:38:30,30sec,Within SLA,Yes,Well Framed,English,English,Correct,NIL,Correctly Tagged as Duplicate,Yes,Akhil,NA,NA,NA,NA,NA,NA,NA,NA,NA,NA,NA,NA,NA,NA,NA,NA,NA,NA,NA,NA,NA,NA,NA,NA,NA,NA,NA,Successfully Identified as Duplicate/Dynamic,Yes,Yes,Yes,Provided and relevant,NA,Not Received,NA,NA,Yes,Yes,Clear,Clear,Good output and input,NA,NA,NA,Saved,Saved,Successfully Identified as Duplicate,NA,Pass,High,,NIL,Good output,,,,
TL-2310,2026-06-24,Ithagani Shireesha,GDB,0.1,NIL,Web App,English,1f16f956-3a6d-6e10-8005-d9c7b8e2225d,Why are the leaves of okra curling or shriveling in uttarpradesh,Disease Management,11:54:00,11:54:43,43sec,Within SLA,Yes,Well Framed,English,English,Correct,NIL,Correctly Tagged as Duplicate,Yes,Ritik Thakur,NA,NA,NA,NA,NA,NA,NA,NA,NA,NA,NA,NA,NA,NA,NA,NA,NA,NA,NA,NA,NA,NA,NA,NA,NA,NA,NA,Successfully Identified as Duplicate/Dynamic,Yes,Yes,Yes,Provided and relevant,NA,Not Received,NA,NA,Yes,Yes,Clear,Clear,Good output and input,NA,NA,NA,Saved,Saved,Successfully Identified as Duplicate,NA,Pass,High,,NIL,Good output,,,,
TL-2315,2026-06-24,K. Deni Sudha,Unique,0.1,NIL,WhatsApp,English,1f16fb11-074b-66e0-800c-d87f7c3d3fca,"Can phosphoric acid be used as a nutrient source for citrus crops, and if so, what are the recommended application methods and benefits in Andhra Pradesh?",Soil Health and Nutrient Management,15:10:00,17:30:00,140.0,SLA Breached,Yes,Well Framed,English,English,Correct,Nil,NA,Yes,Bisen,15:11:05,15:47:15,36.2,Mohammad,3:48:04 PM,4:01:40 PM,13.6,Jahnavi Gaddam,4:02:05 PM,4:11:11 PM,9.1,Sharmila S,4:12:04 PM,4:15:49 PM,3.7,NA,NA,NA,NA,NA,NA,NA,NA,Shivendra Pratap Singh,4:15:49 PM,17:30:00,74.2,NA,Yes,Yes,Yes,Provided & Relevant,Yes,Received on Time,Yes,Yes,NA,NA,NA,NA,NIL,NA,NA,NA,Saved,Saved,Successfully Identified as Duplicate,Yes,Pass,No Defect,NIL,NIL,2 hours disclaimer. Received amswer after 2 hours.,Expected Output,,,
TL-2316,2026-06-24,K. Deni Sudha,Unique,0.1,NIL,WhatsApp,English,1f16fb11-074b-66e0-800c-d87f7c3d3fca,What are the primary benefits and recommended application methods of Potash (Potassium) for Citrus crops in Andhra Pradesh?,Soil Health and Nutrient Management,"6/24/2026, 3:12:00 PM","7/9/2026, 3:50:56 PM",21638.9,SLA Breached,Wrongly Identified as Duplicate,Well Framed,English,English,Correct,Nil,Wrongly Tagged as Duplicate,Yes,Lakshmi Aravind,"6/24/2026, 6:15:07 PM","6/24/2026, 6:52:31 PM",37.4,Vinay,"7/9/2026, 11:20:04 AM","7/9/2026, 11:44:29 AM",24.4,Ambika,11:46:04 AM,12:08:57 PM,22.9,Gontyala Veena,1:05:04 PM,1:24:12 PM,19.1,NA,NA,NA,NA,NA,NA,NA,NA,Monica M,NA,"7/9/2026, 3:50:56 PM",23.0,NA,Yes,Yes,Yes,Provided & Relevant,Wrongly Identified as Duplicate,Received on Time,Yes,Yes,NA,NA,NA,NA,NIL,NA,NA,NA,Saved,Saved,Wrongly Identified as Duplicate,Yes,Pass,Low,https://desk.zoho.in/agent/annamai/annam-ai/tickets/details/202216000001968216,NIL,"Duplicate error. Recevied answer after 2 weeeks,which is correct.",Anomaly Found in Output,,,
TL-2317,2026-06-24,K. Deni Sudha,Unique,0.1,NIL,WhatsApp,English,1f16fc23-ac0a-6dbd-801a-d16fab1098ad,What are the best practices for managing and preventing post-harvest damage in citrus crops in Andhra Pradesh?,Post-Harvest Management and Storage,17:15:00,20:36:00,201.0,SLA Breached,Yes,Well Framed,English,English,Correct,Nil,NA,Yes,Bisen,17:16:04,17:32:28,16.4,Mohammad,5:33:06 PM,6:06:11 PM,33.1,Jahnavi Gaddam,6:07:04 PM,6:14:02 PM,7.0,Deepika Rathore,6:15:04 PM,6:20:37 PM,5.5,NA,NA,NA,NA,NA,NA,NA,NA,Shivendra Pratap Singh,,8:36:56 PM,6.5,NA,Yes,Yes,Yes,Provided & Relevant,Yes,Received on Time,Yes,Yes,NA,NA,NA,NA,NIL,NA,NA,NA,Saved,Saved,Successfully Identified as Duplicate,Yes,Pass,No Defect,NIL,NIL,2 hours disclaimer. Received answer after 3 hours.,Expected Output,,,
TL-2318,2026-06-24,K. Deni Sudha,Unique,0.1,NIL,WhatsApp,English,1f16fc19-5aad-62a9-8013-691094136b50,Is it advisable to use a mixture of salt and urea as a herbicide to control weeds in citrus orchards in Andhra Pradesh?,Weed Management,17:11:00,20:29:00,198.0,SLA Breached,Yes,Well Framed,English,English,Correct,Nil,NA,Yes,Lovely,5:12:06 PM,19:24:32,132.4,Varsha Shekhar,7:25:04 PM,7:33:13 PM,8.1,Mohammad,7:34:04 PM,7:42:57 PM,8.9,Lakshmi Aravind,7:43:04 PM,7:48:49 PM,5.7,NA,NA,NA,NA,NA,NA,NA,NA,Shivendra Pratap Singh,,20:29:00,,NA,Yes,Yes,Yes,Provided & Relevant,Yes,Received on Time,Yes,Yes,NA,NA,NA,NA,NIL,NA,NA,NA,Saved,Saved,Successfully Identified as Duplicate,Yes,Pass,No Defect,NIL,NIL,2 hours disclaimer. Received answer after 2 hours.,Expected Output,,,
TL-2319,2026-06-24,K. Deni Sudha,Unique,0.1,NIL,WhatsApp,English,1f16fc38-6ae1-6968-8021-ea7bfb60cc37,What are the best management practices for citrus crops during the fruiting stage to ensure high yield and fruit quality in Andhra Pradesh?,Cultural and Crop Management Practices,17:24:00,20:55:52,211.9,SLA Breached,Yes,Well Framed,English,English,Correct,Nil,NA,Yes,Soumya R,17:26:06,18:17:56,51.8,Lakshmi Aravind,6:18:05 PM,6:28:18 PM,10.2,Mohammad,6:29:07 PM,6:35:40 PM,6.5,Deepika Rathore,6:36:20 PM,6:41:09 PM,4.8,NA,NA,NA,NA,NA,NA,NA,NA,C Sai Durga,,8:55:52 PM,20.5,NA,Yes,Yes,Yes,Provided & Relevant,Yes,Received on Time,Yes,Yes,NA,NA,NA,NA,NIL,NA,NA,NA,Saved,Saved,Successfully Identified as Duplicate,Yes,Pass,No Defect,NIL,NIL,2 hours disclaimer. Received answer after 3 hours.,Expected Output,,,
TL-2320,2026-06-24,K. Deni Sudha,Unique,0.1,NIL,WhatsApp,English,1f16fc40-beb2-65a8-8028-d15eadf48aae,Should growth promoters like Tata Bahar be sprayed on citrus crops immediately after irrigation in Andhra Pradesh?,Cultural and Crop Management Practices,17:28:00,21:26:20,238.3,SLA Breached,Yes,Well Framed,English,English,Correct,Nil,NA,Yes,B Sasidhar,17:29:04,19:04:38,95.6,Jahnavi Gaddam,7:05:04 PM,7:16:28 PM,11.4,Prerna Bharti,7:17:06 PM,7:20:04 PM,3.0,Sharmila S,7:21:04 PM,7:26:55 PM,5.8,NA,NA,NA,NA,NA,NA,NA,NA,Tejas Dange,,9:26:20 PM,46.0,NA,Yes,Yes,Yes,Provided & Relevant,Yes,Received on Time,Yes,Yes,NA,NA,NA,NA,NIL,NA,NA,NA,Saved,Saved,Successfully Identified as Duplicate,Yes,Pass,No Defect,NIL,NIL,2 hours disclaimer. Received answer after 3 hours.,Expected Output,,,
TL-2321,2026-06-24,K. Deni Sudha,Unique,0.1,NIL,WhatsApp,English,1f16fc8d-d03d-68ee-8030-c45c491c9979,What is the correct procedure and technical process for implementing drip irrigation in a citrus orchard in Andhra Pradesh?,Irrigation and Water Management,18:03:00,22:13:11,250.2,SLA Breached,Successfully Identified as Duplicate,Well Framed,English,English,Correct,Nil,Correctly Tagged as Duplicate,No,NA,NA,NA,NA,NA,NA,NA,NA,NA,NA,NA,NA,NA,NA,NA,NA,NA,NA,NA,NA,NA,NA,NA,NA,NA,NA,NA,NA,Wrongly Identified as Duplicate/Dynamic,Yes,Yes,Yes,Provided & Relevant,Successfully Identified as Duplicate,Received on Time,Yes,Yes,NA,NA,NA,NA,NIL,NA,NA,NA,Saved,Saved,Successfully Identified as Duplicate,Yes,Pass,No Defect,NIL,NIL,Received answer after 4 hours.,Expected Output,,,
TL-2322,2026-06-24,K. Deni Sudha,Unique,0.1,NIL,WhatsApp,English,1f16fce5-b71a-640a-803e-1d532ccf6344,What are the best practices and methods for canopy management and pruning to control the excessive growth of citrus trees in Andhra Pradesh?,Cultural and Crop Management Practices,18:28:00,22:12:36,224.6,SLA Breached,Yes,Well Framed,English,English,Correct,Nil,NA,Yes,Neelima M B,6:34:08 PM,20:10:47,96.7,Jahnavi Gaddam,8:11:04 PM,8:17:43 PM,6.7,Deepika Rathore,8:18:06 PM,8:23:06 PM,5.0,Anil Kumar S,8:24:04 PM,8:29:40 PM,5.6,NA,NA,NA,NA,NA,NA,NA,NA,Monica M,NA,10:12:36 PM,18.0,NA,Yes,Yes,Yes,Provided & Relevant,Yes,Received on Time,Yes,Yes,NA,NA,NA,NA,NIL,NA,NA,NA,Saved,Saved,Successfully Identified as Duplicate,Yes,Pass,No Defect,NIL,NIL,2 hours disclaimer. Received answer after 3 hours.,Expected Output,,,
TL-2323,2026-06-24,K. Deni Sudha,Unique,0.1,NIL,WhatsApp,English,1f16fce5-b71a-640a-803e-1d532ccf6344,What are the benefits and correct methods for implementing plastic mulching in citrus cultivation in Andhra Pradesh?,Cultural and Crop Management Practices,"6/24/2026, 6:42:00 PM","7/9/2026, 3:46:21 PM",21424.4,SLA Breached,Wrongly Identified as Duplicate,Well Framed,English,English,Correct,Nil,Wrongly Tagged as Duplicate,Yes,Prerna Bharti,"6/24/2026, 10:13:27 PM","6/24/2026, 10:37:38 PM",24.2,Aditi Dhadwal,"7/9/2026, 11:38:04 AM","7/9/2026, 1:38:06 PM",120.0,Kavya Ponugoti,1:40:04 PM,1:48:54 PM,8.8,Jayashree N,1:52:04 PM,2:00:17 PM,8.2,NA,NA,NA,NA,NA,NA,NA,NA,Simranpreet Kaur,NA,3:46:21 PM,12.0,Wrongly Identified as Duplicate/Dynamic,Yes,Yes,Yes,Provided & Relevant,Wrongly Identified as Duplicate,Received on Time,Yes,Yes,NA,NA,NA,NA,NIL,NA,NA,NA,Saved,Saved,Wrongly Identified as Duplicate,Yes,Pass,Low,,NIL,"Wrong duplicte tagging. Received 2nd answer after 2 weeks,which is correct.",Anomaly Found in Output,,,
TL-2324,2026-06-24,K. Deni Sudha,Unique,0.1,NIL,WhatsApp,English,1f16fcee-b26a-6ba1-8045-e412fe7ee557,What are the best management practices to control and manage excessive pit size and fruit enlargement in citrus crops in Andhra Pradesh?,Cultural and Crop Management Practices,18:46:00,22:22:36,216.6,SLA Breached,Yes,Well Framed,English,English,Correct,Nil,NA,Yes,Prerna Bharti,18:47:08,19:15:57,28.8,Varsha Shekhar,7:16:04 PM,7:24:50 PM,8.8,Dev Jagdishbhai Bhutiya,7:25:04 PM,7:36:46 PM,11.7,Suresh Bhardwaj,7:37:04 PM,7:47:09 PM,10.1,NA,NA,NA,NA,NA,NA,NA,NA,Shivendra Pratap Singh,NA,10:22:36 PM,10.0,NA,Yes,Yes,Yes,Provided & Relevant,Yes,Received on Time,Yes,Yes,NA,NA,NA,NA,NIL,NA,NA,NA,Saved,Saved,Successfully Identified as Duplicate,Yes,Pass,No Defect,NIL,NIL,2 hours disclaimer. Received answer after 3 hours.,Expected Output,,,
TL-2325,2026-06-24,K. Deni Sudha,GDB,0.1,NIL,Web App,English,1f16ff5f-0b5b-6d79-8005-6b705f3b59d4,What are the major diseases affecting okra and how can they be effectively controlled in Uttar Pradesh?,Disease Management,23:25:00,23:25:52,0.9,Within SLA,Successfully Identified as Duplicate,Well Framed,English,English,Correct,Nil,Correctly Tagged as Duplicate,Duplicate,NA,NA,NA,NA,NA,NA,NA,NA,NA,NA,NA,NA,NA,NA,NA,NA,NA,NA,NA,NA,NA,NA,NA,NA,NA,NA,NA,NA,Successfully Identified as Duplicate/Dynamic,Yes,Yes,Yes,Provided & Relevant,Successfully Identified as Duplicate,NA,NA,NA,Yes,Yes,CLEAR,Clear,NIL,NA,NA,NA,Saved,Saved,Successfully Identified as Duplicate,NA,Pass,No Defect,NIL,NIL,Correct duplicate identified.,Expected Output,,,
TL-2326,2026-06-24,K. Deni Sudha,GDB,0.1,NIL,Web App,English,1f16ff82-5a19-61d0-8005-52ff7c063b75,What are the recommended cultural practices for okra cultivation in Uttar Pradesh?,Cultural and Crop Management Practices,23:41:00,23:41:39,0.6,Within SLA,Successfully Identified as Duplicate,Well Framed,English,English,Correct,Nil,Correctly Tagged as Duplicate,Duplicate,NA,NA,NA,NA,NA,NA,NA,NA,NA,NA,NA,NA,NA,NA,NA,NA,NA,NA,NA,NA,NA,NA,NA,NA,NA,NA,NA,NA,Successfully Identified as Duplicate/Dynamic,Yes,Yes,Yes,Provided & Relevant,Successfully Identified as Duplicate,NA,NA,NA,Yes,Yes,CLEAR,Clear,NIL,NA,NA,NA,Saved,Saved,Successfully Identified as Duplicate,NA,Pass,No Defect,NIL,NIL,Correct duplicate identified.,Expected Output,,,
TL-2327,2026-06-24,K. Deni Sudha,GDB,0.1,NIL,Web App,English,1f16ff92-5aa5-6d04-8005-dc9aad7973a7,What is the recommended application method and dosage for NPK 19:19:19 in okra crop in Uttar Pradesh?,Soil Health and Nutrient Management,23:48:00,23:48:49,0.8,Within SLA,Successfully Identified as Duplicate,Well Framed,English,English,Correct,Nil,Correctly Tagged as Duplicate,Duplicate,NA,NA,NA,NA,NA,NA,NA,NA,NA,NA,NA,NA,NA,NA,NA,NA,NA,NA,NA,NA,NA,NA,NA,NA,NA,NA,NA,NA,Successfully Identified as Duplicate/Dynamic,Yes,Yes,Yes,Provided & Relevant,Successfully Identified as Duplicate,NA,NA,NA,Yes,Yes,CLEAR,Clear,NIL,NA,NA,NA,Saved,Saved,Successfully Identified as Duplicate,NA,Pass,No Defect,NIL,NIL,Correct duplicate identified.,Expected Output,,,
TL-2328,2026-06-24,K. Deni Sudha,GDB,0.1,NIL,Web App,English,1f16ff9f-fe00-6ab7-8005-36a118fe0907,What are the requirements and practices for proper growth of okra (bhindi) in Uttar Pradesh?,Cultural and Crop Management Practices,23:54:00,23:54:55,0.9,Within SLA,Successfully Identified as Duplicate,Well Framed,English,English,Correct,Nil,Correctly Tagged as Duplicate,Duplicate,NA,NA,NA,NA,NA,NA,NA,NA,NA,NA,NA,NA,NA,NA,NA,NA,NA,NA,NA,NA,NA,NA,NA,NA,NA,NA,NA,NA,Successfully Identified as Duplicate/Dynamic,Yes,Yes,Yes,Provided & Relevant,Successfully Identified as Duplicate,NA,NA,NA,Yes,Yes,CLEAR,Clear,NIL,NA,NA,NA,Saved,Saved,Successfully Identified as Duplicate,NA,Pass,No Defect,NIL,NIL,Correct duplicate identified.,Expected Output,,,
TL-2358,2026-06-24,Lavanya Mathialagan,GDB,0.1,NIL,Web App,English,1f16fd6d-e539-6228-8005-34f26f0e9992,Why is the growth of okra plants stunted or poor in Uttar Pradesh?,Plant protection,7:43 PM,7:43:26 PM,26sec,Within SLA,Successfully Identified as Duplicate,Well Framed,English,English,Correct,NIL,Correctly Tagged as Duplicate,NA,NA,NA,NA,NA,NA,NA,NA,NA,NA,NA,NA,NA,NA,NA,NA,NA,NA,NA,NA,NA,NA,NA,NA,NA,NA,NA,NA,NA,NA,Yes,Yes,Yes,Provided & Relevant,NA,NA,NA,NA,Yes,Yes,Clear,Clear,NIL,NA,NA,NA,Duplicate,Duplicate,Successfully Identified as Duplicate,Yes,Pass,No Defect,,NIL,Good to go,Expected Output,,,
TL-2359,2026-06-24,Lavanya Mathialagan,GDB,0.1,NIL,WhatsApp,English,1f16fd6e-1adf-6acd-800c-7603f61dbbf7,Why is the growth of okra plants stunted or poor in Uttar Pradesh?,Plant protection,19:43:00,"24/6/2026, 7:43:32 pm",32sec,Within SLA,Successfully Identified as Duplicate,Well Framed,English,English,Correct,NIL,Correctly Tagged as Duplicate,NA,NA,NA,NA,NA,NA,NA,NA,NA,NA,NA,NA,NA,NA,NA,NA,NA,NA,NA,NA,NA,NA,NA,NA,NA,NA,NA,NA,NA,NA,Yes,Yes,Yes,Provided & Relevant,NA,NA,NA,NA,NA,NA,NA,NA,NA,NA,NA,NA,Duplicate,Duplicate,Successfully Identified as Duplicate,Yes,Pass,No Defect,,NIL,Good to go,Expected Output,,,
TL-2360,2026-06-24,Lavanya Mathialagan,GDB,0.1,NIL,Web App,English,1f16fd83-fd21-6809-8013-99e8aae4bec6,What should I do if there are weeds in my okra field in Uttar Pradesh?,Weed Management,19:53:00,19:53:19,19sec,Within SLA,Successfully Identified as Duplicate,Well Framed,English,English,Correct,NIL,Correctly Tagged as Duplicate,NA,NA,NA,NA,NA,NA,NA,NA,NA,NA,NA,NA,NA,NA,NA,NA,NA,NA,NA,NA,NA,NA,NA,NA,NA,NA,NA,NA,NA,NA,Yes,Yes,Yes,Provided & Relevant,NA,NA,NA,NA,Yes,Yes,Clear,Clear,NIL,NA,NA,NA,Duplicate,Duplicate,Successfully Identified as Duplicate,Yes,Pass,No Defect,,NIL,Good to go,Expected Output,,,
TL-2361,2026-06-24,Lavanya Mathialagan,GDB,0.1,NIL,WhatsApp,English,1f16fd84-3f94-6a61-8005-8c18217650cf,What should I do if there are weeds in my okra field in Uttar Pradesh?,Weed Management,19:53:00,19:53:26,26sec,Within SLA,Successfully Identified as Duplicate,Well Framed,English,English,Correct,NIL,Correctly Tagged as Duplicate,NA,NA,NA,NA,NA,NA,NA,NA,NA,NA,NA,NA,NA,NA,NA,NA,NA,NA,NA,NA,NA,NA,NA,NA,NA,NA,NA,NA,NA,NA,Yes,Yes,Yes,Provided & Relevant,NA,NA,NA,NA,NA,NA,NA,NA,NA,NA,NA,NA,Duplicate,Duplicate,Successfully Identified as Duplicate,Yes,Pass,No Defect,,NIL,Good to go,Expected Output,,,
TL-2362,2026-06-24,Lavanya Mathialagan,GDB,0.1,NIL,Web App,English,1f16fd94-6050-67d5-8005-4c6db71320b7,What are the recommended practices for Plant Growth Regulator (PGR) management in okra (bhindi) crop in Uttar Pradesh?,Soil Health and Nutrient Management,20:00:00,20:00:39,39sec,Within SLA,Successfully Identified as Duplicate,Well Framed,English,English,Correct,NIL,Correctly Tagged as Duplicate,NA,NA,NA,NA,NA,NA,NA,NA,NA,NA,NA,NA,NA,NA,NA,NA,NA,NA,NA,NA,NA,NA,NA,NA,NA,NA,NA,NA,NA,NA,Yes,Yes,Yes,Provided & Relevant,NA,NA,NA,NA,Yes,Yes,Clear,Clear,NIL,NA,NA,NA,Duplicate,Duplicate,Successfully Identified as Duplicate,Yes,Pass,No Defect,,NIL,Good to go,Expected Output,,,
TL-2363,2026-06-24,Lavanya Mathialagan,GDB,0.1,NIL,WhatsApp,English,1f16fd94-958f-641b-801a-86b1912ea29a,What are the recommended practices for Plant Growth Regulator (PGR) management in okra (bhindi) crop in Uttar Pradesh?,Soil Health and Nutrient Management,20:00:00,20:00:45,45sec,Within SLA,Successfully Identified as Duplicate,Well Framed,English,English,Correct,NIL,Correctly Tagged as Duplicate,NA,NA,NA,NA,NA,NA,NA,NA,NA,NA,NA,NA,NA,NA,NA,NA,NA,NA,NA,NA,NA,NA,NA,NA,NA,NA,NA,NA,NA,NA,Yes,Yes,Yes,Provided & Relevant,NA,NA,NA,NA,NA,NA,NA,NA,NA,NA,NA,NA,Duplicate,Duplicate,Successfully Identified as Duplicate,Yes,Pass,No Defect,,NIL,Good to go,Expected Output,,,
TL-2364,2026-06-24,Lavanya Mathialagan,GDB,0.1,NIL,Web App,English,1f16fe12-dcf6-62b7-8005-a9994e437bbb,How can I control flower dropping in okra crop?,Plant protection,20:57:00,20:57:15,15sec,Within SLA,Successfully Identified as Duplicate,Well Framed,English,English,Correct,NIL,Correctly Tagged as Duplicate,NA,NA,NA,NA,NA,NA,NA,NA,NA,NA,NA,NA,NA,NA,NA,NA,NA,NA,NA,NA,NA,NA,NA,NA,NA,NA,NA,NA,NA,NA,Yes,Yes,Yes,Provided & Relevant,NA,NA,NA,NA,Yes,Yes,Clear,Clear,NIL,NA,NA,NA,Duplicate,Duplicate,Successfully Identified as Duplicate,Yes,Pass,No Defect,,NIL,Good to go,Expected Output,,,
TL-2365,2026-06-24,Lavanya Mathialagan,GDB,0.1,NIL,WhatsApp,English,1f16fe13-564a-6462-8021-9be31aa9c494,How can I control flower dropping in okra crop?,Plant protection,20:57:00,20:57:27,27sec,Within SLA,Successfully Identified as Duplicate,Well Framed,English,English,Correct,NIL,Correctly Tagged as Duplicate,NA,NA,NA,NA,NA,NA,NA,NA,NA,NA,NA,NA,NA,NA,NA,NA,NA,NA,NA,NA,NA,NA,NA,NA,NA,NA,NA,NA,NA,NA,Yes,Yes,Yes,Provided & Relevant,NA,NA,NA,NA,NA,NA,NA,NA,NA,NA,NA,NA,Duplicate,Duplicate,Successfully Identified as Duplicate,Yes,Pass,No Defect,,NIL,Good to go,Expected Output,,,
TL-2366,2026-06-24,Lavanya Mathialagan,GDB,0.1,NIL,Web App,English,1f16fea9-75a1-635b-8005-7473cba84636,What is the recommended fertilizer application schedule and dosage for okra (bhindi) cultivation?,Soil Health and Nutrient Management,22:04:00,22:04:37,37sec,Within SLA,Successfully Identified as Duplicate,Well Framed,English,English,Correct,NIL,Correctly Tagged as Duplicate,NA,NA,NA,NA,NA,NA,NA,NA,NA,NA,NA,NA,NA,NA,NA,NA,NA,NA,NA,NA,NA,NA,NA,NA,NA,NA,NA,NA,NA,NA,Yes,Yes,Yes,Provided & Relevant,NA,NA,NA,NA,Yes,Yes,Clear,Clear,NIL,NA,NA,NA,Duplicate,Duplicate,Successfully Identified as Duplicate,Yes,Pass,No Defect,,NIL,Good to go,Expected Output,,,
TL-2367,2026-06-24,Lavanya Mathialagan,GDB,0.1,NIL,WhatsApp,English,1f16fea9-9e02-6744-8028-3c2db4a4dc38,What is the recommended fertilizer application schedule and dosage for okra (bhindi) cultivation?,Soil Health and Nutrient Management,22:04:00,22:04:41,41sec,Within SLA,Successfully Identified as Duplicate,Well Framed,English,English,Correct,NIL,Correctly Tagged as Duplicate,NA,NA,NA,NA,NA,NA,NA,NA,NA,NA,NA,NA,NA,NA,NA,NA,NA,NA,NA,NA,NA,NA,NA,NA,NA,NA,NA,NA,NA,NA,Yes,Yes,Yes,Provided & Relevant,NA,NA,NA,NA,NA,NA,NA,NA,NA,NA,NA,NA,Duplicate,Duplicate,Successfully Identified as Duplicate,Yes,Pass,No Defect,,NIL,Good to go,Expected Output,,,
TL-2368,2026-06-24,Lavanya Mathialagan,GDB,0.1,NIL,Web App,English,"1f16fecd-3ca3-61cc-8005-3c76ceaffcf5
",What causes leaf rolling in okra (bhindi) crops and how can it be managed?,Insect–Pest Management,10:20 PM,10:20:38 PM,38sec,Within SLA,Successfully Identified as Duplicate,Well Framed,English,English,Correct,NIL,Correctly Tagged as Duplicate,NA,NA,NA,NA,NA,NA,NA,NA,NA,NA,NA,NA,NA,NA,NA,NA,NA,NA,NA,NA,NA,NA,NA,NA,NA,NA,NA,NA,NA,NA,Yes,Yes,Yes,Provided & Relevant,NA,NA,NA,NA,Yes,Yes,Clear,Clear,NIL,NA,NA,NA,Duplicate,Duplicate,Successfully Identified as Duplicate,Yes,Pass,No Defect,,NIL,Good to go,Expected Output,,,
TL-2369,2026-06-24,Lavanya Mathialagan,GDB,0.1,NIL,WhatsApp,English,1f16fecd-1b34-60c7-802f-96e870c919bb,What causes leaf rolling in okra (bhindi) crops and how can it be managed?,Insect–Pest Management,22:20:00,22:20:34,34sec,Within SLA,Successfully Identified as Duplicate,Well Framed,English,English,Correct,NIL,Correctly Tagged as Duplicate,NA,NA,NA,NA,NA,NA,NA,NA,NA,NA,NA,NA,NA,NA,NA,NA,NA,NA,NA,NA,NA,NA,NA,NA,NA,NA,NA,NA,NA,NA,Yes,Yes,Yes,Provided & Relevant,NA,NA,NA,NA,NA,NA,NA,NA,NIL,NA,NA,NA,Duplicate,Duplicate,Successfully Identified as Duplicate,Yes,Pass,No Defect,,NIL,Good to go,Expected Output,,,
TL-2370,2026-06-24,Lavanya Mathialagan,GDB,0.1,NIL,Web App,English,1f16fedb-1d66-606e-8005-77ce50fa89a2,What should be sprayed on okra plants in uttar pradesh?,Plant protection,22:26:00,22:26:50,50sec,Within SLA,Successfully Identified as Duplicate,Well Framed,English,English,Correct,NIL,Correctly Tagged as Duplicate,NA,NA,NA,NA,NA,NA,NA,NA,NA,NA,NA,NA,NA,NA,NA,NA,NA,NA,NA,NA,NA,NA,NA,NA,NA,NA,NA,NA,NA,NA,Yes,Yes,Yes,Provided & Relevant,NA,NA,NA,NA,Yes,Yes,Clear,Clear,NIL,NA,NA,NA,Duplicate,Duplicate,Successfully Identified as Duplicate,Yes,Pass,No Defect,,NIL,Good to go,Expected Output,,,
TL-2371,2026-06-24,Lavanya Mathialagan,GDB,0.1,NIL,WhatsApp,English,1f16fedd-63b3-6d6a-8037-f4946a44c347,What should be sprayed on okra plants in uttar pradesh?,Plant protection,22:27:00,22:27:51,51sec,Within SLA,Successfully Identified as Duplicate,Well Framed,English,English,Correct,NIL,Correctly Tagged as Duplicate,NA,NA,NA,NA,NA,NA,NA,NA,NA,NA,NA,NA,NA,NA,NA,NA,NA,NA,NA,NA,NA,NA,NA,NA,NA,NA,NA,NA,NA,NA,Yes,Yes,Yes,Provided & Relevant,NA,NA,NA,NA,NA,NA,NA,NA,NIL,NA,NA,NA,Duplicate,Duplicate,Successfully Identified as Duplicate,Yes,Pass,No Defect,,NIL,Good to go,Expected Output,,,
TL-2372,2026-06-24,Lavanya Mathialagan,GDB,0.1,NIL,Web App,English,1f16feee-f276-65c4-8005-c673a44354af,What information should I know about leaf-eating caterpillars in okra crops in uttar pradesh?,Insect–Pest Management,22:35:00,22:35:43,43sec,Within SLA,Successfully Identified as Duplicate,Well Framed,English,English,Correct,NIL,Correctly Tagged as Duplicate,NA,NA,NA,NA,NA,NA,NA,NA,NA,NA,NA,NA,NA,NA,NA,NA,NA,NA,NA,NA,NA,NA,NA,NA,NA,NA,NA,NA,NA,NA,Yes,Yes,Yes,Provided & Relevant,NA,NA,NA,NA,Yes,Yes,Clear,Clear,NIL,NA,NA,NA,Duplicate,Duplicate,Successfully Identified as Duplicate,Yes,Pass,No Defect,,NIL,Good to go,Expected Output,,,
TL-2373,2026-06-24,Lavanya Mathialagan,GDB,0.1,NIL,WhatsApp,English,1f16feef-4a78-688f-803e-866e231b6487,What information should I know about leaf-eating caterpillars in okra crops in uttar pradesh?,Insect–Pest Management,22:35:00,22:35:52,52sec,Within SLA,Successfully Identified as Duplicate,Well Framed,English,English,Correct,NIL,Correctly Tagged as Duplicate,NA,NA,NA,NA,NA,NA,NA,NA,NA,NA,NA,NA,NA,NA,NA,NA,NA,NA,NA,NA,NA,NA,NA,NA,NA,NA,NA,NA,NA,NA,Yes,Yes,Yes,Provided & Relevant,NA,NA,NA,NA,NA,NA,NA,NA,NIL,NA,NA,NA,Duplicate,Duplicate,Successfully Identified as Duplicate,Yes,Pass,No Defect,,NIL,Good to go,Expected Output,,,
TL-2374,2026-06-24,Lavanya Mathialagan,GDB,0.1,NIL,Web App,English,1f16ff06-bc42-6ec6-8005-f0ad4e45c5f6,Why is my okra plant drying up or wilting in Uttar Pradesh?,Plant protection,22:46:00,22:46:21,21sec,Within SLA,Successfully Identified as Duplicate,Well Framed,English,English,Correct,NIL,Correctly Tagged as Duplicate,NA,NA,NA,NA,NA,NA,NA,NA,NA,NA,NA,NA,NA,NA,NA,NA,NA,NA,NA,NA,NA,NA,NA,NA,NA,NA,NA,NA,NA,NA,Yes,Yes,Yes,Provided & Relevant,NA,NA,NA,NA,Yes,Yes,Clear,Clear,NIL,NA,NA,NA,Duplicate,Duplicate,Successfully Identified as Duplicate,Yes,Pass,No Defect,,NIL,Good to go,Expected Output,,,
TL-2375,2026-06-24,Lavanya Mathialagan,GDB,0.1,NIL,WhatsApp,English,1f16ff07-17e0-66da-8045-39c4b9262de7,Why is my okra plant drying up or wilting in Uttar Pradesh?,Plant protection,22:46:00,22:46:31,31sec,Within SLA,Successfully Identified as Duplicate,Well Framed,English,English,Correct,NIL,Correctly Tagged as Duplicate,NA,NA,NA,NA,NA,NA,NA,NA,NA,NA,NA,NA,NA,NA,NA,NA,NA,NA,NA,NA,NA,NA,NA,NA,NA,NA,NA,NA,NA,NA,Yes,Yes,Yes,Provided & Relevant,NA,NA,NA,NA,NA,NA,NA,NA,NIL,NA,NA,NA,Duplicate,Duplicate,Successfully Identified as Duplicate,Yes,Pass,No Defect,,NIL,Good to go,Expected Output,,,
TL-2376,2026-06-24,Lavanya Mathialagan,GDB,0.1,NIL,Web App,English,1f16ff0d-8b13-617a-8005-6943a1db048a,What is the recommended spacing for okra (bhindi) cultivation in Uttar Pradesh?,Cultural and Crop Management Practices,22:49:00,22:49:24,24sec,Within SLA,Successfully Identified as Duplicate,Well Framed,English,English,Correct,NIL,Correctly Tagged as Duplicate,NA,NA,NA,NA,NA,NA,NA,NA,NA,NA,NA,NA,NA,NA,NA,NA,NA,NA,NA,NA,NA,NA,NA,NA,NA,NA,NA,NA,NA,NA,Yes,Yes,Yes,Provided & Relevant,NA,NA,NA,NA,Yes,Yes,Clear,Clear,NIL,NA,NA,NA,Duplicate,Duplicate,Successfully Identified as Duplicate,Yes,Pass,No Defect,,NIL,Good to go,Expected Output,,,
TL-2377,2026-06-24,Lavanya Mathialagan,GDB,0.1,NIL,WhatsApp,English,1f16ff0d-e9f1-622a-804c-349e30ef989f,What is the recommended spacing for okra (bhindi) cultivation in Uttar Pradesh?,Cultural and Crop Management Practices,22:49:00,22:49:34,34sec,Within SLA,Successfully Identified as Duplicate,Well Framed,English,English,Correct,NIL,Correctly Tagged as Duplicate,NA,NA,NA,NA,NA,NA,NA,NA,NA,NA,NA,NA,NA,NA,NA,NA,NA,NA,NA,NA,NA,NA,NA,NA,NA,NA,NA,NA,NA,NA,Yes,Yes,Yes,Provided & Relevant,NA,NA,NA,NA,NA,NA,NA,NA,NIL,NA,NA,NA,Duplicate,Duplicate,Successfully Identified as Duplicate,Yes,Pass,No Defect,,NIL,Good to go,Expected Output,,,
TL-2378,2026-06-24,Lavanya Mathialagan,GDB,0.1,NIL,Web App,English,1f16ff16-c5f8-69ef-8005-2ca00e4cfca5,How can I manage root rot disease in okra in Uttar Pradesh?,Disease Management,22:53:00,22:53:32,32sec,Within SLA,Successfully Identified as Duplicate,Well Framed,English,English,Correct,NIL,Correctly Tagged as Duplicate,NA,NA,NA,NA,NA,NA,NA,NA,NA,NA,NA,NA,NA,NA,NA,NA,NA,NA,NA,NA,NA,NA,NA,NA,NA,NA,NA,NA,NA,NA,Yes,Yes,Yes,Provided & Relevant,NA,NA,NA,NA,Yes,Yes,Clear,Clear,NIL,NA,NA,NA,Duplicate,Duplicate,Successfully Identified as Duplicate,Yes,Pass,No Defect,,NIL,Good to go,Expected Output,,,
TL-2379,2026-06-24,Lavanya Mathialagan,GDB,0.1,NIL,WhatsApp,English,1f16ff17-1ff4-678e-8053-c0b31e588a96,How can I manage root rot disease in okra in Uttar Pradesh?,Disease Management,22:53:00,22:53:41,41sec,Within SLA,Successfully Identified as Duplicate,Well Framed,English,English,Correct,NIL,Correctly Tagged as Duplicate,NA,NA,NA,NA,NA,NA,NA,NA,NA,NA,NA,NA,NA,NA,NA,NA,NA,NA,NA,NA,NA,NA,NA,NA,NA,NA,NA,NA,NA,NA,Yes,Yes,Yes,Provided & Relevant,NA,NA,NA,NA,NA,NA,NA,NA,NA,NA,NA,NA,Duplicate,Duplicate,Successfully Identified as Duplicate,Yes,Pass,No Defect,,NIL,Good to go,Expected Output,,,
TL-2380,2026-06-24,Dhaarani S,GDB,0.1,NIL,Web App,English,1f16fd8c-751e-694c-8013-fdf44d6f050d,What are the irrigation requirements and best practices for okra cultivation?,Irrigation and Water Management,"6/24/2026, 7:56:57 PM","6/24/2026, 7:57:07 PM",10 s,Within SLA,Yes,Well Framed,English,English,Correct,NA,Correctly Tagged as Duplicate,NA,Tejas Dange,NA,NA,NA,NA,NA,NA,NA,NA,NA,NA,NA,NA,NA,NA,NA,NA,NA,NA,NA,NA,NA,NA,NA,NA,NA,NA,NA,NA,Yes,Yes,Yes,Provided & Relevant,NA,NA,NA,NA,Yes,Yes,Clear,Clear,NA,NA,NA,NA,Duplicate,Duplicate,Successfully Identified as Duplicate,Yes,Pass,No Defect,,NIL,No issues Good to go,Expected Output,,,
TL-2381,2026-06-24,Dhaarani S,GDB,0.1,NIL,WhatsApp,English,1f16fda0-f975-6dab-8052-5e1a8e6b712a,What are the irrigation requirements and best practices for okra cultivation?,Irrigation and Water Management,"6/24/2026, 8:06:04 PM","6/24/2026, 8:06:18 PM",14 s,Within SLA,Yes,Well Framed,English,English,Correct,NA,Correctly Tagged as Duplicate,NA,Tejas Dange,NA,NA,NA,NA,NA,NA,NA,NA,NA,NA,NA,NA,NA,NA,NA,NA,NA,NA,NA,NA,NA,NA,NA,NA,NA,NA,NA,NA,Yes,Yes,Yes,Provided & Relevant,NA,NA,NA,NA,NA,NA,NA,NA,NA,NA,NA,NA,Duplicate,Duplicate,Successfully Identified as Duplicate,Yes,Pass,No Defect,,NIL,No issues Good to go,Expected Output,,,
TL-2382,2026-06-24,Dhaarani S,GDB,0.1,NIL,Web App,English,1f16fdc8-7019-6012-8005-893f98d4a428,What causes rotting in okra (bhindi) and how can it be prevented and managed in Uttar Pradesh?,Disease Management,"6/24/2026, 8:23:47 PM","6/24/2026, 8:23:57 PM",10 s,Within SLA,Yes,Well Framed,English,English,Correct,NA,Correctly Tagged as Duplicate,NA,Khaja Suhaib,NA,NA,NA,NA,NA,NA,NA,NA,NA,NA,NA,NA,NA,NA,NA,NA,NA,NA,NA,NA,NA,NA,NA,NA,NA,NA,NA,NA,Yes,Yes,Yes,Provided & Relevant,NA,NA,NA,NA,Yes,Yes,Clear,Clear,NA,NA,NA,NA,Duplicate,Duplicate,Successfully Identified as Duplicate,Yes,Pass,No Defect,https://desk.zoho.in/agent/annamai/annam-ai/tickets/details/202216000002008001,NIL,Dimethoate banned pesticide is mentioned. Ticket raised,Anomaly Found in Output,,,
TL-2383,2026-06-24,Dhaarani S,GDB,0.1,NIL,WhatsApp,English,1f16fdd6-9811-6623-8059-a8872a8286cc,What causes rotting in okra (bhindi) and how can it be prevented and managed in Uttar Pradesh?,Disease Management,"6/24/2026, 8:30:00 PM","6/24/2026, 8:30:17 PM",17s,Within SLA,Yes,Well Framed,English,English,Correct,NA,Correctly Tagged as Duplicate,NA,Khaja Suhaib,NA,NA,NA,NA,NA,NA,NA,NA,NA,NA,NA,NA,NA,NA,NA,NA,NA,NA,NA,NA,NA,NA,NA,Kavya Ponugoti,NA,NA,NA,NA,Yes,Yes,Yes,Provided & Relevant,NA,NA,NA,NA,NA,NA,NA,NA,NA,NA,NA,NA,Duplicate,Duplicate,Successfully Identified as Duplicate,Yes,Pass,No Defect,https://desk.zoho.in/agent/annamai/annam-ai/tickets/details/202216000002008001,NIL,"Dimethoate banned pesticide is mentioned. Ticket raised. Now I received the modified answer (6/25/2026, 6:29:51 AM)",Anomaly Found in Output,,,
TL-2384,2026-06-24,Dhaarani S,GDB,0.1,NIL,Web App,English,1f16fdef-74bd-6782-8005-2e398d3d6ab5,What are the effective methods for controlling termites in okra crops in Uttar Pradesh?,Insect–Pest Management,"6/24/2026, 8:41:12 PM","6/24/2026, 8:41:24 PM",12 s,Within SLA,Yes,Well Framed,English,English,Correct,NA,Correctly Tagged as Duplicate,NA,Akhil Kumar,NA,NA,NA,NA,NA,NA,NA,NA,NA,NA,NA,NA,NA,NA,NA,NA,NA,NA,NA,NA,NA,NA,NA,NA,NA,NA,NA,NA,Yes,Yes,Yes,Provided & Relevant,NA,NA,NA,NA,Yes,Yes,Clear,Clear,NA,NA,NA,NA,Duplicate,Duplicate,Successfully Identified as Duplicate,Yes,Pass,No Defect,,NIL,No issues Good to go,Expected Output,,,
TL-2385,2026-06-24,Dhaarani S,GDB,0.1,NIL,WhatsApp,English,1f16fe01-42a6-685e-8060-f6dc5ececdc5,What are the effective methods for controlling termites in okra crops in Uttar Pradesh?,Insect–Pest Management,"6/24/2026, 8:49:08 PM","6/24/2026, 8:49:22 PM",14 s,Within SLA,Yes,Well Framed,English,English,Correct,NA,Correctly Tagged as Duplicate,NA,Akhil Kumar,NA,NA,NA,NA,NA,NA,NA,NA,NA,NA,NA,NA,NA,NA,NA,NA,NA,NA,NA,NA,NA,NA,NA,NA,NA,NA,NA,NA,Yes,Yes,Yes,Provided & Relevant,NA,NA,NA,NA,NA,NA,NA,NA,NA,NA,NA,NA,Duplicate,Duplicate,Successfully Identified as Duplicate,Yes,Pass,No Defect,,NIL,No issues Good to go,Expected Output,,,
TL-2386,2026-06-24,Dhaarani S,GDB,0.1,NIL,Web App,English,1f16fe17-7703-60c9-8005-e0407d24a79d,What are the best practices for controlling blight in okra crops in Uttar Pradesh?,Disease Management,"6/24/2026, 8:59:05 PM","6/24/2026, 8:59:18 PM",13 s,Within SLA,Yes,Well Framed,English,English,Correct,NA,Correctly Tagged as Duplicate,NA,Simranpreet Kaur,NA,NA,NA,NA,NA,NA,NA,NA,NA,NA,NA,NA,NA,NA,NA,NA,NA,NA,NA,NA,NA,NA,NA,NA,NA,NA,NA,NA,Yes,Yes,Yes,Provided & Relevant,NA,NA,NA,NA,Yes,Yes,Clear,Clear,NA,NA,NA,NA,Duplicate,Duplicate,Successfully Identified as Duplicate,Yes,Pass,No Defect,,NIL,No issues Good to go,Expected Output,,,
TL-2387,2026-06-24,Dhaarani S,GDB,0.1,NIL,WhatsApp,English,1f16fe34-226e-608c-8067-857d19f7e068,What are the best practices for controlling blight in okra crops in Uttar Pradesh?,Disease Management,"6/24/2026, 9:11:57 PM","6/24/2026, 9:12:08 PM",12 s,Within SLA,Yes,Well Framed,English,English,Correct,NA,Correctly Tagged as Duplicate,NA,Simranpreet Kaur,NA,NA,NA,NA,NA,NA,NA,NA,NA,NA,NA,NA,NA,NA,NA,NA,NA,NA,NA,NA,NA,NA,NA,NA,NA,NA,NA,NA,Yes,Yes,Yes,Provided & Relevant,NA,NA,NA,NA,NA,NA,NA,NA,NA,NA,NA,NA,Duplicate,Duplicate,Successfully Identified as Duplicate,Yes,Pass,No Defect,,NIL,No issues Good to go,Expected Output,,,
TL-2419,2026-06-25,T. Vishnu Vardhn,GDB,0.1,NIL,Web App,English,"1f1703ac-f9fd-6edb-8005-27a3a1ad3b7c                             6a3c8db2a7aeea15a2e0d631
",What are the common caterpillar problems in mentha crop and how can they be managed in Uttar Pradesh?,Plant protection,07:38:00,07:38:00,6 Seconds,Within SLA,Successfully Identified as Duplicate,Well Framed,English,English,Good,NIL,Correctly Tagged as Duplicate,NO,Ankit Jaiswal,NA,NA,NA,NA,NA,NA,NA,NA,NA,NA,NA,NA,NA,NA,NA,NA,NA,NA,NA,NA,NA,NA,NA,NA,NA,NA,NA,Successfully Identified as Duplicate/Dynamic,Yes,Yes,Yes,Provided & Relevant,No,Received on Time,Yes,Yes,Yes,Yes,Clear,Clear,"NIL, no issue",NA,NA,NA,Saved,Saved,Successfully Identified as Duplicate,NA,Pass,No Defect,,NIL,"GDb question, succesfully idebntified ad duplicate.",Expected Output,,,
TL-2421,2026-06-25,T. Vishnu Vardhn,GDB,0.1,NIL,Web App,Telugu,"1f1703ca-28b0-6d5f-8004-7c7f6731d0ef                                   6a3c90bca7aeea15a2e0d6f3 
",How can leaf hopper be effectively controlled in mint crop in Uttar Pradesh?,Plant protection,7:51 AM,7:51 AM,8 Seconds,Within SLA,Successfully Identified as Duplicate,Well Framed,English,Telugu,Good,NIL,Correctly Tagged as Duplicate,NO,Rohan Chand,NA,NA,NA,NA,NA,NA,NA,NA,NA,NA,NA,NA,NA,NA,NA,NA,NA,NA,NA,NA,NA,NA,NA,NA,NA,NA,NA,Successfully Identified as Duplicate/Dynamic,Yes,Yes,Yes,Provided & Relevant,No,Received on Time,Yes,Yes,Yes,Yes,Clear,Clear,"NIL, no issue",NA,NA,NA,Saved,Saved,Successfully Identified as Duplicate,NA,Pass,No Defect,,NIL,"GDb question, succesfully idebntified ad duplicate.",Expected Output,,,
TL-2422,2026-06-25,T. Vishnu Vardhn,GDB,0.1,NIL,Web App,English,"1f1703d0-9509-6e3e-8005-24662df0cdd1                        6a3c916ea7aeea15a2e0d6fd
",Information about stem rot control in Mentha crop in Uttar Pradesh,Plant protection,07:54:00,07:54:00,7 Seconds,Within SLA,Successfully Identified as Duplicate,Well Framed,English,English,Good,NIL,Correctly Tagged as Duplicate,NO,Ahtasham Faizi,NA,NA,NA,NA,NA,NA,NA,NA,NA,NA,NA,NA,NA,NA,NA,NA,NA,NA,NA,NA,NA,NA,NA,NA,NA,NA,NA,Successfully Identified as Duplicate/Dynamic,Yes,Yes,Yes,Provided & Relevant,No,Received on Time,Yes,Yes,Yes,Yes,Clear,Clear,"NIL, no issue",NA,NA,NA,Saved,Saved,Successfully Identified as Duplicate,NA,Pass,No Defect,,NIL,"GDb question, succesfully idebntified ad duplicate.",Expected Output,,,
TL-2423,2026-06-25,T. Vishnu Vardhn,GDB,0.1,NIL,Web App,Telugu,"1f1703f0-f053-6548-8005-9504a0556321                   6a3c94ada7aeea15a2e0d7bf      
",Leaf Curl in Mentha in Uttar Pradesh,Plant protection,08:08:00,08:08:00,8 Seconds,Within SLA,Successfully Identified as Duplicate,Well Framed,English,Telugu,Good,NIL,Correctly Tagged as Duplicate,NO,Gontyala Veena,NA,NA,NA,NA,NA,NA,NA,NA,NA,NA,NA,NA,NA,NA,NA,NA,NA,NA,NA,NA,NA,NA,NA,NA,NA,NA,NA,Successfully Identified as Duplicate/Dynamic,Yes,Yes,Yes,Provided & Relevant,No,Received on Time,Yes,Yes,Yes,Yes,Clear,Clear,"NIL, no issue",NA,NA,NA,Saved,Saved,Successfully Identified as Duplicate,NA,Pass,No Defect,,NIL,"GDb question, succesfully idebntified ad duplicate.",Expected Output,,,
TL-2470,2026-06-25,Ithagani Shireesha,Unique,0.1,NIL,Web App,English,1f170506-ee70-652d-8005-8772b45f3077,What are the recommended herbicide applications for effective weed management in Okra cultivation in Andhra Pradesh?,Weed Management,10:13:00,10:13:38,38sec,Within SLA,Yes,Well Framed,English,English,Correct,NIL,Correctly Tagged as Duplicate,NA,Yes,Perna,NA,NA,NA,NA,NA,NA,NA,NA,NA,NA,NA,NA,NA,NA,NA,NA,NA,NA,NA,NA,NA,NA,NA,NA,NA,NA,Yes,Yes,Yes,Yes,Provided and relevant,NA,NA,NA,NA,Yes,Yes,Yes,Clear,Good output and input,NA,NA,NA,Yes,Saved,Successfully Identified as Duplicate,NA,Pass,High,NIL,NIL,Good output,,,,
TL-2471,2026-06-25,Ithagani Shireesha,Unique,0.1,NIL,Web App,English,1f17050a-28d1-68df-8005-8b2e9403b257,What are the general cultivation practices and essential management requirements for growing Okra (Ladyfinger) in Andhra Pradesh?,Cultural and Crop Management Practices,10:14:00,10:15:05,5sec,Within SLA,Yes,Well Framed,English,English,Correct,NIL,Correctly Tagged as Duplicate,NA,Yes,Sowmya,NA,NA,NA,NA,NA,NA,NA,NA,NA,NA,NA,NA,NA,NA,NA,NA,NA,NA,NA,NA,NA,NA,NA,NA,NA,NA,Yes,Yes,Yes,Yes,Provided and relevant,NA,NA,NA,NA,Yes,Yes,Yes,Clear,Good output and input,NA,NA,NA,Yes,Saved,Successfully Identified as Duplicate,NA,Pass,High,NIL,NIL,Good output,,,,
TL-2483,2026-06-25,Ithagani Shireesha,GDB,0.1,NIL,Web App,English,1f1705b0-fb5e-644c-8005-e62d95bb971b,What are the best practices for disease control in Bengal gram (chickpea) uttarpradesh,Disease Management,11:30:00,11:29:43,43sec,Within SLA,Yes,Well Framed,English,English,Correct,NIL,Correctly Tagged as Duplicate,Yes,NA,NA,NA,NA,NA,NA,NA,NA,NA,NA,NA,NA,NA,NA,NA,NA,NA,NA,NA,NA,NA,NA,NA,NA,,NA,,,Yes,Yes,Yes,Yes,Provided and relevant,NA,Received Late,NA,NA,Yes,Yes,Yes,Clear,Good output and input,NA,NA,NA,Yes,Saved,Successfully Identified as Duplicate,NA,Pass,High,NIL,NIL,Good output,,,,
TL-2485,2026-06-25,Ithagani Shireesha,GDB,0.1,NIL,Web App,English,1f1705ba-b19b-6296-8005-b64e714cefe7,What is Uktha (wilt) disease in Bengal gram (Chickpea) and how can I manage it in uttarpradesh,Disease Management,11:34:00,11:34:04,4sec,Within SLA,Yes,Well Framed,English,English,Correct,NIL,Correctly Tagged as Duplicate,Yes,NA,NA,NA,NA,NA,NA,NA,NA,NA,NA,NA,NA,NA,NA,NA,NA,NA,NA,NA,NA,NA,NA,NA,NA,,NA,,,Yes,Yes,Yes,Yes,Provided and relevant,NA,,NA,NA,Yes,Yes,Yes,Clear,Good output and input,NA,NA,NA,Yes,Saved,Successfully Identified as Duplicate,NA,Pass,High,NIL,NIL,Good output,,,,
TL-2488,2026-06-25,Ithagani Shireesha,GDB,0.1,NIL,Web App,English,1f1714f1-9e93-67fe-8005-0c92cbcbb9dd,What is the recommended seed treatment protocol for groundnut crop uttarpradesh,Seed and Variety Selection,18:30:00,18:30:00,4se,Within SLA,Yes,Well Framed,English,English,Correct,NIL,Correctly Tagged as Duplicate,Yes,Satarupa Saha,NA,NA,NA,NA,NA,NA,NA,NA,NA,NA,NA,NA,NA,NA,NA,NA,NA,NA,NA,NA,NA,NA,NA,,NA,,,Yes,Yes,Yes,Yes,Provided and relevant,NA,,NA,NA,Yes,Yes,Yes,Clear,Good output and input,NA,NA,NA,Yes,Saved,Successfully Identified as Duplicate,NA,Pass,High,NIL,NIL,Good output,,,,
TL-2490,2026-06-25,Ithagani Shireesha,GDB,0.1,NIL,Web App,English,1f1714f8-1eb1-6746-8005-c0aa266353b0,How can I effectively control root rot disease in groundnut crops uttarpradesh,Disease Management,20:30:00,20:30:00,4se,Within SLA,Yes,Well Framed,English,English,Correct,NIL,Correctly Tagged as Duplicate,Yes,Utarkrsh,NA,NA,NA,NA,NA,NA,NA,NA,NA,NA,NA,NA,NA,NA,NA,NA,NA,NA,NA,NA,NA,NA,NA,,NA,,,Yes,Yes,Yes,Yes,Provided and relevant,NA,,NA,NA,Yes,Yes,Yes,Clear,Good output and input,NA,NA,NA,Yes,Saved,Successfully Identified as Duplicate,NA,Pass,High,NIL,NIL,Good output,,,,
TL-2492,2026-06-25,Ithagani Shireesha,GDB,0.1,NIL,Web App,English,1f1714fe-b0d2-622a-8005-05ad571aa9c9,What should I do if my groundnut crop is infested with Jassids (leafhoppers) uttarpradesh,Insect–Pest Management,22:30:00,22:30:00,4se,Within SLA,Yes,Well Framed,English,English,Correct,NIL,Correctly Tagged as Duplicate,Yes,NA,NA,NA,NA,NA,NA,NA,NA,NA,NA,NA,NA,NA,NA,NA,NA,NA,NA,NA,NA,NA,NA,NA,NA,,NA,,,Yes,Yes,Yes,Yes,Provided and relevant,NA,,NA,NA,Yes,Yes,Yes,Clear,Good output and input,NA,NA,NA,Yes,Saved,Successfully Identified as Duplicate,NA,Pass,High,NIL,NIL,Good output,,,,
TL-2543,2026-06-25,K. Deni Sudha,GDB,0.1,NIL,Web App,English,1f17082f-15f9-6916-8005-7b89f749bf36,"What are the key stages of growth and development in okra crop, and how should I manage each stage in Uttar Pradesh?",Cultural and Crop Management Practices,16:15:00,16:15:12,0.2,Within SLA,Successfully Identified as Duplicate,Well Framed,English,English,Correct,NIL,Correctly Tagged as Duplicate,NA,NA,NA,NA,NA,NA,NA,NA,NA,NA,NA,NA,NA,NA,NA,NA,NA,NA,NA,NA,NA,NA,NA,NA,NA,NA,NA,NA,NA,Successfully Identified as Duplicate/Dynamic,Yes,Yes,Yes,Provided & Relevant,Successfully Identified as Duplicate,NA,NA,NA,Yes,Yes,Clear,Clear,NIL,NA,NA,NA,Saved,Saved,Successfully Identified as Duplicate,NA,Pass,No Defect,NIL,NIL,Correctly identified as duplicate.,Expected Output,,,
TL-2544,2026-06-25,K. Deni Sudha,GDB,0.1,NIL,Web App,English,1f17084d-3716-6535-8005-36b736e09dc1,How can I effectively control blight disease in okra (bhindi) crop in Uttar Pradesh?,Disease Management,16:28:00,16:28:41,0.7,Within SLA,Successfully Identified as Duplicate,Well Framed,English,English,Correct,NIL,Correctly Tagged as Duplicate,NA,NA,NA,NA,NA,NA,NA,NA,NA,NA,NA,NA,NA,NA,NA,NA,NA,NA,NA,NA,NA,NA,NA,NA,NA,NA,NA,NA,NA,Successfully Identified as Duplicate/Dynamic,Yes,Yes,Yes,Provided & Relevant,Successfully Identified as Duplicate,NA,NA,NA,Yes,Yes,Clear,Clear,NIL,NA,NA,NA,Saved,Saved,Successfully Identified as Duplicate,NA,Pass,No Defect,NIL,NIL,Correctly identified as duplicate.,Expected Output,,,
TL-2545,2026-06-25,K. Deni Sudha,GDB,0.1,NIL,Web App,English,1f17085c-9caf-6fdf-8005-f6cbfce9f76b,What are the advanced varieties of okra available for cultivation in Uttar Pradesh?,Seed and Variety Selection,16:35:00,16:35:34,0.6,Within SLA,Successfully Identified as Duplicate,Well Framed,English,English,Correct,NIL,Correctly Tagged as Duplicate,NA,NA,NA,NA,NA,NA,NA,NA,NA,NA,NA,NA,NA,NA,NA,NA,NA,NA,NA,NA,NA,NA,NA,NA,NA,NA,NA,NA,NA,Successfully Identified as Duplicate/Dynamic,Partially Correct,Yes,Yes,Provided & Relevant,Successfully Identified as Duplicate,NA,NA,NA,Yes,Yes,Clear,Clear,NIL,NA,NA,NA,Saved,Not Saved,Successfully Identified as Duplicate,NA,Pass,No Defect,NIL,NIL,Correctly identified as duplicate. The answer can include more varieties in the source provided.,Expected Output,,,
TL-2546,2026-06-25,K. Deni Sudha,GDB,0.1,NIL,Web App,English,1f170897-e525-67e7-8005-b40ece493e80,What is Fusarium wilt in okra and how can it be managed effectively in Uttar Pradesh?,Disease Management,17:02:00,17:02:05,0.1,Within SLA,Successfully Identified as Duplicate,Well Framed,English,English,Correct,NIL,Correctly Tagged as Duplicate,NA,NA,NA,NA,NA,NA,NA,NA,NA,NA,NA,NA,NA,NA,NA,NA,NA,NA,NA,NA,NA,NA,NA,NA,NA,NA,NA,NA,NA,Successfully Identified as Duplicate/Dynamic,Partially Correct,Yes,Yes,Provided & Relevant,Successfully Identified as Duplicate,NA,NA,NA,Yes,Yes,Clear,Clear,NIL,NA,NA,NA,Saved,Not Saved,Successfully Identified as Duplicate,NA,Pass,No Defect,NIL,NIL,Correctly identified as duplicate.,Expected Output,,,
TL-2547,2026-06-25,K. Deni Sudha,GDB,0.1,NIL,Web App,English,1f1708cb-8a84-6b6d-8005-14265a1d5ece,How do I control flying pests in Okra (Bhindi) crops in Uttar Pradesh?,Insect–Pest Management,17:25:00,17:25:12,0.2,Within SLA,Successfully Identified as Duplicate,Well Framed,English,English,Correct,NIL,Correctly Tagged as Duplicate,NA,NA,NA,NA,NA,NA,NA,NA,NA,NA,NA,NA,NA,NA,NA,NA,NA,NA,NA,NA,NA,NA,NA,NA,NA,NA,NA,NA,NA,Successfully Identified as Duplicate/Dynamic,Partially Correct,Yes,Yes,Provided & Relevant,Successfully Identified as Duplicate,NA,NA,NA,Yes,Yes,Clear,Clear,NIL,NA,NA,NA,Saved,Not Saved,Successfully Identified as Duplicate,NA,Pass,No Defect,NIL,NIL,Correctly identified as duplicate.,Expected Output,,,
TL-2549,2026-06-25,K. Deni Sudha,GDB,0.1,NIL,Web App,English,1f170a7b-6acd-6fbc-8005-5b3816670f45,What are the recommended seed treatment practices for maize crop in Uttar Pradesh?,Plant protection,20:38:00,20:38:25,0.4,Within SLA,Successfully Identified as Duplicate,Well Framed,English,English,Correct,NIL,Correctly Tagged as Duplicate,NA,NA,NA,NA,NA,NA,NA,NA,NA,NA,NA,NA,NA,NA,NA,NA,NA,NA,NA,NA,NA,NA,NA,NA,NA,NA,NA,NA,NA,Successfully Identified as Duplicate/Dynamic,Partially Correct,Yes,Yes,Provided & Relevant,Successfully Identified as Duplicate,NA,NA,NA,Yes,Yes,Clear,Clear,NIL,NA,NA,NA,Saved,Saved,Successfully Identified as Duplicate,NA,Partial,No Defect,NIL,NIL,Correctly identified as duplicate. The answer is too short.,Expected Output,,,
TL-2550,2026-06-25,K. Deni Sudha,GDB,0.1,NIL,Web App,English,1f170aa5-4f8f-68df-8005-f85ba928189f,What is the appropriate application method and dosage for NPK 19:19:19 in maize cultivation in Uttar Pradesh?,Soil Health and Nutrient Management,20:57:00,20:57:09,0.2,Within SLA,Successfully Identified as Duplicate,Well Framed,English,English,Correct,NIL,Correctly Tagged as Duplicate,NA,NA,NA,NA,NA,NA,NA,NA,NA,NA,NA,NA,NA,NA,NA,NA,NA,NA,NA,NA,NA,NA,NA,NA,NA,NA,NA,NA,NA,Successfully Identified as Duplicate/Dynamic,Partially Correct,Yes,Yes,Provided & Relevant,Successfully Identified as Duplicate,NA,NA,NA,Yes,Yes,Clear,Clear,NIL,NA,NA,NA,Saved,Saved,Successfully Identified as Duplicate,NA,Pass,No Defect,NIL,NIL,Correctly identified as duplicate.,Expected Output,,,
TL-2551,2026-06-25,K. Deni Sudha,GDB,0.1,NIL,Web App,English,1f170aad-573d-6ebc-8005-cf3d80304dae,How do I manage shoot fly (sundi) infestation in maize in Uttar Pradesh?,Insect–Pest Management,21:00:00,21:00:45,0.7,Within SLA,Successfully Identified as Duplicate,Well Framed,English,English,Correct,NIL,Correctly Tagged as Duplicate,NA,NA,NA,NA,NA,NA,NA,NA,NA,NA,NA,NA,NA,NA,NA,NA,NA,NA,NA,NA,NA,NA,NA,NA,NA,NA,NA,NA,NA,Successfully Identified as Duplicate/Dynamic,Partially Correct,Yes,Yes,Provided & Relevant,Successfully Identified as Duplicate,NA,NA,NA,Yes,Yes,Clear,Clear,NIL,NA,NA,NA,Saved,Saved,Successfully Identified as Duplicate,NA,Pass,No Defect,NIL,NIL,Correctly identified as duplicate.,Expected Output,,,
TL-2559,2026-06-25,Dhaarani S,Unique,0.1,NIL,WhatsApp,English,1f1709bd-568a-6914-803d-32e0e6c1b1fc,What are the causes and management strategies for wilt and damping-off diseases in Okra in Andhra Pradesh?,Disease Management,"6/25/2026, 7:13:11 PM","6/25/2026, 7:13:22 PM",11 S,Within SLA,Yes,Well Framed,English,English,Correct,NA,Wrongly Tagged as Duplicate,NA,,,,,,,,,,,,,,,,,NA,NA,NA,NA,NA,NA,NA,NA,C Sai Durga,,,,Wrongly Identified as Duplicate/Dynamic,Yes,Yes,Yes,Provided & Relevant,No,Received on Time,Yes,NA,NA,NA,NA,NA,NA,NA,NA,NA,Saved,Saved,Wrongly Identified as Duplicate,NA,Pass,No Defect,,NIL,"This is unique question but the sytem generate answer based on the reference question (What are the causes, symptoms, and management strategies for collar rot in okra in Andhra Pradesh?). The answer is partially correct. Now I received the modified answer by the moderator as per the question given. Now the answer is correct no issues. Good to go.",Expected Output,,,
TL-2593,2026-06-25,Dhaarani S,GDB,0.1,NIL,Web App,English,1f170a11-f85b-60ed-8005-a93ec391439d,"What are the key stages of growth and development in okra crop, and how should I manage each stage in Uttar Pradesh?",Plant protection,"6/25/2026, 7:51:02 PM","6/25/2026, 7:51:14 PM",12 s,Within SLA,Yes,Well Framed,English,English,Correct,NA,Correctly Tagged as Duplicate,NA,Shivendra Pratap Singh,NA,NA,NA,NA,NA,NA,NA,NA,NA,NA,NA,NA,NA,NA,NA,NA,NA,NA,NA,NA,NA,NA,NA,NA,NA,NA,NA,NA,Yes,Yes,Yes,Provided & Relevant,NA,NA,NA,NA,Yes,Yes,Clear,Clear,NA,NA,NA,NA,Saved,Saved,Successfully Identified as Duplicate,Yes,Partial,Low,,NIL,The answer should be modified by including the time period of the crop growth stages.,Pending,,,
TL-2594,2026-06-25,Dhaarani S,GDB,0.1,NIL,WhatsApp,English,1f170a33-be03-6cfb-8052-f459348b2183,"What are the key stages of growth and development in okra crop, and how should I manage each stage in Uttar Pradesh?",Plant protection,"6/25/2026, 8:06:02 PM","6/25/2026, 8:06:21 PM",19 s,Within SLA,Yes,Well Framed,English,English,Correct,NA,Correctly Tagged as Duplicate,NA,Shivendra Pratap Singh,NA,NA,NA,NA,NA,NA,NA,NA,NA,NA,NA,NA,NA,NA,NA,NA,NA,NA,NA,NA,NA,NA,NA,NA,NA,NA,NA,NA,Yes,Yes,Yes,Provided & Relevant,NA,NA,NA,NA,NA,NA,NA,NA,NA,NA,NA,NA,Saved,Saved,Successfully Identified as Duplicate,Yes,Partial,Low,,NIL,The answer should be modified by including the time period of the crop growth stages.,Pending,,,
TL-2595,2026-06-25,Dhaarani S,GDB,0.1,NIL,Web App,English,1f170a41-91ff-6c9f-8005-b0b0e82bfd92,How can I effectively control blight disease in okra (bhindi) crop in Uttar Pradesh?,Disease Management,"6/25/2026, 8:12:22 PM","6/25/2026, 8:12:32 PM",10 s,Within SLA,Yes,Well Framed,English,English,Correct,NA,Correctly Tagged as Duplicate,NA,Lavail Joy,NA,NA,NA,NA,NA,NA,NA,NA,NA,NA,NA,NA,NA,NA,NA,NA,NA,NA,NA,NA,NA,NA,NA,NA,NA,NA,NA,NA,Yes,Yes,Yes,Provided & Relevant,NA,NA,NA,NA,Yes,Yes,Clear,Clear,NA,NA,NA,NA,Saved,Saved,Successfully Identified as Duplicate,Yes,Pass,No Defect,,NIL,Good to go. No issues.,Expected Output,,,
TL-2596,2026-06-25,Dhaarani S,GDB,0.1,NIL,WhatsApp,English,1f170a4c-46ff-6c0a-8059-7cd4aab4d7f9,How can I effectively control blight disease in okra (bhindi) crop in Uttar Pradesh?,Disease Management,"6/25/2026, 8:17:06 PM","6/25/2026, 8:17:19 PM",13 s,Within SLA,Yes,Well Framed,English,English,Correct,NA,Correctly Tagged as Duplicate,NA,Lavail Joy,NA,NA,NA,NA,NA,NA,NA,NA,NA,NA,NA,NA,NA,NA,NA,NA,NA,NA,NA,NA,NA,NA,NA,NA,NA,NA,NA,NA,Yes,Yes,Yes,Provided & Relevant,NA,NA,NA,NA,NA,NA,NA,NA,NA,NA,NA,NA,Saved,Saved,Successfully Identified as Duplicate,Yes,Pass,No Defect,,NIL,Good to go. No issues.,Expected Output,,,
TL-2597,2026-06-25,Dhaarani S,GDB,0.1,NIL,Web App,English,1f170a51-c3aa-6d03-8005-9051767a2491,What are the advanced varieties of okra available for cultivation in Uttar Pradesh?,Seed and Variety Selection,"6/25/2026, 8:19:38 PM","6/25/2026, 8:19:47 PM",9 s,Within SLA,Yes,Well Framed,English,English,Correct,NA,Correctly Tagged as Duplicate,NA,Shivendra Pratap Singh,NA,NA,NA,NA,NA,NA,NA,NA,NA,NA,NA,NA,NA,NA,NA,NA,NA,NA,NA,NA,NA,NA,NA,NA,NA,NA,NA,NA,Yes,Yes,Yes,Provided & Relevant,NA,NA,NA,NA,Yes,Yes,Clear,Clear,NA,NA,NA,NA,Saved,Saved,Successfully Identified as Duplicate,Yes,Pass,No Defect,,NIL,Good to go. No issues.,Expected Output,,,
TL-2598,2026-06-25,Dhaarani S,GDB,0.1,NIL,WhatsApp,English,1f170a57-47a3-6f52-8060-0ed3d47b6416,What are the advanced varieties of okra available for cultivation in Uttar Pradesh?,Seed and Variety Selection,"6/25/2026, 8:22:03 PM","6/25/2026, 8:22:15 PM",12 s,Within SLA,Yes,Well Framed,English,English,Correct,NA,Correctly Tagged as Duplicate,NA,Shivendra Pratap Singh,NA,NA,NA,NA,NA,NA,NA,NA,NA,NA,NA,NA,NA,NA,NA,NA,NA,NA,NA,NA,NA,NA,NA,NA,NA,NA,NA,NA,Yes,Yes,Yes,Provided & Relevant,NA,NA,NA,NA,NA,NA,NA,NA,NA,NA,NA,NA,Saved,Saved,Successfully Identified as Duplicate,Yes,Pass,No Defect,,NIL,Good to go. No issues.,Expected Output,,,
TL-2599,2026-06-25,Dhaarani S,GDB,0.1,NIL,Web App,English,1f170a63-b627-6ebd-8005-00aacfc86bc2,What is Fusarium wilt in okra and how can it be managed effectively in Uttar Pradesh?,Disease Management,"6/25/2026, 8:27:41 PM","6/25/2026, 8:27:48 PM",7 s,Within SLA,Yes,Well Framed,English,English,Correct,NA,Correctly Tagged as Duplicate,NA,Shivendra Pratap Singh,NA,NA,NA,NA,NA,NA,NA,NA,NA,NA,NA,NA,NA,NA,NA,NA,NA,NA,NA,NA,NA,NA,NA,NA,NA,NA,NA,NA,Yes,Yes,Yes,Provided & Relevant,NA,NA,NA,NA,Yes,Yes,Clear,Clear,NA,NA,NA,NA,Saved,Saved,Successfully Identified as Duplicate,Yes,Pass,No Defect,,NIL,Good to go. No issues.,Expected Output,,,
TL-2600,2026-06-25,Dhaarani S,GDB,0.1,NIL,WhatsApp,English,1f170a6a-35eb-6b7e-8067-c9bcd0ab5eed,What is Fusarium wilt in okra and how can it be managed effectively in Uttar Pradesh?,Disease Management,"6/25/2026, 8:30:31 PM","6/25/2026, 8:30:43 PM",12 s,Within SLA,Yes,Well Framed,English,English,Correct,NA,Correctly Tagged as Duplicate,NA,Shivendra Pratap Singh,NA,NA,NA,NA,NA,NA,NA,NA,NA,NA,NA,NA,NA,NA,NA,NA,NA,NA,NA,NA,NA,NA,NA,NA,NA,NA,NA,NA,Yes,Yes,Yes,Provided & Relevant,NA,NA,NA,NA,NA,NA,NA,NA,NA,NA,NA,NA,Saved,Saved,Successfully Identified as Duplicate,Yes,Pass,No Defect,,NIL,Good to go. No issues.,Expected Output,,,
TL-2601,2026-06-25,Dhaarani S,GDB,0.1,NIL,Web App,English,1f170a74-94d7-6d4e-8005-2e96ea7f5e56,How do I control flying pests in Okra (Bhindi) crops in Uttar Pradesh?,Insect–Pest Management,"6/25/2026, 8:35:09 PM","6/25/2026, 8:35:21 PM",11 s,Within SLA,Yes,Well Framed,English,English,Correct,NA,Correctly Tagged as Duplicate,NA,Akhil Kumar,NA,NA,NA,NA,NA,NA,NA,NA,NA,NA,NA,NA,NA,NA,NA,NA,NA,NA,NA,NA,NA,NA,NA,NA,NA,NA,NA,NA,Yes,Yes,Yes,Provided & Relevant,NA,NA,NA,NA,Yes,Yes,Clear,Clear,NA,NA,NA,NA,Saved,Saved,Successfully Identified as Duplicate,Yes,Pass,No Defect,,NIL,Good to go. No issues.,Expected Output,,,
TL-2602,2026-06-25,Dhaarani S,GDB,0.1,NIL,WhatsApp,English,1f170a7d-94aa-648c-806f-46c97da7bb7d,How do I control flying pests in Okra (Bhindi) crops in Uttar Pradesh?,Insect–Pest Management,"6/25/2026, 8:39:11 PM","6/25/2026, 8:39:23 PM",12 s,Within SLA,Yes,Well Framed,English,English,Correct,NA,Correctly Tagged as Duplicate,NA,Akhil Kumar,NA,NA,NA,NA,NA,NA,NA,NA,NA,NA,NA,NA,NA,NA,NA,NA,NA,NA,NA,NA,NA,NA,NA,NA,NA,NA,NA,NA,Yes,Yes,Yes,Provided & Relevant,NA,NA,NA,NA,NA,NA,NA,NA,NA,NA,NA,NA,Saved,Saved,Successfully Identified as Duplicate,Yes,Pass,No Defect,,NIL,Good to go. No issues.,Expected Output,,,
TL-2605,2026-06-25,Dhaarani S,GDB,0.1,NIL,Web App,English,1f170a9d-5828-6393-8005-01bdc8c7cf02,What are the best practices for pre-emergence weed control in maize crop in Uttar Pradesh?,Weed Management,"6/25/2026, 8:53:27 PM","6/25/2026, 8:53:35 PM",8 s,Within SLA,Yes,Well Framed,English,English,Correct,NA,Correctly Tagged as Duplicate,NA,Rajwant Kaur,NA,NA,NA,NA,NA,NA,NA,NA,NA,NA,NA,NA,NA,NA,NA,NA,NA,NA,NA,NA,NA,NA,NA,NA,NA,NA,NA,NA,Yes,Yes,Yes,Provided & Relevant,NA,NA,NA,NA,Yes,Yes,Clear,Clear,NA,NA,NA,NA,Saved,Saved,Successfully Identified as Duplicate,Yes,Pass,No Defect,,NIL,Good to go. No issues.,Expected Output,,,
TL-2606,2026-06-25,Dhaarani S,GDB,0.1,NIL,WhatsApp,English,1f170aad-c6ac-6f7e-807d-c9d1d90cca84,What are the best practices for pre-emergence weed control in maize crop in Uttar Pradesh?,Weed Management,"6/25/2026, 9:00:40 PM","6/25/2026, 9:00:56 PM",16 s,Within SLA,Yes,Well Framed,English,English,Correct,NA,Correctly Tagged as Duplicate,NA,Rajwant Kaur,NA,NA,NA,NA,NA,NA,NA,NA,NA,NA,NA,NA,NA,NA,NA,NA,NA,NA,NA,NA,NA,NA,NA,NA,NA,NA,NA,NA,Yes,Yes,Yes,Provided & Relevant,NA,NA,NA,NA,NA,NA,NA,NA,NA,NA,NA,NA,Saved,Saved,Successfully Identified as Duplicate,Yes,Pass,No Defect,,NIL,Good to go. No issues.,Expected Output,,,
TL-2607,2026-06-25,Dhaarani S,GDB,0.1,NIL,Web App,English,1f170b3e-2834-6cc9-8005-cfdf76d076b3,Why are the roots of maize rotting in Uttar Pradesh?,Disease Management,"6/25/2026, 10:05:21 PM","6/25/2026, 10:05:32 PM",11 s,Within SLA,Yes,Well Framed,English,English,Correct,NA,Correctly Tagged as Duplicate,NA,Ankit Jaiswal,NA,NA,NA,NA,NA,NA,NA,NA,NA,NA,NA,NA,NA,NA,NA,NA,NA,NA,NA,NA,NA,NA,NA,NA,NA,NA,NA,NA,Yes,Yes,Yes,Provided & Relevant,NA,NA,NA,NA,Yes,Yes,Clear,Clear,NA,NA,NA,NA,Saved,Saved,Successfully Identified as Duplicate,Yes,Pass,No Defect,,NIL,Good to go. No issues.,Expected Output,,,
TL-2608,2026-06-25,Dhaarani S,GDB,0.1,NIL,WhatsApp,English,1f170b3e-f8f2-68ab-8087-b888b25b0949,Why are the roots of maize rotting in Uttar Pradesh?,Disease Management,"6/25/2026, 10:05:41 PM","6/25/2026, 10:05:54 PM",13 s,Within SLA,Yes,Well Framed,English,English,Correct,NA,Correctly Tagged as Duplicate,NA,Ankit Jaiswal,NA,NA,NA,NA,NA,NA,NA,NA,NA,NA,NA,NA,NA,NA,NA,NA,NA,NA,NA,NA,NA,NA,NA,NA,NA,NA,NA,NA,Yes,Yes,Yes,Provided & Relevant,NA,NA,NA,NA,NA,NA,NA,NA,NA,NA,NA,NA,Saved,Saved,Successfully Identified as Duplicate,Yes,Pass,No Defect,,NIL,Good to go. No issues.,Expected Output,,,
TL-2609,2026-06-25,Dhaarani S,GDB,0.1,NIL,Web App,English,1f170b4d-775e-61f1-8005-618340c7a708,Why is the maize cob drying up in Uttar Pradesh?,Plant protection,"6/25/2026, 10:12:07 PM","6/25/2026, 10:12:23 PM",16 s,Within SLA,Yes,Well Framed,English,English,Correct,NA,Correctly Tagged as Duplicate,NA,Salim Sahaji,NA,NA,NA,NA,NA,NA,NA,NA,NA,NA,NA,NA,NA,NA,NA,NA,NA,NA,NA,NA,NA,NA,NA,NA,NA,NA,NA,NA,Yes,Yes,Yes,Provided & Relevant,NA,NA,NA,NA,Yes,Yes,Clear,Clear,NA,NA,NA,NA,Saved,Saved,Successfully Identified as Duplicate,Yes,Pass,No Defect,,NIL,The answers were not properly written and not readable. Need to improve the answers.,Anomaly Found in Output,,,
TL-2610,2026-06-25,Dhaarani S,GDB,0.1,NIL,WhatsApp,English,1f170b5b-6c04-6db0-8090-3f5f4d6d2cc3,Why is the maize cob drying up in Uttar Pradesh?,Plant protection,"6/25/2026, 10:18:24 PM","6/25/2026, 10:18:38 PM",14 s,Within SLA,Yes,Well Framed,English,English,Correct,NA,Correctly Tagged as Duplicate,NA,Salim Sahaji,NA,NA,NA,NA,NA,NA,NA,NA,NA,NA,NA,NA,NA,NA,NA,NA,NA,NA,NA,NA,NA,NA,NA,NA,NA,NA,NA,NA,Yes,Yes,Yes,Provided & Relevant,NA,NA,NA,NA,NA,NA,NA,NA,NA,NA,NA,NA,Saved,Saved,Successfully Identified as Duplicate,Yes,Pass,No Defect,,NIL,The answers were not properly written and not readable. Need to improve the answers.,Anomaly Found in Output,,,
TL-2611,2026-06-25,Dhaarani S,GDB,0.1,NIL,Web App,English,1f170b6c-a733-6a91-8005-2da6a7f1c9e1,How can I manage sucking pests and bollworm infestations in maize in Uttar Pradesh?,Insect–Pest Management,"6/25/2026, 10:26:09 PM","6/25/2026, 10:26:20 PM",11 s,Within SLA,Yes,Well Framed,English,English,Correct,NA,Correctly Tagged as Duplicate,NA,Shivendra Pratap Singh,NA,NA,NA,NA,NA,NA,NA,NA,NA,NA,NA,NA,NA,NA,NA,NA,NA,NA,NA,NA,NA,NA,NA,NA,NA,NA,NA,NA,Yes,Yes,Yes,Provided & Relevant,NA,NA,NA,NA,Yes,Yes,Clear,Clear,NA,NA,NA,NA,Saved,Saved,Successfully Identified as Duplicate,Yes,Pass,No Defect,,NIL,Good to go. No issues.,Expected Output,,,
TL-2612,2026-06-25,Dhaarani S,GDB,0.1,NIL,WhatsApp,English,1f170b72-5fc8-6e0a-8099-e6309f322a0a,How can I manage sucking pests and bollworm infestations in maize in Uttar Pradesh?,Insect–Pest Management,"6/25/2026, 10:28:39 PM","6/25/2026, 10:28:54 PM",15 s,Within SLA,Yes,Well Framed,English,English,Correct,NA,Correctly Tagged as Duplicate,NA,Shivendra Pratap Singh,NA,NA,NA,NA,NA,NA,NA,NA,NA,NA,NA,NA,NA,NA,NA,NA,NA,NA,NA,NA,NA,NA,NA,NA,NA,NA,NA,NA,Yes,Yes,Yes,Provided & Relevant,NA,NA,NA,NA,NA,NA,NA,NA,NA,NA,NA,NA,Saved,Saved,Successfully Identified as Duplicate,Yes,Pass,No Defect,,NIL,Good to go. No issues.,Expected Output,,,
TL-2614,2026-06-25,K. Deni Sudha,GDB,0.1,NIL,Web App,English,1f170b3a-752c-69c4-8005-2460dd7fcaa5,What should I do if maize plants become thick/dense (excessive vegetative growth) in Uttar Pradesh?,Cultural and Crop Management Practices,22:03:00,22:03:53,0.9,Within SLA,Successfully Identified as Duplicate,Well Framed,English,English,Correct,NIL,Correctly Tagged as Duplicate,NA,NA,NA,NA,NA,NA,NA,NA,NA,NA,NA,NA,NA,NA,NA,NA,NA,NA,NA,NA,NA,NA,NA,NA,NA,NA,NA,NA,NA,Successfully Identified as Duplicate/Dynamic,Yes,Yes,Yes,Provided & Relevant,Successfully Identified as Duplicate,NA,NA,NA,Yes,Yes,Clear,Clear,NIL,NA,NA,NA,Saved,Saved,Successfully Identified as Duplicate,NA,Pass,No Defect,NIL,NIL,Correctly identified as duplicate.,Expected Output,,,
TL-2616,2026-06-25,K. Deni Sudha,GDB,0.1,NIL,Web App,English,1f170b6b-1c6c-6633-8005-1e1babd17361,How can I effectively manage aphid infestation in my maize crop in Uttar Pradesh?,Insect–Pest Management,22:25:00,22:25:39,0.6,Within SLA,Successfully Identified as Duplicate,Well Framed,English,English,Correct,NIL,Correctly Tagged as Duplicate,NA,NA,NA,NA,NA,NA,NA,NA,NA,NA,NA,NA,NA,NA,NA,NA,NA,NA,NA,NA,NA,NA,NA,NA,NA,NA,NA,NA,NA,Successfully Identified as Duplicate/Dynamic,Yes,Yes,Yes,Provided & Relevant,Successfully Identified as Duplicate,NA,NA,NA,Yes,Yes,Clear,Clear,NIL,NA,NA,NA,Saved,Saved,Successfully Identified as Duplicate,NA,Pass,No Defect,NIL,NIL,Correctly identified as duplicate.,Expected Output,,,
TL-2617,2026-06-25,K. Deni Sudha,GDB,0.1,NIL,Web App,English,1f170b77-29be-6461-8005-d906ee4e19ff,How can I effectively control corn worm (Fall Armyworm) in maize crops in Uttar Pradesh?,Insect–Pest Management,22:31:00,22:31:02,0.0,Within SLA,Successfully Identified as Duplicate,Well Framed,English,English,Correct,NIL,Correctly Tagged as Duplicate,NA,NA,NA,NA,NA,NA,NA,NA,NA,NA,NA,NA,NA,NA,NA,NA,NA,NA,NA,NA,NA,NA,NA,NA,NA,NA,NA,NA,NA,Successfully Identified as Duplicate/Dynamic,Yes,Yes,Yes,Provided & Relevant,Successfully Identified as Duplicate,NA,NA,NA,Yes,Yes,Clear,Clear,NIL,NA,NA,NA,Saved,Saved,Successfully Identified as Duplicate,NA,Pass,No Defect,NIL,NIL,Correctly identified as duplicate. The answer structure should be improved a bit.,Expected Output,,,
TL-2618,2026-06-25,K. Deni Sudha,GDB,0.1,NIL,Web App,English,1f170b83-1422-6da1-8005-cef612d39ba1,How do I identify and manage caseworm infestation in maize in Uttar Pradesh?,Insect–Pest Management,22:36:00,22:36:22,0.4,Within SLA,Successfully Identified as Duplicate,Well Framed,English,English,Correct,NIL,Correctly Tagged as Duplicate,NA,NA,NA,NA,NA,NA,NA,NA,NA,NA,NA,NA,NA,NA,NA,NA,NA,NA,NA,NA,NA,NA,NA,NA,NA,NA,NA,NA,NA,Successfully Identified as Duplicate/Dynamic,Yes,Yes,Yes,Provided & Relevant,Successfully Identified as Duplicate,NA,NA,NA,Yes,Yes,Clear,Clear,NIL,NA,NA,NA,Saved,Saved,Successfully Identified as Duplicate,NA,Pass,No Defect,NIL,NIL,Correctly identified as duplicate.,Expected Output,,,
TL-2619,2026-06-25,K. Deni Sudha,GDB,0.1,NIL,Web App,English,1f170b90-bf20-6ec3-8005-5c8b6ce380ce,Information about Top Dressing of Tomato Crop in Uttar Pradesh,Soil Health and Nutrient Management,22:42:00,22:42:29,0.5,Within SLA,Successfully Identified as Duplicate,Well Framed,English,English,Correct,NIL,Correctly Tagged as Duplicate,NA,NA,NA,NA,NA,NA,NA,NA,NA,NA,NA,NA,NA,NA,NA,NA,NA,NA,NA,NA,NA,NA,NA,NA,NA,NA,NA,NA,NA,Successfully Identified as Duplicate/Dynamic,Yes,Yes,Yes,Provided & Relevant,Successfully Identified as Duplicate,NA,NA,NA,Yes,Yes,Clear,Clear,NIL,NA,NA,NA,Saved,Saved,Successfully Identified as Duplicate,NA,Pass,No Defect,NIL,NIL,Correctly identified as duplicate.,Expected Output,,,
TL-2620,2026-06-25,K. Deni Sudha,GDB,0.1,NIL,Web App,English,1f170b9e-63e9-6ceb-8005-540c69390c03,What are the best practices for soil treatment in Uttar Pradesh tomato cultivation?,Soil Health and Nutrient Management,22:48:00,22:48:35,0.6,Within SLA,Successfully Identified as Duplicate,Well Framed,English,English,Correct,NIL,Correctly Tagged as Duplicate,NA,NA,NA,NA,NA,NA,NA,NA,NA,NA,NA,NA,NA,NA,NA,NA,NA,NA,NA,NA,NA,NA,NA,NA,NA,NA,NA,NA,NA,Successfully Identified as Duplicate/Dynamic,Yes,Yes,Yes,Provided & Relevant,Successfully Identified as Duplicate,NA,NA,NA,Yes,Yes,Clear,Clear,NIL,NA,NA,NA,Saved,Saved,Successfully Identified as Duplicate,NA,Pass,No Defect,NIL,NIL,Correctly identified as duplicate.,Expected Output,,,
TL-2621,2026-06-25,K. Deni Sudha,GDB,0.1,NIL,Web App,English,1f170bc5-c16b-6cde-8005-dda8b3dd6f8f,"When planting tomato plants, how should I treat the plants and the soil in Uttar pradesh?",Cultural and Crop Management Practices,23:06:00,23:06:12,0.2,Not Applicable,Successfully Identified as Duplicate,Well Framed,English,English,Correct,NIL,Correctly Tagged as Duplicate,NA,NA,NA,NA,NA,NA,NA,NA,NA,NA,NA,NA,NA,NA,NA,NA,NA,NA,NA,NA,NA,NA,NA,NA,NA,NA,NA,NA,NA,Successfully Identified as Duplicate/Dynamic,Partially Correct,Yes,Yes,Provided & Relevant,Successfully Identified as Duplicate,NA,NA,NA,Yes,Yes,Clear,Clear,NIL,NA,NA,NA,Saved,Saved,Successfully Identified as Duplicate,NA,Fail,High,NIL,NIL,Chose wrong reference question and answer.,Anomaly Found in Output,,,
TL-2622,2026-06-25,K. Deni Sudha,GDB,0.1,NIL,Web App,English,1f170bd0-2d09-63b6-8005-042c8e9254e2,Which vegetables can be grown in the kitchen at this time in Uttar pradesh?,Horticulture & allied agriculture,23:10:00,23:10:52,0.9,Within SLA,Successfully Identified as Duplicate,Well Framed,English,English,Correct,NIL,Correctly Tagged as Duplicate,NA,NA,NA,NA,NA,NA,NA,NA,NA,NA,NA,NA,NA,NA,NA,NA,NA,NA,NA,NA,NA,NA,NA,NA,NA,NA,NA,NA,NA,Successfully Identified as Duplicate/Dynamic,Yes,Yes,Yes,Provided & Relevant,Successfully Identified as Duplicate,NA,NA,NA,Yes,Yes,Clear,Clear,NIL,NA,NA,NA,Saved,Saved,Successfully Identified as Duplicate,NA,Pass,No Defect,NIL,NIL,Correctly identified as duplicate.,Expected Output,,,
TL-2623,2026-06-25,K. Deni Sudha,GDB,0.1,NIL,Web App,English,1f170be0-4adb-6dc2-8005-651dc9828664,Information about Rotting control in Tomato crop...in Uttar pradesh?,Plant protection,23:18:00,23:18:04,0.1,Within SLA,Successfully Identified as Duplicate,Well Framed,English,English,Correct,NIL,Correctly Tagged as Duplicate,NA,NA,NA,NA,NA,NA,NA,NA,NA,NA,NA,NA,NA,NA,NA,NA,NA,NA,NA,NA,NA,NA,NA,NA,NA,NA,NA,NA,NA,Successfully Identified as Duplicate/Dynamic,Yes,Yes,Yes,Provided & Relevant,Successfully Identified as Duplicate,NA,NA,NA,Yes,Yes,Clear,Clear,NIL,NA,NA,NA,Saved,Saved,Successfully Identified as Duplicate,NA,Pass,No Defect,NIL,NIL,Correctly identified as duplicate.,Expected Output,,,
TL-2624,2026-06-25,K. Deni Sudha,GDB,0.1,NIL,Web App,English,1f170c00-01f2-6c7b-8005-48901394e029,Tomato me jhulsa in Uttar pradesh?,Plant protection,23:32:00,23:32:16,0.3,Within SLA,Successfully Identified as Duplicate,Well Framed,Hindi,English,Correct,NIL,Correctly Tagged as Duplicate,NA,NA,NA,NA,NA,NA,NA,NA,NA,NA,NA,NA,NA,NA,NA,NA,NA,NA,NA,NA,NA,NA,NA,NA,NA,NA,NA,NA,NA,Successfully Identified as Duplicate/Dynamic,Yes,Yes,Yes,Provided & Relevant,Successfully Identified as Duplicate,NA,NA,NA,Yes,Yes,Clear,Clear,NIL,NA,NA,NA,Saved,Saved,Successfully Identified as Duplicate,NA,Pass,No Defect,NIL,NIL,Correctly identified as duplicate.,Expected Output,,,
TL-2625,2026-06-25,K. Deni Sudha,GDB,0.1,NIL,Web App,English,1f170c12-d5ee-6e26-8005-db8939e8fc2f,Tomato leaf curl virus in Uttar Pradesh tomatoes,Plant protection,23:40:00,23:40:41,0.7,Within SLA,Successfully Identified as Duplicate,Well Framed,English,English,Correct,NIL,Correctly Tagged as Duplicate,NA,NA,NA,NA,NA,NA,NA,NA,NA,NA,NA,NA,NA,NA,NA,NA,NA,NA,NA,NA,NA,NA,NA,NA,NA,NA,NA,NA,NA,Successfully Identified as Duplicate/Dynamic,Yes,Yes,Yes,Provided & Relevant,Successfully Identified as Duplicate,NA,NA,NA,Yes,Yes,Clear,Clear,NIL,NA,NA,NA,Saved,Saved,Successfully Identified as Duplicate,NA,Pass,No Defect,NIL,NIL,Correctly identified as duplicate.,Expected Output,,,
TL-2626,2026-06-25,K. Deni Sudha,GDB,0.1,NIL,Web App,English,1f170c1b-6b64-6d39-8005-5c78280b25e4,Leaf curl has appeared on my tomato plants in Uttar pradesh.,Plant protection,23:44:00,23:44:32,0.5,Within SLA,Successfully Identified as Duplicate,Well Framed,English,English,Correct,NIL,Correctly Tagged as Duplicate,NA,NA,NA,NA,NA,NA,NA,NA,NA,NA,NA,NA,NA,NA,NA,NA,NA,NA,NA,NA,NA,NA,NA,NA,NA,NA,NA,NA,NA,Successfully Identified as Duplicate/Dynamic,Yes,Yes,Yes,Provided & Relevant,Successfully Identified as Duplicate,NA,NA,NA,Yes,Yes,Clear,Clear,NIL,NA,NA,NA,Saved,Saved,Successfully Identified as Duplicate,NA,Pass,No Defect,NIL,NIL,Correctly identified as duplicate.,Expected Output,,,
TL-2749,2026-06-26,Ithagani Shireesha,GDB,0.1,NIL,Web App,English,1f1715b7-2944-6de0-8004-6edfce9a756c,"Provide information for Early and Late Blight, Leaf Spot, Anthracnose, and Fruit Rot disease control in Tomato crop.",Disease Management,18:04:00,18:05:00,1.0,Within SLA,Yes,Well Framed,Telugu,Telugu,Correct,NIL,Correctly Tagged as Duplicate,NO,No,NA,NA,NA,NA,NA,NA,NA,NA,NA,NA,NA,NA,NA,NA,NA,NA,NA,NA,NA,NA,NA,NA,NA,NA,NA,NA,NA,Successfully Identified as Duplicate/Dynamic,Yes,No,NA,No,NA,Not Received,NA,NA,Yes,Yes,Clear,Clear,Goodoutput and input,NA,NA,NA,Yes,Saved,Successfully Identified as Duplicate,NA,Fail,High,Nil,NIL,"No author , No source provided , Asked question in telugu given answer in english",,,,
TL-2750,2026-06-26,Ithagani Shireesha,GDB,0.1,NIL,Web App,English,1f1715f2-5058-6229-8005-c48a770e1914,How can I control fruit borers in my tomato crop?,Insect–Pest Management,18:30:00,18:31:28,1.28sec,Within SLA,Yes,Well Framed,Telugu,Telugu,Correct,NIL,Correctly Tagged as Duplicate,yes,Likitha Gantla,NA,NA,NA,NA,NA,NA,NA,NA,NA,NA,NA,NA,NA,NA,NA,NA,NA,NA,NA,NA,NA,NA,NA,NA,NA,NA,NA,Successfully Identified as Duplicate/Dynamic,Yes,Yes,Yes,Provided and relevant,NA,Not Received,NA,NA,Yes,Yes,Clear,Clear,Goodoutput and input,NA,NA,NA,Yes,Saved,Successfully Identified as Duplicate,NA,Pass,High,NIL,NIL,Good output but in webapplication is not showing immidiate response,,,,
TL-2751,2026-06-26,Ithagani Shireesha,GDB,0.1,NIL,Web App,English,1f171610-2380-6ba8-8005-95738d38e0fc,My tomato fruits are bursting. What could be the reason and how can I address this issue?,Disease Management,", 06:44 PM",18:44:48,48sec,Within SLA,Yes,Well Framed,Telugu,Telugu,Correct,NIL,Correctly Tagged as Duplicate,yes,Satarupa Saha,NA,NA,NA,NA,NA,NA,NA,NA,NA,NA,NA,NA,NA,NA,NA,NA,NA,NA,NA,NA,NA,NA,NA,NA,NA,NA,NA,Successfully Identified as Duplicate/Dynamic,Yes,Yes,Yes,Provided and relevant,NA,Not Received,NA,NA,Yes,Yes,Clear,Clear,Goodoutput and input,NA,NA,NA,Yes,Saved,Successfully Identified as Duplicate,NA,Pass,High,NIL,NIL,Good output but in webapplication is not showing immidiate response,,,,
TL-2752,2026-06-26,Ithagani Shireesha,GDB,0.1,NIL,Web App,English,1f171610-2380-6ba8-8005-95738d38e0fc,Information about Tomato leaves scorching disease in Tomato,Disease Management,18:50,18:53:16,16sec,Within SLA,Yes,Well Framed,Telugu,Telugu,Correct,NIL,Correctly Tagged as Duplicate,yes,Kavya Ponugoti,NA,NA,NA,NA,NA,NA,NA,NA,NA,NA,NA,NA,NA,NA,NA,NA,NA,NA,NA,NA,NA,NA,NA,NA,NA,NA,NA,Successfully Identified as Duplicate/Dynamic,Yes,Yes,Yes,Provided and relevant,NA,Not Received,NA,NA,Yes,Yes,Clear,Clear,Goodoutput and input,NA,NA,NA,Yes,Saved,Successfully Identified as Duplicate,NA,Pass,High,NIL,NIL,Good output but in webapplication is not showing immidiate response,,,,
TL-2753,2026-06-26,Ithagani Shireesha,GDB,0.1,NIL,Web App,English,1f171651-1469-6f2a-8005-430a0fd9502c,Provide information on the best time for transplanting tomato plants and the recommended fertilizers to use.,Seed and Variety Selection,19:15:00,19:13:52,52sec,Within SLA,Yes,Well Framed,English,English,Correct,NIL,Correctly Tagged as Duplicate,yes,Pallavi J P,NA,NA,NA,NA,NA,NA,NA,NA,NA,NA,NA,NA,NA,NA,NA,NA,NA,NA,NA,NA,NA,NA,NA,NA,NA,NA,NA,Successfully Identified as Duplicate/Dynamic,Yes,Yes,Yes,Provided and relevant,NA,Not Received,NA,NA,Yes,Yes,Clear,Clear,Goodoutput and input,NA,NA,NA,Yes,Saved,Successfully Identified as Duplicate,NA,Pass,High,NIL,NIL,Good output in english but same question asking in the telugu webapplication not taking correct terms,,,,
TL-2754,2026-06-26,Ithagani Shireesha,GDB,0.1,NIL,Web App,English,1f171681-bf78-6e89-8005-c483110651ee,Provide information on the care and management of Uttar Pradesh tomato plants in uttarpradesh ?,Cultural and Crop Management Practices,19:35:00,19:35:38,38sec,Within SLA,Yes,Well Framed,English,English,Correct,NIL,Correctly Tagged as Duplicate,yes,Ravindra Prasad,NA,NA,NA,NA,NA,NA,NA,NA,NA,NA,NA,NA,NA,NA,NA,NA,NA,NA,NA,NA,NA,NA,NA,NA,NA,NA,NA,Successfully Identified as Duplicate/Dynamic,Yes,Yes,Yes,Provided and relevant,NA,Not Received,NA,NA,Yes,Yes,Clear,Clear,Goodoutput and input,NA,NA,NA,Yes,Saved,Successfully Identified as Duplicate,NA,Pass,High,NIL,NIL,Goodoutput,,,,
TL-2755,2026-06-26,Ithagani Shireesha,GDB,0.1,NIL,Web App,English,1f171692-f380-606c-8005-248b0a9de13b,What are the best practices for root treatment in the Tomato crop in uttarpradesh?,Disease Management,19:43:00,19:43:20,20sec,Within SLA,Yes,Well Framed,English,English,Correct,NIL,Correctly Tagged as Duplicate,yes,Dheeraj Sharma,NA,NA,NA,NA,NA,NA,NA,NA,NA,NA,NA,NA,NA,NA,NA,NA,NA,NA,NA,NA,NA,NA,NA,NA,NA,NA,NA,Successfully Identified as Duplicate/Dynamic,Yes,Yes,Yes,Provided and relevant,NA,Not Received,NA,NA,Yes,Yes,Clear,Clear,Goodoutput and input,NA,NA,NA,Yes,Saved,Successfully Identified as Duplicate,NA,Pass,High,NIL,NIL,Goodoutput,,,,
TL-2757,2026-06-26,Ithagani Shireesha,GDB,0.1,NIL,Web App,English,1f171623-0de8-674d-8005-352cc8d05c7d,The leaves and stems of my tomato plants are burning. What could be the issue?,Soil Health and Nutrient Management,18:51:00,18:53:16,16sec,Within SLA,Yes,Well Framed,English,English,Correct,NIL,Correctly Tagged as Duplicate,yes,Kavya Ponugoti,NA,NA,NA,NA,NA,NA,NA,NA,NA,NA,NA,NA,NA,NA,NA,NA,NA,NA,NA,NA,NA,NA,NA,NA,NA,NA,NA,Successfully Identified as Duplicate/Dynamic,Yes,Yes,Yes,Provided and relevant,NA,Not Received,NA,NA,Yes,Yes,Clear,Clear,Goodoutput and input,NA,NA,NA,Yes,Saved,Successfully Identified as Duplicate,NA,Pass,High,NIL,NIL,Goodoutput,,,,
TL-2758,2026-06-26,Ithagani Shireesha,GDB,0.1,NIL,Web App,English,1f1716e2-3d24-6a6c-8005-424645956050,Tomato Early and Late Blight and Bacterial Spot Problem IN UTTARPRADESH,Disease Management,20:18:00,20:18:48,48sec,Within SLA,Yes,Well Framed,English,English,Correct,NIL,Correctly Tagged as Duplicate,yes,Aditi Dhadwal,NA,NA,NA,NA,NA,NA,NA,NA,NA,NA,NA,NA,NA,NA,NA,NA,NA,NA,NA,NA,NA,NA,NA,NA,NA,NA,NA,Successfully Identified as Duplicate/Dynamic,Yes,Yes,Yes,Provided and relevant,NA,Not Received,NA,NA,Yes,Yes,Clear,Clear,Goodoutput and input,NA,NA,NA,Yes,Saved,Successfully Identified as Duplicate,NA,Pass,High,NIL,NIL,Goodoutput,,,,
TL-2774,2026-06-27,K. Deni Sudha,GDB,0.1,NIL,Web App,English,1f171ca6-c7e5-6fc4-8005-1b4685149b2d,The leaves of the tomato plant are drying in Uttar Pradesh.,Plant protection,07:19:00,07:19:24,0.4,Within SLA,Successfully Identified as Duplicate,Well Framed,English,English,Correct,NIL,Correctly Tagged as Duplicate,Correctly Tagged as Duplicate,NA,NA,NA,NA,NA,NA,NA,NA,NA,NA,NA,NA,NA,NA,NA,NA,NA,NA,NA,NA,NA,NA,NA,NA,NA,NA,NA,NA,Successfully Identified as Duplicate/Dynamic,Partially Correct,Yes,Yes,Provided & Relevant,Successfully Identified as Duplicate,NA,NA,NA,Yes,Yes,Clear,Clear,NIL,NA,NA,NA,Saved,Saved,Successfully Identified as Duplicate,NA,Fail,High,,NIL,There is a exact question without state name in GDB but the system took different question as reference.,Anomaly Found in Output,,,
TL-2775,2026-06-27,K. Deni Sudha,GDB,0.1,NIL,Web App,English,1f171cb6-a62b-60e8-8005-b4a903b9e6aa,Tomato plants in the flowering stage are showing signs of blossom end rot. What should be done in Uttar Pradesh?,Plant protection,07:26:00,10:10:16,164.3,Not Applicable,Successfully Identified as Duplicate,Well Framed,English,English,Correct,NIL,Correctly Tagged as Duplicate,Correctly Tagged as Duplicate,NA,NA,NA,NA,NA,NA,NA,NA,NA,NA,NA,NA,NA,NA,NA,NA,NA,NA,NA,NA,NA,NA,NA,NA,Anjali Chauhan,NA,10:10:16 AM,10.0,Successfully Identified as Duplicate/Dynamic,Yes,Yes,Yes,Provided & Relevant,Successfully Identified as Duplicate,NA,NA,NA,Yes,Yes,Clear,Clear,NIL,NA,NA,NA,Saved,Saved,Successfully Identified as Duplicate,NA,Pass,No Defect,NIL,NIL,Duplicate question.,Expected Output,,,
TL-2776,2026-06-27,K. Deni Sudha,GDB,0.1,NIL,Web App,English,1f171d49-93d7-6000-8005-18ee19904a7f,Mosaic in tomato in Uttar Pradesh,Plant protection,08:32:00,10:36:24,124.4,Not Applicable,Successfully Identified as Duplicate,Well Framed,English,English,Correct,NIL,Correctly Tagged as Duplicate,Correctly Tagged as Duplicate,Mini Mahajan,NA,NA,NA,NA,NA,NA,NA,NA,NA,NA,NA,NA,NA,NA,NA,NA,NA,NA,NA,NA,NA,NA,NA,Dheeraj Sharma,NA,10:36:24 AM,32.0,Successfully Identified as Duplicate/Dynamic,Yes,Yes,Yes,Provided & Relevant,Successfully Identified as Duplicate,NA,NA,NA,Yes,Yes,Clear,Clear,NIL,NA,NA,NA,Saved,Saved,Successfully Identified as Duplicate,NA,Pass,No Defect,NIL,NIL,Duplicate question.,Expected Output,,,
TL-2777,2026-06-27,K. Deni Sudha,GDB,0.1,NIL,Web App,English,1f171da4-e74e-6538-8005-f954550ebd00,What to spray for fruits and flowers in Tomato crop in Uttar Pradesh?,Cultural and Crop Management Practices,09:13:00,10:40:13,87.2,Not Applicable,Successfully Identified as Duplicate,Well Framed,English,English,Correct,NIL,Correctly Tagged as Duplicate,Correctly Tagged as Duplicate,Aditya Kumar,NA,NA,NA,NA,NA,NA,NA,NA,NA,NA,NA,NA,NA,NA,NA,NA,NA,NA,NA,NA,NA,NA,NA,Kavya Ponugoti,NA,10:40:13 AM,28.0,Successfully Identified as Duplicate/Dynamic,Yes,Yes,Yes,Provided & Relevant,Successfully Identified as Duplicate,NA,NA,NA,Yes,Yes,Clear,Clear,NIL,NA,NA,NA,Saved,Saved,Successfully Identified as Duplicate,NA,Pass,No Defect,NIL,NIL,There is a exact question without state name in GDB but the system took different question as reference.,Anomaly Found in Output,,,
TL-2778,2026-06-27,K. Deni Sudha,GDB,0.1,NIL,Web App,English,1f17202a-fbbd-6e9b-8005-3e25368e26ac,Information about why tomato leaves are yellow and the roots are red in Uttar Pradesh,Plant protection,14:01:00,14:02:08,1.1,Within SLA,Successfully Identified as Duplicate,Well Framed,English,English,Correct,NIL,Correctly Tagged as Duplicate,Correctly Tagged as Duplicate,Likitha Gantla,NA,NA,NA,NA,NA,NA,NA,NA,NA,NA,NA,NA,NA,NA,NA,NA,NA,NA,NA,NA,NA,NA,NA,NA,NA,NA,NA,Successfully Identified as Duplicate/Dynamic,Yes,Yes,Yes,Provided & Relevant,Successfully Identified as Duplicate,NA,NA,NA,Yes,Yes,Clear,Clear,NIL,NA,NA,NA,Saved,Saved,Successfully Identified as Duplicate,NA,Pass,No Defect,NIL,NIL,"Duplicate question. Pushed the question in webapp in english, but by default answer was translated to hindi.
",Expected Output,,,
TL-2779,2026-06-27,K. Deni Sudha,GDB,0.1,NIL,Web App,English,1f172047-f4fb-61e1-8005-e19e4e500d36,Plant protection in tomato when the fruits turn black and leaves become yellow in Uttar Pradesh,Plant protection,14:14:00,14:15:06,1.1,Within SLA,Successfully Identified as Duplicate,Well Framed,English,English,Correct,NIL,Correctly Tagged as Duplicate,Correctly Tagged as Duplicate,Girishma Gonnabathula,NA,NA,NA,NA,NA,NA,NA,NA,NA,NA,NA,NA,NA,NA,NA,NA,NA,NA,NA,NA,NA,NA,NA,NA,NA,NA,NA,Successfully Identified as Duplicate/Dynamic,Yes,Yes,Yes,Provided & Relevant,Successfully Identified as Duplicate,NA,NA,NA,Yes,Yes,Clear,Clear,NIL,NA,NA,NA,Saved,Saved,Successfully Identified as Duplicate,NA,Pass,No Defect,NIL,NIL,"Duplicate question. Pushed the question in webapp in english, but by default answer was translated to hindi.
",Expected Output,,,
TL-2780,2026-06-27,K. Deni Sudha,GDB,0.1,NIL,Web App,English,1f172074-fff3-6eb8-8005-cd57dd0952d0,What are the best practices for nursery treatment of Tomato in Uttar Pradesh?,Cultural and Crop Management Practices,14:35:00,14:35:15,0.3,Within SLA,Successfully Identified as Duplicate,Well Framed,English,English,Correct,NIL,Correctly Tagged as Duplicate,Correctly Tagged as Duplicate,Ravindra Prasad,NA,NA,NA,NA,NA,NA,NA,NA,NA,NA,NA,NA,NA,NA,NA,NA,NA,NA,NA,NA,NA,NA,NA,NA,NA,NA,NA,Successfully Identified as Duplicate/Dynamic,Yes,Yes,Yes,Provided & Relevant,Successfully Identified as Duplicate,NA,NA,NA,Yes,Yes,Clear,Clear,NIL,NA,NA,NA,Saved,Saved,Successfully Identified as Duplicate,NA,Pass,No Defect,NIL,NIL,Duplicate question.,Expected Output,,,
TL-2834,2026-06-27,Lavanya Mathialagan,GDB,0.1,NIL,Web App,English,1f172191-0454-600c-8005-2c9e070905e5,When should maize be harvested in Uttar Pradesh?,Cultural and Crop Management Practices,16:42:00,16:42:19,19sec,Within SLA,Yes,Well Framed,English,English,Correct,NIL,Correctly Tagged as Duplicate,NA,NA,NA,NA,NA,NA,NA,NA,NA,NA,NA,NA,NA,NA,NA,NA,NA,NA,NA,NA,NA,NA,NA,NA,NA,NA,NA,NA,NA,NA,Yes,Yes,Yes,Provided & Relevant,NA,NA,NA,Yes,Yes,Yes,Clear,Clear,NIL,NA,NA,NA,Duplicate,Duplicate,Successfully Identified as Duplicate,Yes,Pass,No Defect,,NIL,Good to Go ,Expected Output,,,
TL-2835,2026-06-27,Lavanya Mathialagan,GDB,0.1,NIL,WhatsApp,English,1f172191-cde0-61dd-8005-d0328db6e390,When should maize be harvested in Uttar Pradesh?,Cultural and Crop Management Practices,16:42:00,16:42:40,40sec,Within SLA,Yes,Well Framed,English,English,Correct,NIL,Correctly Tagged as Duplicate,NA,NA,NA,NA,NA,NA,NA,NA,NA,NA,NA,NA,NA,NA,NA,NA,NA,NA,NA,NA,NA,NA,NA,NA,NA,NA,NA,NA,NA,NA,Yes,Yes,Yes,Provided & Relevant,NA,NA,NA,NA,NA,NA,NA,NA,NIL,NA,NA,NA,Duplicate,Duplicate,Successfully Identified as Duplicate,Yes,Pass,No Defect,,NIL,Good to Go ,Expected Output,,,
TL-2838,2026-06-27,Lavanya Mathialagan,GDB,0.1,NIL,Web App,English,1f1721c5-b416-6e1e-8005-65dd104bb606,What are the recommended seed treatment practices for maize crop in Uttar Pradesh?,Plant protection,17:05:00,17:05:54,54sec,Within SLA,Yes,Well Framed,English,English,Correct,NIL,Correctly Tagged as Duplicate,NA,NA,NA,NA,NA,NA,NA,NA,NA,NA,NA,NA,NA,NA,NA,NA,NA,NA,NA,NA,NA,NA,NA,NA,NA,NA,NA,NA,NA,NA,Yes,Yes,Yes,Provided & Relevant,NA,NA,NA,NA,Yes,Yes,Clear,Clear,NIL,NA,NA,NA,Duplicate,Duplicate,Successfully Identified as Duplicate,Yes,Pass,No Defect,,NIL,Good to Go ,Expected Output,,,
TL-2839,2026-06-27,Lavanya Mathialagan,GDB,0.1,NIL,WhatsApp,English,1f1721c6-3e75-6443-8013-5a82937a3cda,What are the recommended seed treatment practices for maize crop in Uttar Pradesh?,Plant protection,17:06:00,17:06:08,8sec,Within SLA,Yes,Well Framed,English,English,Correct,NIL,Correctly Tagged as Duplicate,NA,NA,NA,NA,NA,NA,NA,NA,NA,NA,NA,NA,NA,NA,NA,NA,NA,NA,NA,NA,NA,NA,NA,NA,NA,NA,NA,NA,NA,NA,Yes,Yes,Yes,Provided & Relevant,NA,NA,NA,NA,NA,NA,NA,NA,NIL,NA,NA,NA,Duplicate,Duplicate,Successfully Identified as Duplicate,Yes,Pass,No Defect,,NIL,Good to Go ,Expected Output,,,
TL-2840,2026-06-27,Lavanya Mathialagan,GDB,0.1,NIL,Web App,English,1f1721ce-1696-6cf6-8005-a7a8034eeacb,What is the appropriate application method and dosage for NPK 19:19:19 in maize cultivation in Uttar Pradesh?,Fertiliser use & availability,17:09:00,17:09:39,39sec,Within SLA,Yes,Well Framed,English,English,Correct,NIL,Correctly Tagged as Duplicate,NA,NA,NA,NA,NA,NA,NA,NA,NA,NA,NA,NA,NA,NA,NA,NA,NA,NA,NA,NA,NA,NA,NA,NA,NA,NA,NA,NA,NA,NA,Yes,Yes,Yes,Provided & Relevant,NA,NA,NA,NA,Yes,Yes,Clear,Clear,NIL,NA,NA,NA,Duplicate,Duplicate,Successfully Identified as Duplicate,Yes,Pass,No Defect,,NIL,Good to Go ,Expected Output,,,
TL-2841,2026-06-27,Lavanya Mathialagan,GDB,0.1,NIL,WhatsApp,English,1f1721ce-f6d6-641d-801a-0d61aec424cd,What is the appropriate application method and dosage for NPK 19:19:19 in maize cultivation in Uttar Pradesh?,Fertiliser use & availability,17:10:00,17:10:02,2sec,Within SLA,Yes,Well Framed,English,English,Correct,NIL,Correctly Tagged as Duplicate,NA,NA,NA,NA,NA,NA,NA,NA,NA,NA,NA,NA,NA,NA,NA,NA,NA,NA,NA,NA,NA,NA,NA,NA,NA,NA,NA,NA,NA,NA,Yes,Yes,Yes,Provided & Relevant,NA,NA,NA,NA,NA,NA,NA,NA,NIL,NA,NA,NA,Duplicate,Duplicate,Successfully Identified as Duplicate,Yes,Pass,No Defect,,NIL,Good to Go ,Expected Output,,,
TL-2842,2026-06-27,Lavanya Mathialagan,GDB,0.1,NIL,Web App,English,1f1721d5-6e3a-6ca9-8005-baba59fc1d52,How do I manage shoot fly (sundi) infestation in maize in Uttar Pradesh?,Insect–Pest Management,17:12:00,17:12:56,56sec,Within SLA,Yes,Well Framed,English,English,Correct,NIL,Correctly Tagged as Duplicate,NA,NA,NA,NA,NA,NA,NA,NA,NA,NA,NA,NA,NA,NA,NA,NA,NA,NA,NA,NA,NA,NA,NA,NA,NA,NA,NA,NA,NA,NA,Yes,Yes,Yes,Provided & Relevant,NA,NA,NA,NA,Yes,Yes,Clear,Clear,NIL,NA,NA,NA,Duplicate,Duplicate,Successfully Identified as Duplicate,Yes,Pass,No Defect,,NIL,Good to Go ,Expected Output,,,
TL-2843,2026-06-27,Lavanya Mathialagan,GDB,0.1,NIL,WhatsApp,English,1f1721d7-f03b-6d78-8022-84720d547e2f,How do I manage shoot fly (sundi) infestation in maize in Uttar Pradesh?,Insect–Pest Management,17:13:00,17:14:03,1m 3sec,Within SLA,Yes,Well Framed,English,English,Correct,NIL,Correctly Tagged as Duplicate,NA,NA,NA,NA,NA,NA,NA,NA,NA,NA,NA,NA,NA,NA,NA,NA,NA,NA,NA,NA,NA,NA,NA,NA,NA,NA,NA,NA,NA,NA,Yes,Yes,Yes,Provided & Relevant,NA,NA,NA,NA,NA,NA,NA,NA,NIL,NA,NA,NA,Duplicate,Duplicate,Successfully Identified as Duplicate,Yes,Pass,No Defect,,NIL,Good to Go ,Expected Output,,,
TL-2844,2026-06-27,Lavanya Mathialagan,GDB,0.1,NIL,Web App,English,1f1721e5-dd7b-651f-8005-12cad127ad37,What should I do if maize plants become thick/dense (excessive vegetative growth)?,Cultural and Crop Management Practices,17:20:00,17:20:17,17sec,Within SLA,Yes,Well Framed,English,English,Correct,NIL,Correctly Tagged as Duplicate,NA,NA,NA,NA,NA,NA,NA,NA,NA,NA,NA,NA,NA,NA,NA,NA,NA,NA,NA,NA,NA,NA,NA,NA,NA,NA,NA,NA,NA,NA,Yes,Yes,Yes,Provided & Relevant,NA,NA,NA,NA,Yes,Yes,Clear,Clear,NIL,NA,NA,NA,Duplicate,Duplicate,Successfully Identified as Duplicate,Yes,Pass,No Defect,,NIL,Good to Go ,Expected Output,,,
TL-2845,2026-06-27,Lavanya Mathialagan,GDB,0.1,NIL,WhatsApp,English,1f1721e5-dd7b-651f-8005-12cad127ad37,What should I do if maize plants become thick/dense (excessive vegetative growth)?,Cultural and Crop Management Practices,17:20:00,17:20:17,17sec,Within SLA,Yes,Well Framed,English,English,Correct,NIL,Correctly Tagged as Duplicate,NA,NA,NA,NA,NA,NA,NA,NA,NA,NA,NA,NA,NA,NA,NA,NA,NA,NA,NA,NA,NA,NA,NA,NA,NA,NA,NA,NA,NA,NA,Yes,Yes,Yes,Provided & Relevant,NA,NA,NA,NA,NA,NA,NA,NA,NIL,NA,NA,NA,Duplicate,Duplicate,Successfully Identified as Duplicate,Yes,Pass,No Defect,,NIL,Good to Go ,Expected Output,,,
TL-2846,2026-06-27,Lavanya Mathialagan,GDB,0.1,NIL,Web App,English,1f1721fd-21b7-6136-8005-c47f0d9ab32e,There are insects in the sugarcane shoot/whorl. What should I do in Uttar Pradesh?,Insect–Pest Management,17:30:00,17:30:41,41sec,Within SLA,Yes,Well Framed,English,English,Correct,NIL,Correctly Tagged as Duplicate,NA,NA,NA,NA,NA,NA,NA,NA,NA,NA,NA,NA,NA,NA,NA,NA,NA,NA,NA,NA,NA,NA,NA,NA,NA,NA,NA,NA,NA,NA,Yes,Yes,Yes,Provided & Relevant,NA,NA,NA,NA,Yes,Yes,Clear,Clear,NIL,NA,NA,NA,Duplicate,Duplicate,Successfully Identified as Duplicate,Yes,Pass,No Defect,,NIL,Good to Go ,Expected Output,,,
TL-2847,2026-06-27,Lavanya Mathialagan,GDB,0.1,NIL,WhatsApp,English,1f172244-a5da-61e7-8034-993ee22c7966,There are insects in the sugarcane shoot/whorl. What should I do in Uttar Pradesh?,Insect–Pest Management,18:02:00,18:02:41,41sec,Within SLA,Yes,Well Framed,English,English,Correct,NIL,Correctly Tagged as Duplicate,NA,NA,NA,NA,NA,NA,NA,NA,NA,NA,NA,NA,NA,NA,NA,NA,NA,NA,NA,NA,NA,NA,NA,NA,NA,NA,NA,NA,NA,NA,Yes,Yes,Yes,Provided & Relevant,NA,NA,NA,NA,NA,NA,NA,NA,NIL,NA,NA,NA,Duplicate,Duplicate,Successfully Identified as Duplicate,Yes,Pass,No Defect,,NIL,Good to Go ,Expected Output,,,
TL-2848,2026-06-27,Lavanya Mathialagan,GDB,0.1,NIL,Web App,English,1f17224b-c2f4-655e-8005-da482ce88230,How can I effectively manage aphid infestation in my maize crop in Uttar Pradesh?,Insect–Pest Management,18:05:00,18:05:52,52sec,Within SLA,Yes,Well Framed,English,English,Correct,NIL,Correctly Tagged as Duplicate,NA,NA,NA,NA,NA,NA,NA,NA,NA,NA,NA,NA,NA,NA,NA,NA,NA,NA,NA,NA,NA,NA,NA,NA,NA,NA,NA,NA,NA,NA,Yes,Yes,Yes,Provided & Relevant,NA,NA,NA,NA,Yes,Yes,Clear,Clear,NIL,NA,NA,NA,Duplicate,Duplicate,Successfully Identified as Duplicate,Yes,Pass,No Defect,,NIL,Good to Go ,Expected Output,,,
TL-2849,2026-06-27,Lavanya Mathialagan,GDB,0.1,NIL,WhatsApp,English,1f17224d-3dd2-6217-803b-6124f9d12fa8,How can I effectively manage aphid infestation in my maize crop in Uttar Pradesh?,Insect–Pest Management,18:06:00,18:06:32,32sec,Within SLA,Yes,Well Framed,English,English,Correct,NIL,Correctly Tagged as Duplicate,NA,NA,NA,NA,NA,NA,NA,NA,NA,NA,NA,NA,NA,NA,NA,NA,NA,NA,NA,NA,NA,NA,NA,NA,NA,NA,NA,NA,NA,NA,Yes,Yes,Yes,Provided & Relevant,NA,NA,NA,NA,NA,NA,NA,NA,NIL,NA,NA,NA,Duplicate,Duplicate,Successfully Identified as Duplicate,Yes,Pass,No Defect,,NIL,Good to Go ,Expected Output,,,
TL-2850,2026-06-27,Lavanya Mathialagan,GDB,0.1,NIL,Web App,English,1f17225c-7633-6c79-8005-1c82fe610e90,How can I effectively control corn worm (Fall Armyworm) in maize crops in Uttar Pradesh?,Insect–Pest Management,18:13:00,18:13:20,20sec,Within SLA,Yes,Well Framed,English,English,Correct,NIL,Correctly Tagged as Duplicate,NA,NA,NA,NA,NA,NA,NA,NA,NA,NA,NA,NA,NA,NA,NA,NA,NA,NA,NA,NA,NA,NA,NA,NA,NA,NA,NA,NA,NA,NA,Yes,Yes,Yes,Provided & Relevant,NA,NA,NA,NA,Yes,Yes,Clear,Clear,NIL,NA,NA,NA,Duplicate,Duplicate,Successfully Identified as Duplicate,Yes,Pass,No Defect,,NIL,Good to Go ,Expected Output,,,
TL-2851,2026-06-27,Lavanya Mathialagan,GDB,0.1,NIL,WhatsApp,English,1f17225c-fc5d-635c-8042-8850e8f0ddf6,How can I effectively control corn worm (Fall Armyworm) in maize crops in Uttar Pradesh?,Insect–Pest Management,18:13:00,18:13:35,35sec,Within SLA,Yes,Well Framed,English,English,Correct,NIL,Correctly Tagged as Duplicate,NA,NA,NA,NA,NA,NA,NA,NA,NA,NA,NA,NA,NA,NA,NA,NA,NA,NA,NA,NA,NA,NA,NA,NA,NA,NA,NA,NA,NA,NA,Yes,Yes,Yes,Provided & Relevant,NA,NA,NA,NA,NA,NA,NA,NA,NIL,NA,NA,NA,Duplicate,Duplicate,Successfully Identified as Duplicate,Yes,Pass,No Defect,,NIL,Good to Go ,Expected Output,,,
TL-2852,2026-06-27,Lavanya Mathialagan,GDB,0.1,NIL,Web App,English,1f172263-ff6c-61d8-8005-26b5e9315679,How do I identify and manage caseworm infestation in maize in Uttar Pradesh?,Insect–Pest Management,18:16:00,18:16:43,43sec,Within SLA,Yes,Well Framed,English,English,Correct,NIL,Correctly Tagged as Duplicate,NA,NA,NA,NA,NA,NA,NA,NA,NA,NA,NA,NA,NA,NA,NA,NA,NA,NA,NA,NA,NA,NA,NA,NA,NA,NA,NA,NA,NA,NA,Yes,Yes,Yes,Provided & Relevant,NA,NA,NA,NA,Yes,Yes,Clear,Clear,NIL,NA,NA,NA,Duplicate,Duplicate,Successfully Identified as Duplicate,Yes,Pass,No Defect,,NIL,Good to Go ,Expected Output,,,
TL-2853,2026-06-27,Lavanya Mathialagan,GDB,0.1,NIL,WhatsApp,English,1f172264-aa8c-6282-804a-13ab2106d245,How do I identify and manage caseworm infestation in maize in Uttar Pradesh?,Insect–Pest Management,18:17:00,18:17:01,1sec,Within SLA,Yes,Well Framed,English,English,Correct,NIL,Correctly Tagged as Duplicate,NA,NA,NA,NA,NA,NA,NA,NA,NA,NA,NA,NA,NA,NA,NA,NA,NA,NA,NA,NA,NA,NA,NA,NA,NA,NA,NA,NA,NA,NA,Yes,Yes,Yes,Provided & Relevant,NA,NA,NA,NA,NA,NA,NA,NA,NIL,NA,NA,NA,Duplicate,Duplicate,Successfully Identified as Duplicate,Yes,Pass,No Defect,,NIL,Good to Go ,Expected Output,,,
TL-2970,2026-06-28,Ithagani Shireesha,Unique,0.1,NIL,Web App,English,1f172e15-7a58-6861-8005-8dddcb26d7ca,How can I identify and manage mite infestations in my banana plantation in andhra pradesh?,Insect–Pest Management,16:35:00,18:59:00,259.0,SLA Breached,Yes,Well Framed,English,English,Correct,NIL,Correctly Tagged as Duplicate,Yes,Sippora Nandam,16:43:07,18:08:33,1h 25m 26s,Atul,6:10:04 PM,6:21:08 PM,11m 4s,Dev Jagdishbhai Bhutiya,6:22:04 PM,6:28:09 PM,6m 5s,Sharmila S,6:29:04 PM,6:34:49 PM,5m 45s,NA,NA,NA,NA,NA,NA,NA,NA,Simranpreet Kau,NA,6:59:23 PM,13 minutes 23 seconds 546 ms,Yes,Yes,Yes,Yes,Provioded and relevant,NA,Received Late,Yes,NA,Yes,Yes,Clear,Clear,Good output and input,NA,NA,NA,Saved,Saved,Successfully Identified as Duplicate,NA,Pass,Critical,NIL,NIL,Good output ,Expected Output,,,
TL-2976,2026-06-28,Ithagani Shireesha,GDB,0.1,NIL,Web App,English,1f172ed9-db3a-6f17-8005-ed5669bd36f8,Information about rotting control in Tomato crop in uttarpradesh,Disease Management,18:03:00,18:03:50,50sec,Within SLA,Yes,Well Framed,English,English,Correct,NIL,Correctly Tagged as Duplicate,Yes,Satarupa Saha,NA,NA,NA,NA,NA,NA,NA,NA,NA,NA,NA,NA,NA,NA,NA,NA,NA,NA,NA,NA,NA,NA,NA,NA,NA,NA,NA,Yes,Yes,Yes,Yes,Provided and relevant,NA,NA,NA,NA,Yes,Yes,Clear,Clear,Good output and input,NA,NA,NA,Saved,Saved,Successfully Identified as Duplicate,NA,Pass,High,NIL,NIL,Good output ,Expected Output,,,
TL-2978,2026-06-28,Ithagani Shireesha,GDB,0.1,NIL,Web App,English,1f172ef2-3e40-6f80-8005-6eda4fdfae02,"When planting tomato plants, how should I treat the plants and the soil in Uttar Pradesh?",Soil Health and Nutrient Management,18:14:00,", 6:14:45 PM",45sec,Within SLA,Yes,Well Framed,English,English,Correct,NIL,Correctly Tagged as Duplicate,Yes,Satarupa Saha,NA,NA,NA,NA,NA,NA,NA,NA,NA,NA,NA,NA,NA,NA,NA,NA,NA,NA,NA,NA,NA,NA,NA,NA,NA,NA,NA,Yes,Yes,Yes,Yes,Provided and relevant,NA,NA,NA,NA,Yes,Yes,Clear,Clear,Good output and input,NA,NA,NA,Saved,Saved,Successfully Identified as Duplicate,NA,Pass,High,NIL,NIL,Good output ,Expected Output,,,
TL-2979,2026-06-28,Ithagani Shireesha,GDB,0.1,NIL,Web App,English,1f172ef9-c98d-687e-8005-98a298080877,"When planting tomato plants, how should I treat the plants and the soil in uttarpradesh",Soil Health and Nutrient Management,18:18:00,18:18:07,7sec,Within SLA,Yes,Well Framed,English,English,Correct,NIL,Correctly Tagged as Duplicate,Yes,Utkarsh Singh Vishen,NA,NA,NA,NA,NA,NA,NA,NA,NA,NA,NA,NA,NA,NA,NA,NA,NA,NA,NA,NA,NA,NA,NA,NA,NA,NA,NA,Yes,Yes,Yes,Yes,Provided and relevant,NA,NA,NA,NA,Yes,Yes,Clear,Clear,Good output and input,NA,NA,NA,Saved,Saved,Successfully Identified as Duplicate,NA,Pass,High,NIL,NIL,Good output ,Expected Output,,,
TL-2980,2026-06-28,Ithagani Shireesha,GDB,0.1,NIL,Web App,English,1f172eff-0822-6f79-8005-10a7c6b729d5,What should I do if my tomato plants have black leaves in uttarpradesh,Soil Health and Nutrient Management,18:20:00,18:20:28,28sec,Within SLA,Yes,Well Framed,English,English,Correct,NIL,Correctly Tagged as Duplicate,Yes,Utkarsh Singh Vishen,NA,NA,NA,NA,NA,NA,NA,NA,NA,NA,NA,NA,NA,NA,NA,NA,NA,NA,NA,NA,NA,NA,NA,NA,NA,NA,NA,Yes,Yes,Yes,Yes,Provided and relevant,NA,NA,NA,NA,Yes,Yes,Clear,Clear,Good output and input,NA,NA,NA,Saved,Saved,Successfully Identified as Duplicate,NA,Pass,High,NIL,NIL,Good output ,Expected Output,,,
TL-2981,2026-06-28,Ithagani Shireesha,GDB,0.1,NIL,Web App,English,1f172f05-b7bf-6e14-8005-1cc06425de82,There are black spots appearing on the leaves of my tomato plants. What could be the cause and how can I manage this issue in uttarpradesh,Disease Management,18:23:00,18:23:27,27sec,Within SLA,Yes,Well Framed,English,English,Correct,NIL,Correctly Tagged as Duplicate,Yes,Anjali Chauhan,NA,NA,NA,NA,NA,NA,NA,NA,NA,NA,NA,NA,NA,NA,NA,NA,NA,NA,NA,NA,NA,NA,NA,NA,NA,NA,NA,Yes,Yes,Yes,Yes,Provided and relevant,NA,NA,NA,NA,Yes,Yes,Clear,Clear,Good output and input,NA,NA,NA,Saved,Saved,Successfully Identified as Duplicate,NA,Pass,High,NIL,NIL,Good output ,Expected Output,,,
TL-2982,2026-06-28,Ithagani Shireesha,GDB,0.1,NIL,Web App,English,1f172f0f-c8bb-6f52-8005-d0a61e4a375e,"Tomato crop has flowers but does not produce fruit, what to do? Uttar Pradesh",Soil Health and Nutrient Management,18:28:00,", 6:27:57 PM",1.57sec,Within SLA,Yes,Well Framed,English,English,Correct,NIL,Correctly Tagged as Duplicate,Yes,Utkarsh Singh Vishen,NA,NA,NA,NA,NA,NA,NA,NA,NA,NA,NA,NA,NA,NA,NA,NA,NA,NA,NA,NA,NA,NA,NA,NA,NA,NA,NA,Yes,Yes,Yes,Yes,Provided and relevant,NA,NA,NA,NA,Yes,Yes,Clear,Clear,Good output and input,NA,NA,NA,Saved,Saved,Successfully Identified as Duplicate,NA,Pass,High,NIL,NIL,Good output ,Expected Output,,,
TL-2983,2026-06-28,Ithagani Shireesha,GDB,0.1,NIL,Web App,English,1f172f21-4de6-64c5-8005-874a7efb4416,Tomato plants are not flowering enough. What should be used to increase flowering in Uttar Pradesh?,Soil Health and Nutrient Management,18:35:00,18:35:48,48sec,Within SLA,Yes,Well Framed,English,English,Correct,NIL,Correctly Tagged as Duplicate,Yes,Utkarsh Singh Vishen,NA,NA,NA,NA,NA,NA,NA,NA,NA,NA,NA,NA,NA,NA,NA,NA,NA,NA,NA,NA,NA,NA,NA,NA,NA,NA,NA,Yes,Yes,Yes,Yes,Provided and relevant,NA,NA,NA,NA,Yes,Yes,Clear,Clear,Good output and input,NA,NA,NA,Saved,Saved,Successfully Identified as Duplicate,NA,Pass,High,NIL,NIL,Good output ,Expected Output,,,
TL-2984,2026-06-28,Ithagani Shireesha,GDB,0.1,NIL,Web App,English,1f172f2a-3073-69f3-8005-cc08a9e13c27,What is Fusarium Wilt disease in tomato and how can it be managed in uttarpradesh,Disease Management,18:39:00,18:39:46,46sec,Within SLA,Yes,Well Framed,English,English,Correct,NIL,Correctly Tagged as Duplicate,Yes,Anjali Chauhan,NA,NA,NA,NA,NA,NA,NA,NA,NA,NA,NA,NA,NA,NA,NA,NA,NA,NA,NA,NA,NA,NA,NA,NA,NA,NA,NA,Yes,Yes,Yes,Yes,Provided and relevant,NA,NA,NA,NA,Yes,Yes,Clear,Clear,Good output and input,NA,NA,NA,Saved,Saved,Successfully Identified as Duplicate,NA,Pass,High,NIL,NIL,Good output ,Expected Output,,,
TL-2985,2026-06-28,Ithagani Shireesha,GDB,0.1,NIL,Web App,English,1f172f31-ec3f-6554-8005-4f9fe89da573,What are the best practices for soil treatment in Uttar Pradesh tomato cultivation,Soil Health and Nutrient Management,18:43:00,18:43:14,14sec,Within SLA,Yes,Well Framed,English,English,Correct,NIL,Correctly Tagged as Duplicate,Yes,Dheeraj Sharma,NA,NA,NA,NA,NA,NA,NA,NA,NA,NA,NA,NA,NA,NA,NA,NA,NA,NA,NA,NA,NA,NA,NA,NA,NA,NA,NA,Yes,Yes,Yes,Yes,Provided and relevant,NA,NA,NA,NA,Yes,Yes,Clear,Clear,Good output and input,NA,NA,NA,Saved,Saved,Successfully Identified as Duplicate,NA,Pass,High,NIL,NIL,Good output ,Expected Output,,,
TL-2989,2026-06-28,Ithagani Shireesha,Unique,0.1,NIL,Web App,English,1f172f93-19e7-6cfc-8005-88d01344e54c,What is the recommended dosage and application method for Nano Urea and Nano DAP in banana cultivation in andharapradesh,Soil Health and Nutrient Management,19:26:00,21:03:00,130.0,Within SLA,Yes,Well Framed,English,English,Correct,NIL,Correctly Tagged as Duplicate,Yes,Bisen,19:27:11,19:39:59,12m 47s,Varsha Shekhar,7:40:04 PM,", 7:41:23 PM",1m 18s,Dev Jagdishbhai Bhutiya,7:42:04 PM,7:48:34 PM,6m 29s,Atul A,7:49:04 PM,8:00:03 PM,10m 59s,NA,NA,NA,NA,NA,NA,NA,NA,Simranpreet Kaur,NA,9:03:06 PM,36 minutes 56 seconds 332 ms,Yes,Yes,Yes,Yes,Provided and relevant,NA,Received on Time,Yes,Yes,Yes,Yes,clear,clear,Good output and input,No,No,No,Saved,Saved,Successfully Identified as Duplicate,NA,Pass,Critical,Nil,NIL,Goodoutput ,Expected Output,,,
TL-2990,2026-06-28,Ithagani Shireesha,Unique,0.1,NIL,Web App,English,1f172f96-aa8e-61ad-8005-25408b167361,What is the ideal soil pH level for banana cultivation and how does it affect plant growth in andhrapradesh,Cultural and Crop Management Practices,19:28:00,21:06:00,134.0,Within SLA,Yes,Well Framed,English,English,Correct,NIL,Correctly Tagged as Duplicate,Yes,Sippora Nandam,19:29:04,19:29:04,49m 48s,Dev Jagdishbhai Bhutiya,8:19:06 PM,8:27:04 PM,7m 57s,Bisen,8:28:04 PM,8:35:47 PM,7m 42s,Lakshmi Aravind,8:36:04 PM,8:46:15 PM,10m 11s,NA,NA,NA,NA,NA,NA,NA,NA,Tejas Dange,NA,9:06:06 PM,3 minutes 5 seconds 828 m,Yes,Yes,Yes,Yes,Provided and relevant,NA,Received on Time,Yes,Yes,Yes,Yes,clear,clear,Good output and input,No,No,No,Saved,Saved,Successfully Identified as Duplicate,NA,Pass,Critical,Nil,NIL,Goodoutput ,Expected Output,,,
TL-2991,2026-06-28,Ithagani Shireesha,Unique,0.1,NIL,Web App,English,1f1730f0-0f6f-61cf-8005-11cb70fdab6f,"What are the primary symptoms of wilting in banana plants, and how can I distinguish between different causes in Andhrapradesh?",Disease Management,22:03:00,06:20:00,6 hours 17 minutes 44 seconds 613 ms,SLA Breached,Yes,Well Framed,English,English,Correct,NIL,Correctly Tagged as Duplicate,Yes,Varsha Shekhar,22:03:07,22:47:02,43m 54s,Bisen,10:47:06 PM,10:47:06 PM,7m 42s,Sippora Nandam,10:55:07 PM,11:38:28 PM,43m 20s,Sharmila S,11:39:05 PM,11:49:11 PM,10m 6s,NA,NA,NA,NA,NA,NA,NA,NA,Simranpreet Kaur,NA,6:20:44 AM,6 hours 17 minutes 44 seconds 613 ms,Yes,Yes,Yes,Yes,Provided and relevant,NA,Received Late,Yes,Yes,Yes,Yes,clear,Clear,Good output and input,No,NA,NA,Saved,Saved,Successfully Identified as Duplicate,NA,Pass,Critical,Nil,NIL,Goodoutput,Expected Output,,,
TL-2992,2026-06-28,Ithagani Shireesha,Unique,0.1,NIL,Web App,English,1f1730f1-db32-6cc3-8005-a96e06ebcd41,How can I effectively use decomposers to manage organic waste and improve soil fertility in my banana plantation in andhra pradesh?,Bio-fertilizers and Bio-pesticides,22:04:00,23:49:00,153.0,Within SLA,Yes,Well Framed,English,English,Correct,NIL,Correctly Tagged as Duplicate,Yes,Sanjay Choudhary,22:04:04,22:49:04,44m 59s,Lakshmi Aravind,10:50:04 PM,11:20:03 PM,29m 58s,Sharmila A,11:21:08 PM,", 11:27:35 PM",6m 26s,Bisen A,11:28:07 PM,11:34:27 PM,6m 20s,NA,NA,NA,NA,NA,NA,NA,NA,Monica M,NA,11:49:57 PM,11 minutes 56 seconds 868 ms,Yes,Yes,Yes,Yes,provided and relevant,NA,Received on Time,Yes,Yes,Yes,Yes,clear,clear,good output and input,No,No,No,saved,saved,Successfully Identified as Duplicate,NA,Pass,Critical,nil,NIL,goodoutput,Expected Output,,,
TL-2993,2026-06-28,Ithagani Shireesha,Unique,0.1,NIL,Web App,English,1f1730f3-b6d5-6f48-8005-022c5dc25ed3,"What are the symptoms and management strategies for bacterial diseases in banana crops, specifically Bacterial Wilt in andhrapradesh?",Disease Management,", 10:05 PM",23:37:40,10 minutes 40 seconds 581 ms,Within SLA,Yes,Well Framed,English,English,Correct,NIL,Correctly Tagged as Duplicate,Yes,Sharmila S,22:05:07,22:55:35,50m 27s,Bisen,", 10:56:09 PM",11:04:43 PM,8m 33s,Varsha Shekhar,11:05:04 PM,11:06:57 PM,1m 52s,Dev Jagdishbhai Bhutiya,11:07:06 PM,11:22:29 PM,15m 23s,NA,NA,NA,NA,NA,NA,NA,NA,Monica M,NA,11:37:40 PM,10 minutes 40 seconds 581 ms,Yes,Yes,Yes,Yes,provided and relevant,NA,Received on Time,Yes,Yes,Yes,Yes,clear,clear,good output and input,No,No,No,saved,saved,Successfully Identified as Duplicate,NA,Pass,Critical,nil,NIL,goodoutput,Expected Output,,,
TL-3025,2026-06-29,Ithagani Shireesha,Unique,0.1,NIL,Web App,English,1f17365c-0bd2-670b-8005-6d6d7eefcbdb,"What are the causes, symptoms, and management strategies for Shoot Rot in banana crops in andhrapradesh?",Disease Management,08:23:00,10:01:46,2hour24min46sec,SLA Breached,Yes,Well Framed,English,English,Correct,NIL,Correctly Tagged as Duplicate,Yes,Dev Jagdishbhai Bhutiya,08:24:04,08:38:50,14m 46s,Atul,8:39:04 AM,9:16:10 AM,37m 6s,B. Sasidhar,", 9:17:04 AM",9:28:53 AM,11m 48s,Deepika Rathore,9:29:05 AM,9:34:28 AM,5m 23s,NA,NA,NA,NA,NA,NA,NA,NA,Tejas Dange,NA,10:01:46 AM,,Yes,Yes,Yes,Yes,Provided and relevant,Yes,Received Late,Yes,Yes,Yes,Yes,Clear,Clear,Good output and input,NA,NA,NA,Yes,Saved,Successfully Identified as Duplicate,NA,Pass,Critical,NIL,NIL,Good output,,,,
TL-3032,2026-06-29,Ithagani Shireesha,GDB,0.1,NIL,Web App,English,1f173864-7f3e-6159-8005-36fe317ec20b,What is the correct method and procedure for preparing and applying NPK 17:17:17 fertilizer in rubber plantations in Kerala?,Soil Health and Nutrient Management,12:16:00,12:16:39,39sec,Within SLA,Yes,Well Framed,English,English,Correct,NIL,Correctly Tagged as Duplicate,Yes,Lavail Joy,NA,NA,NA,NA,NA,NA,NA,NA,NA,NA,NA,NA,NA,NA,NA,NA,NA,NA,NA,NA,NA,NA,NA,NA,NA,NA,NA,Yes,Yes,Yes,Yes,Provided and relevant,Yes,Received Late,Yes,Yes,Yes,Yes,Clear,Clear,Good output and input,NA,NA,NA,Yes,Saved,Successfully Identified as Duplicate,NA,Pass,High,NIL,NIL,Good output,,,,
TL-3033,2026-06-29,Ithagani Shireesha,GDB,0.1,NIL,Web App,English,1f173905-4084-69a7-8005-91c9040f6557,What is the appropriate application and benefit of using a 15:15:15 NPK fertilizer mixture in rubber plantations in Kerala?,Soil Health and Nutrient Management,13:28:00,13:28:34,34sec,Within SLA,Yes,Well Framed,English,English,Correct,NIL,Correctly Tagged as Duplicate,Yes,,NA,NA,NA,NA,NA,NA,NA,NA,NA,NA,NA,NA,NA,NA,NA,NA,NA,NA,NA,NA,NA,NA,NA,NA,NA,NA,NA,Yes,Yes,Yes,Yes,Provided and relevant,Yes,Received Late,Yes,Yes,Yes,Yes,Clear,Clear,Good output and input,NA,NA,NA,Yes,Saved,Successfully Identified as Duplicate,NA,Pass,High,NIL,NIL,Good output,,,,
TL-3034,2026-06-29,Ithagani Shireesha,GDB,0.1,NIL,Web App,English,1f17390a-8c73-66b1-8005-f86830fc61f1,What is the appropriate application and role of a 10:10:10 NPK fertilizer in rubber cultivation in Kerala?,Soil Health and Nutrient Management,13:30:00,13:30:56,56sec,Within SLA,Yes,Well Framed,English,English,Correct,NIL,Correctly Tagged as Duplicate,Yes,,NA,NA,NA,NA,NA,NA,NA,NA,NA,NA,NA,NA,NA,NA,NA,NA,NA,NA,NA,NA,NA,NA,NA,NA,NA,NA,NA,Yes,Yes,Yes,Yes,Provided and relevant,Yes,Received Late,Yes,Yes,Yes,Yes,Clear,Clear,Good output and input,NA,NA,NA,Yes,Saved,Successfully Identified as Duplicate,NA,Pass,High,NIL,NIL,Good output,,,,
TL-3044,2026-06-29,Ithagani Shireesha,GDB,0.1,NIL,Web App,English,1f1739bc-14e9-6239-8005-c6e042eee0dd,"What are the symptoms of boron deficiency in ash gourd, and how can it be managed effectively in Kerala?",Soil Health and Nutrient Management,14:50:00,14:50:22,22sec,Within SLA,Yes,Well Framed,English,English,Correct,NA,Correctly Tagged as Duplicate,Yes,Sharmila S,NA,NA,NA,NA,NA,NA,NA,NA,NA,NA,NA,NA,NA,NA,NA,NA,NA,NA,NA,NA,NA,NA,NA,NA,NA,NA,NA,Yes,Yes,Yes,Yes,Provided and relevant,Yes,Received Late,Yes,NA,Yes,Yes,Clear,Clear,Good output and input,NA,NA,NA,Yes,Saved,Successfully Identified as Duplicate,NA,Pass,High,NA,NIL,Good output,,,,
TL-3145,2026-06-29,K. Deni Sudha,GDB,0.1,NIL,Web App,English,1f173dfe-432b-6377-8005-273221c58ae3,What is the effectiveness and recommended application of Abamectin for managing pests in chilli crops in Maharashtra?,Plant protection,22:58:00,22:58:06,0.1,Within SLA,Successfully Identified as Duplicate,Well Framed,English,English,Correct,NIL,Correctly Tagged as Duplicate,NO,NA,NA,NA,NA,NA,NA,NA,NA,NA,NA,NA,NA,NA,NA,NA,NA,NA,NA,NA,NA,NA,NA,NA,NA,NA,NA,NA,NA,Successfully Identified as Duplicate/Dynamic,Yes,Yes,Successfully Identified as Duplicate,Provided & Relevant,Successfully Identified as Duplicate,NA,NA,NA,Yes,Yes,Clear,Clear,NIL,NA,NA,NA,Saved,Saved,Successfully Identified as Duplicate,NA,Pass,No Defect,NIL,,Duplicate.,Expected Output,,,
TL-3146,2026-06-29,K. Deni Sudha,GDB,0.1,NIL,Web App,English,1f173dc3-6609-6a5f-8005-5829e8b37017,How can I identify and manage root caterpillars in chilli crops in Maharashtra?,Plant protection,22:31:00,22:31:46,0.8,Within SLA,Successfully Identified as Duplicate,Well Framed,English,English,Correct,NIL,Correctly Tagged as Duplicate,NO,NA,NA,NA,NA,NA,NA,NA,NA,NA,NA,NA,NA,NA,NA,NA,NA,NA,NA,NA,NA,NA,NA,NA,NA,NA,NA,NA,NA,Successfully Identified as Duplicate/Dynamic,Yes,Yes,Successfully Identified as Duplicate,Provided & Relevant,Successfully Identified as Duplicate,NA,NA,NA,Yes,Yes,Clear,Clear,NIL,NA,NA,NA,Saved,Saved,Successfully Identified as Duplicate,NA,Pass,No Defect,NIL,,Duplicate. No change in 2nd time answer.,Expected Output,,,
TL-3147,2026-06-29,K. Deni Sudha,GDB,0.1,NIL,Web App,English,1f173dbb-0ed0-6b6b-8005-9402ef2d0d6a,What are the effective management strategies for controlling millipedes and snails in chilli cultivation in Maharashtra?,Plant protection,22:28:00,22:36:23,8.4,Not Applicable,Successfully Identified as Duplicate,Ambiguous,English,English,Correct,NIL,Correctly Tagged as Duplicate,NO,NA,NA,NA,NA,NA,NA,NA,NA,NA,NA,NA,NA,NA,NA,NA,NA,NA,NA,NA,NA,NA,NA,NA,NA,NA,NA,NA,NA,Successfully Identified as Duplicate/Dynamic,Yes,Yes,Successfully Identified as Duplicate,Provided & Relevant,Successfully Identified as Duplicate,NA,NA,NA,Yes,Yes,Clear,Clear,NIL,NA,NA,NA,Saved,Saved,Successfully Identified as Duplicate,NA,Pass,No Defect,NIL,,Duplicate.Slightly well framed answer received 2nd time.,Expected Output,,,
TL-3148,2026-06-29,K. Deni Sudha,GDB,0.1,NIL,Web App,English,1f173db5-dd90-6e35-8005-c0f2f6802c00,What are the primary functions and benefits of applying sulfur in chilli cultivation in Maharashtra?,Soil Health and Nutrient Management,22:25:00,22:53:00,28.0,Not Applicable,Successfully Identified as Duplicate,Well Framed,English,English,Correct,NIL,Correctly Tagged as Duplicate,NO,NA,NA,NA,NA,NA,NA,NA,NA,NA,NA,NA,NA,NA,NA,NA,NA,NA,NA,NA,NA,NA,NA,NA,NA,NA,NA,NA,NA,Successfully Identified as Duplicate/Dynamic,Yes,Yes,Successfully Identified as Duplicate,Provided & Relevant,Successfully Identified as Duplicate,NA,NA,NA,Yes,Yes,Clear,Clear,NIL,NA,NA,NA,Saved,Saved,Successfully Identified as Duplicate,NA,Pass,No Defect,NIL,,Duplicate.2 nd time answer was more relevant.,Expected Output,,,
TL-3149,2026-06-29,K. Deni Sudha,GDB,0.1,NIL,Web App,English,1f173cde-1156-6b8c-8005-3e801f3f33b9,What is the recommended dosage and application method for Boron and the NPK formulation 13:00:45 (Potassium Nitrate) as foliar sprays in chilli cultivation in Maharashtra?,Soil Health and Nutrient Management,20:49:00,22:10:39,81.7,Not Applicable,Successfully Identified as Duplicate,Well Framed,English,English,Correct,NIL,Correctly Tagged as Duplicate,NO,NA,NA,NA,NA,NA,NA,NA,NA,NA,NA,NA,NA,NA,NA,NA,NA,NA,NA,NA,NA,NA,NA,NA,NA,NA,NA,NA,NA,Successfully Identified as Duplicate/Dynamic,Yes,Yes,Successfully Identified as Duplicate,Provided & Relevant,Successfully Identified as Duplicate,NA,NA,NA,Yes,Yes,Clear,Clear,NIL,NA,NA,NA,Saved,Saved,Successfully Identified as Duplicate,NA,Pass,No Defect,NIL,,Duplicate.2 nd time answer was the exact same to 1st one. Except one source is less.,Expected Output,,,
TL-3150,2026-06-29,K. Deni Sudha,GDB,0.1,NIL,Web App,English,1f173cb3-9ab7-680d-8005-3efcba4f0879,What is the appropriate dosage and application method for Microla RCF in chilli cultivation in Maharashtra?,Soil Health and Nutrient Management,20:30:00,21:00:20,30.3,Not Applicable,Successfully Identified as Duplicate,Well Framed,English,English,Correct,NIL,Correctly Tagged as Duplicate,NO,NA,NA,NA,NA,NA,NA,NA,NA,NA,NA,NA,NA,NA,NA,NA,NA,NA,NA,NA,NA,NA,NA,NA,NA,NA,NA,NA,NA,Successfully Identified as Duplicate/Dynamic,Yes,Yes,Successfully Identified as Duplicate,Provided & Relevant,Successfully Identified as Duplicate,NA,NA,NA,Yes,Yes,Clear,Clear,NIL,NA,NA,NA,Saved,Saved,Successfully Identified as Duplicate,NA,Pass,No Defect,NIL,,Duplicate.Slightly well framed answer received 2nd time.,Expected Output,,,
TL-3152,2026-06-30,Ithagani Shireesha,GDB,0.1,NIL,Web App,English,1f174231-c560-6174-8005-5b3ca499f9a8,"Is the application of Borax effective in managing flower drop in mango trees, and what is the recommended procedure in Kerala?",Disease Management,06:59:00,07:05:00,1.5sec,Within SLA,Yes,Well Framed,English,English,Correct,NIL,Correctly Tagged as Duplicate,Yes,Monica M,NA,NA,NA,NA,NA,NA,NA,NA,NA,NA,NA,NA,NA,NA,NA,NA,NA,NA,NA,NA,NA,NA,NA,NA,NA,NA,NA,Successfully Identified as Duplicate/Dynamic,Yes,Yes,Yes,Provided and relevant,NA,NA,NA,NA,Yes,Yes,Clear,Clear,NIL,NA,NA,NA,Saved,Saved,Successfully Identified as Duplicate,NA,Pass,No Defect,NIL,NIL,Good output,Expected Output,,,
TL-3153,2026-06-30,Ithagani Shireesha,GDB,0.1,NIL,Web App,English,1f174244-9d44-6e3b-8005-9faa9e0e6587,"Can NPK be applied as an organic fertilizer for mango trees, and what are the best practices for nutrient management in Kerala?",Soil Health and Nutrient Management,07:07:00,07:07:43,43sec,Within SLA,Yes,Well Framed,English,English,Correct,NIL,Correctly Tagged as Duplicate,Yes,Lavail Joy,NA,NA,NA,NA,NA,NA,NA,NA,NA,NA,NA,NA,NA,NA,NA,NA,NA,NA,NA,NA,NA,NA,NA,NA,NA,NA,NA,Successfully Identified as Duplicate/Dynamic,Yes,Yes,Yes,Provided and relevant,NA,NA,NA,NA,Yes,Yes,Clear,Clear,NIL,NA,NA,NA,Saved,Saved,Successfully Identified as Duplicate,NA,Pass,No Defect,NIL,NIL,Good output,Expected Output,,,
TL-3154,2026-06-30,Ithagani Shireesha,GDB,0.1,NIL,Web App,English,1f174249-8836-65d7-8005-da0adede1fa2,How can I manage the condition where mango leaves exhibit tip necrosis for several months without any leaf shedding in Kerala?,Soil Health and Nutrient Management,07:10:00,7:09:55 AM,1.55sec,Within SLA,Yes,Well Framed,English,English,Correct,NIL,Correctly Tagged as Duplicate,Yes,Sharmila S,NA,NA,NA,NA,NA,NA,NA,NA,NA,NA,NA,NA,NA,NA,NA,NA,NA,NA,NA,NA,NA,NA,NA,NA,NA,NA,NA,Successfully Identified as Duplicate/Dynamic,Yes,Yes,Yes,Provided and relevant,NA,NA,NA,NA,Yes,Yes,Clear,Clear,NIL,NA,NA,NA,Saved,Saved,Successfully Identified as Duplicate,NA,Pass,No Defect,NIL,NIL,Good output,Expected Output,,,
TL-3155,2026-06-30,Ithagani Shireesha,GDB,0.1,NIL,Web App,English,1f174250-050f-6f9b-8005-0733cd8132be,"What are the key characteristics, cultivation requirements, and management practices for the Neelam mango variety in Kerala?",Seed and Variety Selection,", 7:12:49 AM",07:13:00,1.0,Within SLA,Yes,Well Framed,English,English,Correct,NIL,Correctly Tagged as Duplicate,Yes,Atheshwar R,NA,NA,NA,NA,NA,NA,NA,NA,NA,NA,NA,NA,NA,NA,NA,NA,NA,NA,NA,NA,NA,NA,NA,NA,NA,NA,NA,Successfully Identified as Duplicate/Dynamic,Yes,Yes,Yes,Provided and relevant,NA,NA,NA,NA,Yes,Yes,Clear,Clear,NIL,NA,NA,NA,Saved,Saved,Successfully Identified as Duplicate,NA,Pass,No Defect,NIL,NIL,Good output,Expected Output,,,
TL-3156,2026-06-30,Ithagani Shireesha,GDB,0.1,NIL,Web App,English,1f174257-4f91-6a75-8005-ba34445900fc,Which mango varieties are suitable for year-round production or extended harvesting seasons in Kerala?,Seed and Variety Selection,07:16:00,07:16:05,5sec,Within SLA,Yes,Well Framed,English,English,Correct,NIL,Correctly Tagged as Duplicate,Yes,Lovely,NA,NA,NA,NA,NA,NA,NA,NA,NA,NA,NA,NA,NA,NA,NA,NA,NA,NA,NA,NA,NA,NA,NA,NA,NA,NA,NA,Successfully Identified as Duplicate/Dynamic,Yes,Yes,Yes,Provided and relevant,NA,NA,NA,NA,Yes,Yes,Clear,Clear,NIL,NA,NA,NA,Saved,Saved,Successfully Identified as Duplicate,NA,Pass,No Defect,NIL,NIL,Good output,Expected Output,,,
TL-3157,2026-06-30,Ithagani Shireesha,GDB,0.1,NIL,Web App,English,1f17425d-ec34-676d-8005-f535768d7147,What is the correct method and application procedure for using Carbendazim (often referred to as Coltar) in mango cultivation in Kerala?,Disease Management,07:19:00,07:19:02,2sec,Within SLA,Yes,Well Framed,English,English,Correct,NIL,Correctly Tagged as Duplicate,Yes,Tejas Dange,NA,NA,NA,NA,NA,NA,NA,NA,NA,NA,NA,NA,NA,NA,NA,NA,NA,NA,NA,NA,NA,NA,NA,NA,NA,NA,NA,Successfully Identified as Duplicate/Dynamic,Yes,Yes,Yes,Provided and relevant,NA,NA,NA,NA,Yes,Yes,Clear,Clear,NIL,NA,NA,NA,Saved,Saved,Successfully Identified as Duplicate,NA,Pass,No Defect,NIL,NIL,Good output,Expected Output,,,
TL-3158,2026-06-30,Ithagani Shireesha,GDB,0.1,NIL,Web App,English,1f174264-ef93-69fc-8005-787f86e52afc,How can I identify and manage parasitic plants affecting my mango orchard in Kerala?,Weed Management,07:22:00,07:22:10,10sec,Within SLA,Yes,Well Framed,English,English,Correct,NIL,Correctly Tagged as Duplicate,Yes,Deepika Rathore,NA,NA,NA,NA,NA,NA,NA,NA,NA,NA,NA,NA,NA,NA,NA,NA,NA,NA,NA,NA,NA,NA,NA,NA,NA,NA,NA,Successfully Identified as Duplicate/Dynamic,Yes,Yes,Yes,Provided and relevant,NA,NA,NA,NA,Yes,Yes,Clear,Clear,NIL,NA,NA,NA,Saved,Saved,Successfully Identified as Duplicate,NA,Pass,No Defect,NIL,NIL,Good output,Expected Output,,,
TL-3159,2026-06-30,Ithagani Shireesha,GDB,0.1,NIL,Web App,English,1f174269-816f-6787-8005-4976642b6a54,What are the effective management strategies to protect mango crops from damage caused by bats in Kerala?,Insect–Pest Management,07:24:00,07:24:13,13sec,Within SLA,Yes,Well Framed,English,English,Correct,NIL,Correctly Tagged as Duplicate,Yes,Dheeraj Sharma,NA,NA,NA,NA,NA,NA,NA,NA,NA,NA,NA,NA,NA,NA,NA,NA,NA,NA,NA,NA,NA,NA,NA,NA,NA,NA,NA,Successfully Identified as Duplicate/Dynamic,Yes,Yes,Yes,Provided and relevant,NA,NA,NA,NA,Yes,Yes,Clear,Clear,NIL,NA,NA,NA,Saved,Saved,Successfully Identified as Duplicate,NA,Pass,No Defect,NIL,NIL,Good output,Expected Output,,,
TL-3160,2026-06-30,Ithagani Shireesha,GDB,0.1,NIL,Web App,English,1f174271-7941-6612-8005-c13909b97e85,What are the suitable alternatives to Sevin for controlling pests in mango orchards in Kerala?,Insect–Pest Management,07:27:00,07:27:47,47sec,Within SLA,Yes,Well Framed,English,English,Correct,NIL,Correctly Tagged as Duplicate,Yes,Pallavi J P,NA,NA,NA,NA,NA,NA,NA,NA,NA,NA,NA,NA,NA,NA,NA,NA,NA,NA,NA,NA,NA,NA,NA,NA,NA,NA,NA,Successfully Identified as Duplicate/Dynamic,Yes,Yes,Yes,Provided and relevant,NA,NA,NA,NA,Yes,Yes,Clear,Clear,NIL,NA,NA,NA,Saved,Saved,Successfully Identified as Duplicate,NA,Pass,No Defect,NIL,NIL,Good output,Expected Output,,,
TL-3161,2026-06-30,Ithagani Shireesha,GDB,0.1,NIL,Web App,English,1f174283-d1a2-6670-8005-7926b0b2f177,How can I manage fruit fly infestations and blight symptoms in my mango orchard in Kerala?,Disease Management,07:35:00,", 7:35:59 AM",59sec,Within SLA,Yes,Well Framed,English,English,Correct,NIL,Correctly Tagged as Duplicate,Yes,Pallavi J P,NA,NA,NA,NA,NA,NA,NA,NA,NA,NA,NA,NA,NA,NA,NA,NA,NA,NA,NA,NA,NA,NA,NA,NA,NA,NA,NA,Successfully Identified as Duplicate/Dynamic,Yes,Yes,Yes,Provided and relevant,NA,NA,NA,NA,Yes,Yes,Clear,Clear,NIL,NA,NA,NA,Saved,Saved,Successfully Identified as Duplicate,NA,Pass,No Defect,NIL,NIL,Good output,Expected Output,,,
TL-3162,2026-06-30,Ithagani Shireesha,GDB,0.1,NIL,Web App,English,1f17428b-9ca5-681b-8005-fbd3c7af8a72,What are the most effective methods for the propagation of mango trees and the best practices for ensuring successful establishment in Kerala?,Cultural and Crop Management Practices,07:39:00,07:39:28,28sec,Within SLA,Yes,Well Framed,English,English,Correct,NIL,Correctly Tagged as Duplicate,Yes,Gontyala Veena,NA,NA,NA,NA,NA,NA,NA,NA,NA,NA,NA,NA,NA,NA,NA,NA,NA,NA,NA,NA,NA,NA,NA,NA,NA,NA,NA,Successfully Identified as Duplicate/Dynamic,Yes,Yes,Yes,Provided and relevant,NA,NA,NA,NA,Yes,Yes,Clear,Clear,NIL,NA,NA,NA,Saved,Saved,Successfully Identified as Duplicate,NA,Pass,No Defect,NIL,NIL,Good output,Expected Output,,,
TL-3163,2026-06-30,Ithagani Shireesha,GDB,0.1,NIL,Web App,English,1f174291-9b1b-6a21-8005-ff0c0cccc6fe,"What are the primary causes of fruit splitting in mangoes, and what management practices can be implemented to prevent it in Kerala?",Soil Health and Nutrient Management,07:42:00,07:42:09,9sec,Within SLA,Yes,Well Framed,English,English,Correct,NIL,Correctly Tagged as Duplicate,Yes,Gontyala Veena,NA,NA,NA,NA,NA,NA,NA,NA,NA,NA,NA,NA,NA,NA,NA,NA,NA,NA,NA,NA,NA,NA,NA,NA,NA,NA,NA,Successfully Identified as Duplicate/Dynamic,Yes,Yes,Yes,Provided and relevant,NA,NA,NA,NA,Yes,Yes,Clear,Clear,NIL,NA,NA,NA,Saved,Saved,Successfully Identified as Duplicate,NA,Pass,No Defect,NIL,NIL,Good output,Expected Output,,,
TL-3164,2026-06-30,Ithagani Shireesha,GDB,0.1,NIL,Web App,English,1f174298-ac02-6563-8005-704875586064,"What are the primary causes of delayed flowering in mango trees, and what management practices can be implemented to ensure timely and uniform flowering in Kerala?",Soil Health and Nutrient Management,07:45:00,07:45:19,19sec,Within SLA,Yes,Well Framed,English,English,Correct,NIL,Correctly Tagged as Duplicate,Yes,Bisen Nupur Chandrakumar,NA,NA,NA,NA,NA,NA,NA,NA,NA,NA,NA,NA,NA,NA,NA,NA,NA,NA,NA,NA,NA,NA,NA,NA,NA,NA,NA,Successfully Identified as Duplicate/Dynamic,Yes,Yes,Yes,Provided and relevant,NA,NA,NA,NA,Yes,Yes,Clear,Clear,NIL,NA,NA,NA,Saved,Saved,Successfully Identified as Duplicate,NA,Pass,No Defect,NIL,NIL,Good output,Expected Output,,,
TL-3165,2026-06-30,Ithagani Shireesha,GDB,0.1,NIL,Web App,English,1f17429e-9193-6e08-8005-9620bdbfa34c,What are the essential management practices to follow in mango orchards immediately after the flowering stage in Kerala? ,Cultural and Crop Management Practices,07:47:00,10:18:00,3:02:00,SLA Breached,Yes,Well Framed,English,English,Correct,NIL,Correctly Tagged as Duplicate,Yes,Neelima M B,NA,NA,NA,NA,NA,NA,NA,NA,NA,NA,NA,NA,NA,NA,NA,NA,NA,NA,NA,NA,NA,NA,NA,Monica M,NA,10:17:34 AM,7 minutes 33 seconds 668 ms,Successfully Identified as Duplicate/Dynamic,Yes,Yes,Yes,Provided and relevant,NA,Received Late,NA,NA,Yes,Yes,Clear,Clear,NIL,NA,NA,NA,Saved,Saved,Successfully Identified as Duplicate,NA,Pass,No Defect,NIL,NIL,Good output,Expected Output,,,
TL-3166,2026-06-30,Ithagani Shireesha,Unique,0.1,NIL,Web App,English,1f1743db-a59c-698e-800c-829ed10b2d85,How should Trichoderma viride be applied in banana cultivation to manage soil-borne diseases in andhrapradesh?,Disease Management,06:05:00,07:39:12,1:44:12,Within SLA,Yes,Well Framed,English,English,Correct,NIL,Correctly Tagged as Duplicate,Yes,Soumya R,06:06:04,06:49:30,43m 26s,Mohammad,6:50:09 AM,7:15:28 AM,25m 19s,Suraiya Amin,7:16:04 AM,7:25:17 AM,9m 13s,Sharmila S,7:26:04 AM,7:30:20 AM,4m 16s,NA,NA,NA,NA,NA,NA,NA,NA,Utkarsh Singh Vishen,NA,7:39:12 AM,8 minutes 11 seconds 820 ms,Successfully Identified as Duplicate/Dynamic,Yes,Yes,Yes,Provided and relevant,NA,Received on Time,Yes,Yes,Yes,Yes,Clear,Clear,NIL,NA,NA,NA,Saved,Saved,Successfully Identified as Duplicate,NA,Pass,No Defect,NIL,NIL,Good output,Expected Output,,,
TL-3167,2026-06-30,Ithagani Shireesha,Unique,0.1,NIL,Web App,English,1f1743f6-6815-664e-800c-81c12b6b0197,How can I manage the wilting of banana plants caused by heavy rainfall and waterlogging in andhrapradesh?,Disease Management,06:06:00,07:43:15,1:49:15,Within SLA,Yes,Well Framed,English,English,Correct,NIL,Correctly Tagged as Duplicate,Yes,Neelima M B,06:07:04,07:04:20,57m 16s,Soumya R,7:05:05 AM,7:15:34 AM,10m 29s,Mohammad,7:16:04 AM,7:23:27 AM,7m 22s,Sharmila S,7:24:04 AM,7:25:44 AM,1m 39s,NA,NA,NA,NA,NA,NA,NA,NA,Tejas Dange,NA,7:43:15 AM,13 minutes 14 seconds 450 m,Successfully Identified as Duplicate/Dynamic,Yes,Yes,Yes,Provided and relevant,NA,Received on Time,Yes,Yes,Yes,Yes,Clear,Clear,NIL,NA,NA,NA,Saved,Saved,Successfully Identified as Duplicate,NA,Pass,No Defect,NIL,NIL,Good output,Expected Output,,,
TL-3168,2026-06-30,Ithagani Shireesha,Unique,0.1,NIL,Web App,English,1f17440a-c490-6826-800c-2abf368426b2,What is the recommended dosage and application method for Metalaxyl to control fungal diseases in banana crops in andhrapradesh?,Disease Management,06:07 AM•,08:06:09,2:12:09,SLA Breached,Yes,Well Framed,English,English,Correct,NIL,Correctly Tagged as Duplicate,Yes,Sharmila S,06:08:10,06:46:52,38m 42s,Suraiya Amin,6:47:06 AM,7:14:36 AM,27m 29s,Sippora Nandam,7:15:04 AM,7:30:38 AM,15m 33s,Soumya R,7:31:04 AM,7:41:14 AM,10m 10s,NA,NA,NA,NA,NA,NA,NA,NA,Tejas Dange,NA,8:06:09 AM,22 minutes 9 seconds 247 ms,Successfully Identified as Duplicate/Dynamic,Yes,Yes,Yes,Provided and relevant,NA,Received Late,Yes,Yes,Yes,Yes,Clear,Clear,NIL,NA,NA,NA,Saved,Saved,Successfully Identified as Duplicate,NA,Pass,No Defect,NIL,NIL,Good output,Expected Output,,,
TL-3169,2026-06-30,Ithagani Shireesha,Unique,0.1,NIL,Web App,English,1f174411-2f94-6897-800c-a2f4ed6cbf20,What are the causes and management strategies for banana leaves exhibiting red and white discoloration in andhrapradesh?,Soil Health and Nutrient Management,06:08:00,07:49:21,1:55:21,Within SLA,Yes,Well Framed,English,English,Correct,NIL,Correctly Tagged as Duplicate,Yes,Sippora Nandam,06:09:06,06:59:10,50m 4s,Atu,7:00:06 AM,7:15:41 AM,15m 34s,Soumya R,7:16:04 AM,7:23:18 AM,7m 13s,Neelima M B,7:24:04 AM,7:32:44 AM,8m 40s,NA,NA,NA,NA,NA,NA,NA,NA,Monica M,NA,7:49:21 AM,14 minutes 21 seconds 105 ms,Successfully Identified as Duplicate/Dynamic,Yes,Yes,Yes,Provided and relevant,NA,Received on Time,Yes,Yes,Yes,Yes,Clear,Clear,NIL,NA,NA,NA,Saved,Saved,Successfully Identified as Duplicate,NA,Pass,No Defect,NIL,NIL,Good output,Expected Output,,,
TL-3171,2026-06-30,Ithagani Shireesha,Unique,0.1,NIL,Web App,English,1f174439-1830-6da5-800c-16f559e2eaaa,"How can I effectively use Pseudomonas fluorescens and Phosphorus Solubilizing Bacteria (PSB) in banana cultivation, and are these two microbial agents compatible for application in andhrapradesh?",Bio-fertilizers and Bio-pesticides,06:09 AM•,07:30:23,1:39:23,Within SLA,Yes,Well Framed,English,English,Correct,NIL,Correctly Tagged as Duplicate,Yes,Varsha Shekhar,06:11:04,06:50:55,39m 51s,Soumya R,6:51:05 AM,7:01:17 AM,10m 11s,Sharmila S,7:02:05 AM,7:11:36 AM,9m 30s,Neelima M B,7:12:04 AM,7:18:42 AM,6m 37s,NA,NA,NA,NA,NA,NA,NA,NA,Utkarsh Singh Vishen,NA,7:30:23 AM,11 minutes 22 seconds 685 ms,Successfully Identified as Duplicate/Dynamic,Yes,Yes,Yes,Provided and relevant,NA,Received on Time,Yes,Yes,Yes,Yes,Clear,Clear,NIL,NA,NA,NA,Saved,Saved,Successfully Identified as Duplicate,NA,Pass,No Defect,NIL,NIL,Good output,Expected Output,,,
TL-3172,2026-06-30,Ithagani Shireesha,Unique,0.1,NIL,Web App,English,1f1741c5-4232-66b0-8005-d23faef613a3,"What are the symptoms of sulphur deficiency in banana plants, and what are the recommended control measures to manage this deficiency in andhrapradesh?",Soil Health and Nutrient Management,06:10:00,06:21:38,38sec,Within SLA,Yes,Well Framed,English,English,Correct,NIL,Correctly Tagged as Duplicate,Yes,Mini Mahajan,NA,NA,NA,NA,NA,NA,NA,NA,NA,NA,NA,NA,NA,NA,NA,NA,NA,NA,NA,NA,NA,NA,NA,Tejas Dange,NA,6:21:38 AM,10 minutes 37 seconds 807 ms,NA,Yes,Yes,Yes,Provided and relevant,NA,Received Late,Yes,Yes,Yes,Yes,Clear,Clear,NIL,NA,NA,NA,Saved,Saved,Successfully Identified as Duplicate,NA,Pass,No Defect,NIL,NIL,Good output,Expected Output,,,
TL-3174,2026-06-30,Ithagani Shireesha,Unique,0.1,NIL,Web App,English,1f1743fe-03cb-62d8-8005-cd4408d84802,How can I identify and manage Stem Borer infestations in my paddy crop in andhrapradesh?,Insect–Pest Management,10:25:00,10:25:11,11sec,Within SLA,Yes,Well Framed,English,English,Correct,NIL,Correctly Tagged as Duplicate,Yes,Anil Kumar S,NA,NA,NA,NA,NA,NA,NA,NA,NA,NA,NA,NA,NA,NA,NA,NA,NA,NA,NA,NA,NA,NA,NA,NA,NA,NA,NA,NA,Yes,Yes,Yes,Provided and relevant,NA,Received Late,NA,NA,Yes,Yes,Clear,Clear,NIL,NA,NA,NA,Yes,Saved,Successfully Identified as Duplicate,NA,Pass,No Defect,NIL,NIL,Good output,Expected Output,,,
TL-3175,2026-06-30,Ithagani Shireesha,GDB,0.1,NIL,Web App,English,1f174343-e9b5-66af-8005-faee1dacb821,What is the recommended dosage and application method for using seaweed-based growth promoters (such as Sagarika) in rubber plantations in Kerala?,Soil Health and Nutrient Management,09:01:00,09:01:56,56sec,Within SLA,Yes,Well Framed,English,English,Correct,NIL,Correctly Tagged as Duplicate,Yes,Dev Jagdishbhai Bhutiya,NA,NA,NA,NA,NA,NA,NA,NA,NA,NA,NA,NA,NA,NA,NA,NA,NA,NA,NA,NA,NA,NA,NA,NA,NA,NA,NA,Yes,Yes,Yes,Yes,Provided and relevant,NA,Received Late,NA,NA,Yes,Yes,Clear,Clear,NIL,NA,NA,NA,Yes,Saved,Successfully Identified as Duplicate,NA,Pass,No Defect,NIL,NIL,Good output,Expected Output,,,
TL-3176,2026-06-30,Ithagani Shireesha,GDB,0.1,NIL,Web App,English,1f17434b-b516-6a32-8005-a1b1ad42a94f,What is the standard method and mathematical equation used to calculate the required amount of fertilizer for a rubber plantation in Kerala?,Soil Health and Nutrient Management,09:05 AM•,09:05:25,25sec,Within SLA,Yes,Well Framed,English,English,Correct,NIL,Correctly Tagged as Duplicate,Yes,Bisen Nupur Chandrakumar,NA,NA,NA,NA,NA,NA,NA,NA,NA,NA,NA,NA,NA,NA,NA,NA,NA,NA,NA,NA,NA,NA,NA,NA,NA,NA,NA,Yes,Yes,Yes,Yes,Provided and relevant,NA,Received Late,NA,NA,Yes,Yes,Clear,Clear,NIL,NA,NA,NA,Yes,Saved,Successfully Identified as Duplicate,NA,Pass,No Defect,NIL,NIL,Good output,Expected Output,,,
TL-3177,2026-06-30,Ithagani Shireesha,GDB,0.1,NIL,Web App,English,1f17435d-2e37-663a-8005-9939dc455235,"Which slow-release fertilizers are recommended for rubber cultivation, and what is the appropriate dosage for magnesium application in Kerala?",Soil Health and Nutrient Management,09:13:00,09:13:14,14sec,Within SLA,Yes,Well Framed,English,English,Correct,NIL,Correctly Tagged as Duplicate,Yes,Lovely,NA,NA,NA,NA,NA,NA,NA,NA,NA,NA,NA,NA,NA,NA,NA,NA,NA,NA,NA,NA,NA,NA,NA,NA,NA,NA,NA,Yes,Yes,Yes,Yes,Provided and relevant,NA,Received Late,NA,NA,Yes,Yes,Clear,Clear,NIL,NA,NA,NA,Yes,Saved,Successfully Identified as Duplicate,NA,Pass,No Defect,NIL,NIL,Good output,Expected Output,,,
TL-3178,2026-06-30,Ithagani Shireesha,GDB,0.1,NIL,Web App,English,1f174362-50d6-6ee0-8005-aff931e86637,"Which varieties of chilli are most suitable for cultivation under shade net structures, and what are the key management practices for protected cultivation in Maharashtra?",Cultural and Crop Management Practices,09:15:00,09:15:32,52sec,Within SLA,Yes,Well Framed,English,English,Correct,NIL,Correctly Tagged as Duplicate,Yes,Atul Raj,NA,NA,NA,NA,NA,NA,NA,NA,NA,NA,NA,NA,NA,NA,NA,NA,NA,NA,NA,NA,NA,NA,NA,NA,NA,NA,NA,Yes,Yes,Yes,Yes,Provided and relevant,NA,Received Late,NA,NA,Yes,Yes,Clear,Clear,NIL,NA,NA,NA,Yes,Saved,Successfully Identified as Duplicate,NA,Pass,No Defect,NIL,NIL,Good output,Expected Output,,,
TL-3179,2026-06-30,Ithagani Shireesha,GDB,0.1,NIL,Web App,English,1f174367-299b-6341-8005-8008490205e1,What are the recommended varieties and optimal plant spacing for commercial chilli cultivation in Maharashtra?,Seed and Variety Selection,09:17:00,09:17:42,42sec,Within SLA,Yes,Well Framed,English,English,Correct,NIL,Correctly Tagged as Duplicate,Yes,Dev Jagdishbhai Bhutiya,NA,NA,NA,NA,NA,NA,NA,NA,NA,NA,NA,NA,NA,NA,NA,NA,NA,NA,NA,NA,NA,NA,NA,NA,NA,NA,NA,Yes,Yes,Yes,Yes,Provided and relevant,NA,Received Late,NA,NA,Yes,Yes,Clear,Clear,NIL,NA,NA,NA,Yes,Saved,Successfully Identified as Duplicate,NA,Pass,No Defect,NIL,NIL,Good output,Expected Output,,,
TL-3191,2026-06-30,Lavanya Mathialagan,GDB,0.1,NIL,Web App,English,1f174352-317a-6c87-8005-2ebc5914ba56,"What are the causes, symptoms, and management strategies for dieback disease in mango trees in Kerala?",Disease Management,09:08:00,09:08:19,19sec,Within SLA,Successfully Identified as Duplicate,Well Framed,English,English,correct,NIL,Correctly Tagged as Duplicate,NA,NA,NA,NA,NA,NA,NA,NA,NA,NA,NA,NA,NA,NA,NA,NA,NA,NA,NA,NA,NA,NA,NA,NA,NA,NA,NA,NA,NA,NA,Yes,Yes,Yes,Provided & Relevant,NA,NA,NA,,Yes,Yes,Clear ,Clear ,NIL,NA,NA,NA,Duplicate,Duplicate,Successfully Identified as Duplicate,NA,Pass,No Defect,NIL,NIL,Good to go,Expected Output,,,
TL-3192,2026-06-30,Lavanya Mathialagan,GDB,0.1,NIL,Web App,English,1f174359-acc7-696b-8005-f633c0223b62,What is the recommended dosage and application method for using Saaf (a fungicide) to manage diseases in mango trees in Kerala?,Disease Management,09:11:00,09:11:40,40sec,Within SLA,Successfully Identified as Duplicate,Well Framed,English,English,correct,NIL,Correctly Tagged as Duplicate,NA,NA,NA,NA,NA,NA,NA,NA,NA,NA,NA,NA,NA,NA,NA,NA,NA,NA,NA,NA,NA,NA,NA,NA,NA,NA,NA,NA,NA,NA,Yes,Yes,Yes,Provided & Relevant,NA,NA,NA,NA,Yes,Yes,Clear ,Clear ,NIL,NA,NA,NA,Duplicate,Duplicate,Successfully Identified as Duplicate,NA,Pass,No Defect,NIL,NIL,Good to go,Expected Output,,,
TL-3193,2026-06-30,Lavanya Mathialagan,GDB,0.1,NIL,Web App,English,1f17436a-a1d8-6301-8005-1095c3749a66,How should Pseudomonas fluorescens be applied to mango trees for effective disease management in Kerala?,Disease Management,09:19:00,09:19:15,15sec,Within SLA,Successfully Identified as Duplicate,Well Framed,English,English,correct,NIL,Correctly Tagged as Duplicate,NA,NA,NA,NA,NA,NA,NA,NA,NA,NA,NA,NA,NA,NA,NA,NA,NA,NA,NA,NA,NA,NA,NA,NA,NA,NA,NA,NA,NA,NA,Yes,Yes,Yes,Provided & Relevant,NA,NA,NA,NA,Yes,Yes,Clear ,Clear ,NIL,NA,NA,NA,Duplicate,Duplicate,Successfully Identified as Duplicate,NA,Pass,No Defect,NIL,NIL,Good to go,Expected Output,,,
TL-3194,2026-06-30,Lavanya Mathialagan,GDB,0.1,NIL,Web App,English,1f17436e-45d2-6a4c-8005-0b9fbc79941e,How can I identify and manage gall formation or abnormal growths on mango stems in Kerala?,Plant protection,09:20:00,09:20:53,53sec,Within SLA,Successfully Identified as Duplicate,Well Framed,English,English,correct,NIL,Correctly Tagged as Duplicate,NA,NA,NA,NA,NA,NA,NA,NA,NA,NA,NA,NA,NA,NA,NA,NA,NA,NA,NA,NA,NA,NA,NA,NA,NA,NA,NA,NA,NA,NA,Yes,Yes,Yes,Provided & Relevant,NA,NA,NA,NA,Yes,Yes,Clear ,Clear ,NIL,NA,NA,NA,Duplicate,Duplicate,Successfully Identified as Duplicate,NA,Pass,No Defect,NIL,NIL,Good to go,Expected Output,,,
TL-3195,2026-06-30,Lavanya Mathialagan,GDB,0.1,NIL,WhatsApp,English,1f17437f-2455-6860-8005-b0e93a438025,"What are the common pest attacks in mango cultivation, and how can they be effectively managed in Kerala?",Plant protection,09:28:00,09:28:26,26sec,Within SLA,Successfully Identified as Duplicate,Well Framed,English,English,correct,NIL,Correctly Tagged as Duplicate,NA,NA,NA,NA,NA,NA,NA,NA,NA,NA,NA,NA,NA,NA,NA,NA,NA,NA,NA,NA,NA,NA,NA,NA,NA,NA,NA,NA,NA,NA,Yes,Yes,Yes,Provided & Relevant,NA,NA,NA,NA,NA,NA,NA,NA,NIL,NA,NA,NA,Duplicate,Duplicate,Successfully Identified as Duplicate,NA,Pass,No Defect,NIL,NIL,Good to go,Expected Output,,,
TL-3196,2026-06-30,Lavanya Mathialagan,GDB,0.1,NIL,WhatsApp,English,1f17438c-8a4a-6c7d-800c-a134afdc868d,What are the best practices and management techniques to induce and improve flowering in mango trees in Kerala?,Cultural and Crop Management Practices,09:34:00,09:34:25,25sec,Within SLA,Successfully Identified as Duplicate,Well Framed,English,English,correct,NIL,Correctly Tagged as Duplicate,NA,NA,NA,NA,NA,NA,NA,NA,NA,NA,NA,NA,NA,NA,NA,NA,NA,NA,NA,NA,NA,NA,NA,NA,NA,NA,NA,NA,NA,NA,Yes,Yes,Yes,Provided & Relevant,NA,NA,NA,NA,NA,NA,NA,NA,NIL,NA,NA,NA,Duplicate,Duplicate,Successfully Identified as Duplicate,NA,Pass,No Defect,NIL,NIL,Good to go,Expected Output,,,
TL-3197,2026-06-30,Lavanya Mathialagan,GDB,0.1,NIL,WhatsApp,English,1f1743ba-3824-6aa8-8013-61f93b77d6ab,"What are the primary causes of fruit drop in mango trees, and what management practices can be implemented to reduce this loss in Kerala?",Plant protection,09:54:00,09:54:52,52sec,Within SLA,Successfully Identified as Duplicate,Well Framed,English,English,correct,NIL,Correctly Tagged as Duplicate,NA,NA,NA,NA,NA,NA,NA,NA,NA,NA,NA,NA,NA,NA,NA,NA,NA,NA,NA,NA,NA,NA,NA,NA,NA,NA,NA,NA,NA,NA,Yes,Yes,Yes,Provided & Relevant,NA,NA,NA,NA,NA,NA,NA,NA,NIL,NA,NA,NA,Duplicate,Duplicate,Successfully Identified as Duplicate,NA,Pass,No Defect,NIL,NIL,Good to go,Expected Output,,,
TL-3198,2026-06-30,Lavanya Mathialagan,GDB,0.1,NIL,WhatsApp,English,1f1743c0-ccbe-6130-801a-5213c57640a1,What are the best practices for nutrient management in mango orchards to ensure healthy growth and high fruit yield in Kerala?,Soil Health and Nutrient Management,09:57:00,09:57:48,48sec,Within SLA,Successfully Identified as Duplicate,Well Framed,English,English,correct,NIL,Correctly Tagged as Duplicate,NA,NA,NA,NA,NA,NA,NA,NA,NA,NA,NA,NA,NA,NA,NA,NA,NA,NA,NA,NA,NA,NA,NA,NA,NA,NA,NA,NA,NA,NA,Yes,Yes,Yes,Provided & Relevant,NA,NA,NA,NA,NA,NA,NA,NA,NIL,NA,NA,NA,Duplicate,Duplicate,Successfully Identified as Duplicate,NA,Pass,No Defect,NIL,NIL,Good to go,Expected Output,,,
TL-3199,2026-06-30,Lavanya Mathialagan,GDB,0.1,NIL,WhatsApp,English,1f1743e5-b56d-6b75-8021-d957e1c45a8e,What are the effective management strategies for controlling the Mango Fruit Fly infestation in mango orchards in Kerala?,Insect–Pest Management,10:14:00,10:14:19,19sec,Within SLA,Successfully Identified as Duplicate,Well Framed,English,English,correct,NIL,Correctly Tagged as Duplicate,NA,NA,NA,NA,NA,NA,NA,NA,NA,NA,NA,NA,NA,NA,NA,NA,NA,NA,NA,NA,NA,NA,NA,NA,NA,NA,NA,NA,NA,NA,Yes,Yes,Yes,Provided & Relevant,NA,NA,NA,NA,NA,NA,NA,NA,NIL,NA,NA,NA,Duplicate,Duplicate,Successfully Identified as Duplicate,NA,Pass,No Defect,NIL,NIL,Good to go,Expected Output,,,
TL-3227,2026-06-30,Ithagani Shireesha,GDB,0.1,NIL,Web App,English,1f174387-8c82-6bab-8005-62a4e64c425f,Which varieties of chilli are recommended for cultivation to ensure resistance against viral diseases in Maharashtra?,Disease Management,09:32:00,09:32:11,11sec,Within SLA,Yes,Well Framed,English,English,Correct,NIL,Correctly Tagged as Duplicate,Yes,Soumya R,NA,NA,NA,NA,NA,NA,NA,NA,NA,NA,NA,NA,NA,NA,NA,NA,NA,NA,NA,NA,NA,NA,NA,NA,NA,NA,NA,Successfully Identified as Duplicate/Dynamic,Yes,Yes,Yes,Provided and relevant,NA,NA,NA,NA,Yes,Yes,clear,clear,NIL,NA,NA,NA,Yes,Saved,Successfully Identified as Duplicate,NA,Pass,No Defect,NIL,NIL,Good output ,Expected Output,,,
TL-3228,2026-06-30,Ithagani Shireesha,GDB,0.1,NIL,Web App,English,1f17438c-434b-686f-8005-6689eee7de45,What are the key characteristics and cultivation requirements for the Sankeshwari chilli variety in Maharashtra?,Seed and Variety Selection,09:34:00,09:34:18,18sec,Within SLA,Yes,Well Framed,English,English,Correct,NIL,Correctly Tagged as Duplicate,Yes,C Sai Durga,NA,NA,NA,NA,NA,NA,NA,NA,NA,NA,NA,NA,NA,NA,NA,NA,NA,NA,NA,NA,NA,NA,NA,NA,NA,NA,NA,Successfully Identified as Duplicate/Dynamic,Yes,Yes,Yes,Provided and relevant,NA,NA,NA,NA,Yes,Yes,clear,clear,NIL,NA,NA,NA,Yes,Saved,Successfully Identified as Duplicate,NA,Pass,No Defect,NIL,NIL,Good output ,Expected Output,,,
TL-3229,2026-06-30,Ithagani Shireesha,GDB,0.1,NIL,Web App,English,1f174392-91ca-6132-8005-1e4cb90801d7,"g estaI planted the Sitara variety of chilli seeds, but after 75 days, I have observed a very low germination rate and poor seedlinblishment. What could be the reasons and how can I manage this in Maharashtra?",Seed and Variety Selection,09:37:00,09:37:07,7sec,Within SLA,Yes,Well Framed,English,English,Correct,NIL,Correctly Tagged as Duplicate,Yes,Shivendra Pratap Singh,NA,NA,NA,NA,NA,NA,NA,NA,NA,NA,NA,NA,NA,NA,NA,NA,NA,NA,NA,NA,NA,NA,NA,NA,NA,NA,NA,Successfully Identified as Duplicate/Dynamic,Yes,Yes,Yes,Provided and relevant,NA,NA,NA,NA,Yes,Yes,clear,clear,NIL,NA,NA,NA,Yes,Saved,Successfully Identified as Duplicate,NA,Pass,No Defect,NIL,NIL,Good output ,Expected Output,,,
TL-3230,2026-06-30,Ithagani Shireesha,GDB,0.1,NIL,Web App,English,1f174397-445b-6e97-8005-d6e6f6b87dca,"Could you please provide detailed information regarding the characteristics, cultivation practices, and benefits of the Pusa Jwala chilli variety in Maharashtra?",Seed and Variety Selection,09:39:00,09:39:13,13sec,Within SLA,Yes,Well Framed,English,English,Correct,NIL,Correctly Tagged as Duplicate,Yes,Shivendra Pratap Singh,NA,NA,NA,NA,NA,NA,NA,NA,NA,NA,NA,NA,NA,NA,NA,NA,NA,NA,NA,NA,NA,NA,NA,NA,NA,NA,NA,Successfully Identified as Duplicate/Dynamic,Yes,Yes,Yes,Provided and relevant,NA,NA,NA,NA,Yes,Yes,clear,clear,NIL,NA,NA,NA,Yes,Saved,Successfully Identified as Duplicate,NA,Pass,No Defect,NIL,NIL,Good output ,Expected Output,,,
TL-3231,2026-06-30,Ithagani Shireesha,GDB,0.1,NIL,Web App,English,1f17439b-ba2f-6510-8005-13381bb87daf,How can I obtain information regarding recommended chilli varieties and contact the Maharashtra Agriculture Department for guidance in Maharashtra?,Seed and Variety Selection,09:41:00,09:41:13,13sec,Within SLA,Yes,Well Framed,English,English,Correct,NIL,Correctly Tagged as Duplicate,Yes,Dev Jagdishbhai Bhutiya,NA,NA,NA,NA,NA,NA,NA,NA,NA,NA,NA,NA,NA,NA,NA,NA,NA,NA,NA,NA,NA,NA,NA,NA,NA,NA,NA,Successfully Identified as Duplicate/Dynamic,Yes,Yes,Yes,Provided and relevant,NA,NA,NA,NA,Yes,Yes,clear,clear,NIL,NA,NA,NA,Yes,Saved,Successfully Identified as Duplicate,NA,Pass,No Defect,NIL,NIL,Good output ,Expected Output,,,
TL-3232,2026-06-30,Ithagani Shireesha,GDB,0.1,NIL,Web App,English,1f1743bd-9783-639c-8005-fe5f9a3643df,"What are the symptoms of Mango Hopper infestation, and what are the most effective management strategies to control it in Kerala?",Insect–Pest Management,09:56:00,09:56:22,22sec,Within SLA,Yes,Well Framed,English,English,Correct,NIL,Correctly Tagged as Duplicate,Yes,Lovely,NA,NA,NA,NA,NA,NA,NA,NA,NA,NA,NA,NA,NA,NA,NA,NA,NA,NA,NA,NA,NA,NA,NA,NA,NA,NA,NA,Successfully Identified as Duplicate/Dynamic,Yes,Yes,Yes,Provided and relevant,NA,NA,NA,NA,Yes,Yes,clear,clear,NIL,NA,NA,NA,Yes,Saved,Successfully Identified as Duplicate,NA,Pass,No Defect,NIL,NIL,Good output ,Expected Output,,,
TL-3236,2026-06-30,Ithagani Shireesha,GDB,0.1,NIL,Web App,English,1f1744ca-1785-6dd0-8005-de729d2ad01a,"What are the symptoms of potassium deficiency in mango trees, and how can it be effectively managed in Kerala?",Soil Health and Nutrient Management,11:56:00,11:56:30,30sec,Within SLA,Yes,Well Framed,English,English,Correct,NIL,Correctly Tagged as Duplicate,Yes,Monica M,NA,NA,NA,NA,NA,NA,NA,NA,NA,NA,NA,NA,NA,NA,NA,NA,NA,NA,NA,NA,NA,NA,NA,NA,NA,NA,NA,Successfully Identified as Duplicate/Dynamic,Yes,Yes,Yes,Provided and relevant,NA,Received Late,NA,NA,Yes,Yes,Clear,Clear,NIL,NA,NA,NA,Yes,Saved,Successfully Identified as Duplicate,NA,Pass,No Defect,NIL,NIL,Good output,Expected Output,,,
TL-3237,2026-06-30,Ithagani Shireesha,GDB,0.1,NIL,Web App,English,1f174503-ffb6-6944-8005-2081dabbcaaa,What are the effective management strategies for controlling leaf-eating caterpillars in mango orchards in Kerala?,Insect–Pest Management,12:22:00,12:22:24 PM,24sec,Within SLA,Yes,Well Framed,English,English,Correct,NIL,Correctly Tagged as Duplicate,Yes,Atul Raj,NA,NA,NA,NA,NA,NA,NA,NA,NA,NA,NA,NA,NA,NA,NA,NA,NA,NA,NA,NA,NA,NA,NA,NA,NA,NA,NA,Successfully Identified as Duplicate/Dynamic,Yes,Yes,Yes,Provided and relevant,NA,Received Late,NA,NA,Yes,Yes,Clear,Clear,NIL,NA,NA,NA,Yes,Saved,Successfully Identified as Duplicate,NA,Pass,No Defect,NIL,NIL,Good output,Expected Output,,,
TL-3238,2026-06-30,Ithagani Shireesha,GDB,0.1,NIL,Web App,English,1f17450d-80ea-6e62-8005-693b15d56b1f,"What are the best practices for selecting, preparing, and planting mango seedlings in a new orchard in Kerala?",Seed and Variety Selection,12:26:00,12:26:39,39sec,Within SLA,Yes,Well Framed,English,English,Correct,NIL,Correctly Tagged as Duplicate,Yes,Rajwant Kaur,NA,NA,NA,NA,NA,NA,NA,NA,NA,NA,NA,NA,NA,NA,NA,NA,NA,NA,NA,NA,NA,NA,NA,NA,NA,NA,NA,Successfully Identified as Duplicate/Dynamic,Yes,Yes,Yes,Provided and relevant,NA,Received Late,NA,NA,Yes,Yes,Clear,Clear,NIL,NA,NA,NA,Yes,Saved,Successfully Identified as Duplicate,NA,Pass,No Defect,NIL,NIL,Good output,Expected Output,,,
TL-3239,2026-06-30,Ithagani Shireesha,GDB,0.1,NIL,Web App,English,1f174517-6f1b-67f7-8005-bb6278813013,How can I manage ant infestations in my mango orchard in Kerala?,Insect–Pest Management,12:31:00,12:31:06,6sec,Within SLA,Yes,Well Framed,English,English,Correct,NIL,Correctly Tagged as Duplicate,Yes,Anil Kumar S,NA,NA,NA,NA,NA,NA,NA,NA,NA,NA,NA,NA,NA,NA,NA,NA,NA,NA,NA,NA,NA,NA,NA,NA,NA,NA,NA,Successfully Identified as Duplicate/Dynamic,Yes,Yes,Yes,Provided and relevant,NA,Received Late,NA,NA,Yes,Yes,Clear,Clear,NIL,NA,NA,NA,Yes,Saved,Successfully Identified as Duplicate,NA,Pass,No Defect,NIL,NIL,Good output,Expected Output,,,
TL-3240,2026-06-30,Ithagani Shireesha,GDB,0.1,NIL,Web App,English,1f17451b-ce9b-651e-8005-614fe2f283ef,"How can I procure high-quality mango seedlings for my orchard, and what factors should I consider during selection in Kerala?",Seed and Variety Selection,12:33:00,12:33:03,3sec,Within SLA,Yes,Well Framed,English,English,Correct,NIL,Correctly Tagged as Duplicate,Yes,Sharmila S,NA,NA,NA,NA,NA,NA,NA,NA,NA,NA,NA,NA,NA,NA,NA,NA,NA,NA,NA,NA,NA,NA,NA,NA,NA,NA,NA,Successfully Identified as Duplicate/Dynamic,Yes,Yes,Yes,Provided and relevant,NA,Received Late,NA,NA,Yes,Yes,Clear,Clear,NIL,NA,NA,NA,Yes,Saved,Successfully Identified as Duplicate,NA,Pass,No Defect,NIL,NIL,Good output,Expected Output,,,
TL-3241,2026-06-30,Ithagani Shireesha,GDB,0.1,NIL,Web App,English,1f174520-a052-640d-8005-402882cfc3c2,How can I identify and manage worm infestations in mango fruits in Kerala?,Insect–Pest Management,12:35:00,12:35:12,12sec,Within SLA,Yes,Well Framed,English,English,Correct,NIL,Correctly Tagged as Duplicate,Yes,Sapanpreet Kaur,NA,NA,NA,NA,NA,NA,NA,NA,NA,NA,NA,NA,NA,NA,NA,NA,NA,NA,NA,NA,NA,NA,NA,NA,NA,NA,NA,Successfully Identified as Duplicate/Dynamic,Yes,Yes,Yes,Provided and relevant,NA,Received Late,NA,NA,Yes,Yes,Clear,Clear,NIL,NA,NA,NA,Yes,Saved,Successfully Identified as Duplicate,NA,Pass,No Defect,NIL,NIL,Good output,Expected Output,,,
TL-3358,2026-06-30,T. Vishnu Vardhan,UNIQUE,0.1,NIL,WhatsApp,English,"1f17475a-615b-6981-8013-96cab4d8f338
                           6a43a625d5bbcaa6bc8222de",What are the causes and management strategies for interrupted panicle emergence in paddy crops in Odisha?,Plant protection,16:49:00,07:20:51,"14 hours, 31 minutes",SLA Breached,Yes,Well Framed,English,English,Good,NIL,NA,Yes,Rimpa Bera,4:51:04 PM,18:35:31,1h 44m 26s,Mallikarjun,6:40:04 PM,6:53:57 PM,13m 52s,Vinay,8:48:08 PM,10:03:03 PM,1h 14m 54s,Ambika,10:12:04 PM,10:21:51 PM,9m 46s,Mariselvi,10:33:04 PM,10:48:10 PM,15m 6s,Jahnavi Gaddam,6:03:08 AM,6:10:14 AM,7m 5s,Tejas Dange,6:10:14 AM,7:20:51 AM,12 minutes 51 seconds,NA,Yes,Yes,Yes,Provided & Relevant,Yes,Not Received,Yes,Coreect,NA,Yes,clear,Clear,"NIl, no issue",NA,NA,NA,Yes,Saved,Yes,NA,Pass,No Defect,NA,NIL,"SLA brecahed, received answer next day.",Expected Output,,,
TL-3359,2026-06-30,T. Vishnu Vardhan,UNIQUE,0.1,NIL,WhatsApp,Telugu,"1f17475a-615b-6981-8013-96cab4d8f338
                        6a43a647d5bbcaa6bc822306","If herbicide is accidentally applied in the wrong method or wrong dosage in a paddy field in Odisha, what immediate actions and corrective measures should be taken?",Weed Management,16:49:00,7:13:05 AM,"14 hours, 24 minutes",SLA Breached,Yes,Well Framed,English,Telugu,Good,NIL,NA,Yes,Rimpa Bera,4:55:04 PM,17:26:30,31m 26s,Mariselvi,6:35:05 PM,7:04:24 PM,29m 19s,Mallikarjun,7:12:04 PM,7:21:55 PM,9m 50s,Ambika,7:31:04 PM,7:42:33 PM,11m 28s,Vinay,7:57:05 PM,8:05:02 PM,7m 57s,NA,NA,NA,NA,Simranpreet Kaur,8:05:02 PM,7:13:05 AM,4 minutes 4 seconds,NA,Yes,Yes,Yes,Provided & Relevant,Yes,Not Received,Yes,Coreect,NA,Yes,clear,Clear,"NIl, no issue",NA,NA,NA,Yes,Saved,Yes,NA,Pass,No Defect,NA,NIL,"SLA brecahed, received answer next day.",Expected Output,,,
TL-3360,2026-06-30,T. Vishnu Vardhan,UNIQUE,0.1,NIL,WhatsApp,Telugu,"1f17475a-615b-6981-8013-96cab4d8f338
                   6a43a666d5bbcaa6bc8223a2",What is the recommended dosage and application method for using Ferterra in paddy cultivation in Odisha?,Plant protection,16:50:00,07:13:25,"14 hours, 25 minutes",SLA Breached,Yes,Well Framed,English,Telugu,Good,NIL,NA,Yes,Rajwant Kaur,5:07:04 PM,17:30:12,23m 7s,Mallikarjun,6:54:04 PM,7:03:03 PM,8m 58s,Ambika,7:14:07 PM,7:30:53 PM,16m 46s,Vinay,8:06:04 PM,8:28:58 PM,22m 53s,NA,NA,NA,NA,NA,NA,NA,NA,Shivendra Pratap Singh,8:28:58 PM,7:13:25 AM,3 minutes 25 seconds,NA,Yes,Yes,Yes,Provided & Relevant,Yes,Not Received,Yes,Coreect,NA,Yes,clear,Clear,"NIl, no issue",NA,NA,NA,Yes,Saved,Yes,NA,Pass,No Defect,NA,NIL,"SLA brecahed, received answer next day.",Expected Output,,,
TL-3430,2026-06-01,Ithagani Shireesha,GDB,0.1,NIL,Web App,English,1f174f1b-f460-620f-8005-85bf84b39c97,"What are the causes, symptoms, and management strategies for stem bleeding disease in mango trees in Kerala?",Disease Management,07:38:00,07:38:27,27sec,Within SLA,Yes,Well Framed,English,English,Correct,NIL,Correctly Tagged as Duplicate,Yes,Sippora Nandam,NA,NA,NA,NA,NA,NA,NA,NA,NA,NA,NA,NA,NA,NA,NA,NA,NA,NA,NA,NA,NA,NA,NA,NA,NA,NA,NA,Yes,Yes,Yes,Yes,Provided & Relevant,NA,NA,NA,NA,Yes,Yes,Clear,Clear,Good input and output,NA,NA,NA,Saved,Saved,Successfully Identified as Duplicate,NA,Pass,No Defect,NIL,NIL,Good output,Expected Output,,,
TL-3431,2026-06-01,Ithagani Shireesha,GDB,0.1,NIL,Web App,English,1f174f1e-5a47-6217-8005-630802fb58c2,What are the effective methods for controlling Loranthus infestation in mango trees in Kerala?,Weed Management,07:39:00,07:39:31,31sec,Within SLA,Yes,Well Framed,English,English,Correct,NIL,Correctly Tagged as Duplicate,Yes,Bisen Nupur Chandrakumar,NA,NA,NA,NA,NA,NA,NA,NA,NA,NA,NA,NA,NA,NA,NA,NA,NA,NA,NA,NA,NA,NA,NA,NA,NA,NA,NA,Yes,Yes,Yes,Yes,Provided & Relevant,NA,NA,NA,NA,Yes,Yes,Clear,Clear,Good input and output,NA,NA,NA,Saved,Saved,Successfully Identified as Duplicate,NA,Pass,No Defect,NIL,NIL,Good output,Expected Output,,,
TL-3432,2026-06-01,Ithagani Shireesha,GDB,0.1,NIL,Web App,English,1f174f1e-ebc5-60f0-8005-cab9ebabc2d6,"What are the causes, symptoms, and management strategies for rot in mango fruits in Kerala?",Disease Management,07:39:00,07:39:46,46sec,Within SLA,Yes,Well Framed,English,English,Correct,NIL,Correctly Tagged as Duplicate,Yes,Prerna Bharti,NA,NA,NA,NA,NA,NA,NA,NA,NA,NA,NA,NA,NA,NA,NA,NA,NA,NA,NA,NA,NA,NA,NA,NA,NA,NA,NA,Yes,Yes,Yes,Yes,Provided & Relevant,NA,NA,NA,NA,Yes,Yes,Clear,Clear,Good input and output,NA,NA,NA,Saved,Saved,Successfully Identified as Duplicate,NA,Pass,No Defect,NIL,NIL,Good output,Expected Output,,,
TL-3448,2026-06-01,Ithagani Shireesha,GDB,0.1,NIL,Web App,English,1f1750f8-38ba-6a22-8005-189ce96b477d,How effective is herbicide spray for weed control in wheat during foggy conditions in Haryana?,Weed Management,11:11:00,11:11:31,31sec,Within SLA,Yes,Well Framed,English,English,Correct,NIL,Correctly Tagged as Duplicate,Yes,Yash Praveen Khot,NA,NA,NA,NA,NA,NA,NA,NA,NA,NA,NA,NA,NA,NA,NA,NA,NA,NA,NA,NA,NA,NA,NA,NA,NA,NA,NA,Yes,Yes,Yes,Yes,Provided & Irrelevant,NA,NA,NA,NA,Yes,Yes,Clear,Clear,NIL,NA,NA,NA,SAVED,Saved,Successfully Identified as Duplicate,NA,Pass,No Defect,NIL,NIL,Good output,Expected Output,,,
TL-3449,2026-06-01,Ithagani Shireesha,GDB,0.1,NIL,Web App,English,1f1750f4-89d1-6991-8005-d52089c85221,What is the recommended amount of Raxil for seed treatment in wheat in Haryana?,Seed and Variety Selection,11:09:00,11:09:52,52sec,Within SLA,Yes,Well Framed,English,English,Correct,NIL,Correctly Tagged as Duplicate,Yes,Rajwant Kaur,NA,NA,NA,NA,NA,NA,NA,NA,NA,NA,NA,NA,NA,NA,NA,NA,NA,NA,NA,NA,NA,NA,NA,NA,NA,NA,NA,Yes,Yes,Yes,Yes,Provided & Relevant,NA,NA,NA,NA,Yes,Yes,Clear,Clear,NIL,NA,NA,NA,SAVED,Saved,Successfully Identified as Duplicate,NA,Pass,No Defect,NIL,NIL,Good output,Expected Output,,,
TL-3450,2026-06-01,Ithagani Shireesha,GDB,0.1,NIL,Web App,English,1f175104-b730-68c0-8005-ee40665fa537,What are the recommended early sown wheat varieties for Haryana region?,Seed and Variety Selection,", 11:17 AM",11:17:07,7sec,Within SLA,Yes,Well Framed,English,English,Correct,NIL,Correctly Tagged as Duplicate,Yes,Jayashree N,NA,NA,NA,NA,NA,NA,NA,NA,NA,NA,NA,NA,NA,NA,NA,NA,NA,NA,NA,NA,NA,NA,NA,NA,NA,NA,NA,Yes,Yes,Yes,Yes,Provided & Relevant,NA,NA,NA,NA,Yes,Yes,Clear,Clear,NIL,NA,NA,NA,SAVED,Saved,Successfully Identified as Duplicate,NA,Pass,No Defect,NIL,NIL,Good output,Expected Output,,,
TL-3451,2026-06-01,Ithagani Shireesha,GDB,0.1,NIL,Web App,English,1f175113-3f29-6288-8005-405bc79ea37e,"Can sulfosulfuron and 2,4-D herbicides be mixed together for weed control in wheat in Haryana?",Plant protection,11:23:00,11:23:37,37sec,Within SLA,Yes,Well Framed,English,English,Correct,NIL,Correctly Tagged as Duplicate,Yes,Khaja Suhaib,NA,NA,NA,NA,NA,NA,NA,NA,NA,NA,NA,NA,NA,NA,NA,NA,NA,NA,NA,NA,NA,NA,NA,NA,NA,NA,NA,Yes,Yes,Yes,Yes,Provided & Relevant,NA,NA,NA,NA,Yes,Yes,Clear,Clear,NIL,NA,NA,NA,SAVED,Saved,Successfully Identified as Duplicate,NA,Pass,No Defect,NIL,NIL,Good output,Expected Output,,,
TL-3452,2026-06-01,Ithagani Shireesha,GDB,0.1,NIL,Web App,English,1f175118-886b-65d4-8005-dd4d145cc4f7,Which spray should I use to control aphids (mandusi) in wheat in Haryana?,Insect–Pest Management,11:25:00,11:25:59,59sec,Within SLA,Yes,Well Framed,English,English,Correct,NIL,Correctly Tagged as Duplicate,Yes,Tejas Dange,NA,NA,NA,NA,NA,NA,NA,NA,NA,NA,NA,NA,NA,NA,NA,NA,NA,NA,NA,NA,NA,NA,NA,NA,NA,NA,NA,Yes,Yes,Yes,Yes,Provided & Relevant,NA,NA,NA,NA,Yes,Yes,Clear,Clear,NIL,NA,NA,NA,Saved,Saved,Successfully Identified as Duplicate,NA,Pass,No Defect,NIL,NIL,Good output,Expected Output,,,
TL-3453,2026-06-01,Ithagani Shireesha,GDB,0.1,NIL,Web App,English,1f17511b-3ae9-6667-8005-f9d9c14d3543,How can I manage pesticide resistance in wheat crop in Haryana?,Insect–Pest Management,11:27:00,11:27:11,11sec,Within SLA,Yes,Well Framed,English,English,Correct,NIL,Correctly Tagged as Duplicate,Yes,Shivendra Pratap Singh,NA,NA,NA,NA,NA,NA,NA,NA,NA,NA,NA,NA,NA,NA,NA,NA,NA,NA,NA,NA,NA,NA,NA,NA,NA,NA,NA,Yes,Yes,Yes,Yes,Provided & Relevant,NA,NA,NA,NA,Yes,Yes,Clear,Clear,NIL,NA,NA,NA,Saved,Saved,Successfully Identified as Duplicate,NA,Pass,No Defect,NIL,NIL,Good output,Expected Output,,,
TL-3454,2026-06-01,Ithagani Shireesha,GDB,0.1,NIL,Web App,English,1f175124-e6e4-6211-8005-0090f2210b05,Which are the new wheat varieties suitable for cultivation in Haryana?,Seed and Variety Selection,11:31:00,11:31:31,31sec,Within SLA,Yes,Well Framed,English,English,Correct,NIL,Correctly Tagged as Duplicate,Yes,Rohan Chand,NA,NA,NA,NA,NA,NA,NA,NA,NA,NA,NA,NA,NA,NA,NA,NA,NA,NA,NA,NA,NA,NA,NA,NA,NA,NA,NA,Yes,Yes,Yes,Yes,Provided & Relevant,NA,NA,NA,NA,Yes,Yes,Clear,Clear,NIL,NA,NA,NA,Saved,Saved,Successfully Identified as Duplicate,NA,Pass,No Defect,NIL,NIL,Good output,Expected Output,,,
TL-3455,2026-06-01,Ithagani Shireesha,GDB,0.1,NIL,Web App,English,1f175127-6f6e-6c13-8005-74d904231bf9,What is the recommended information regarding foliar application of urea and zinc sulphate in wheat in Haryana?,Soil Health and Nutrient Management,11:32:00,11:32:39,39sec,Within SLA,Yes,Well Framed,English,English,Correct,NIL,Correctly Tagged as Duplicate,Yes,Pooja Soni,NA,NA,NA,NA,NA,NA,NA,NA,NA,NA,NA,NA,NA,NA,NA,NA,NA,NA,NA,NA,NA,NA,NA,NA,NA,NA,NA,Yes,Yes,Yes,Yes,Provided & Relevant,NA,NA,NA,NA,Yes,Yes,Clear,Clear,NIL,NA,NA,NA,Saved,Saved,Successfully Identified as Duplicate,NA,Pass,No Defect,NIL,NIL,Good output,Expected Output,,,
TL-3456,2026-06-01,Ithagani Shireesha,GDB,0.1,NIL,Web App,English,1f17512c-2b43-6b69-8005-759c64cdf6a2,What are the important considerations and problems related to wheat sowing in Haryana?,Cultural and Crop Management Practices,11:34:00,11:34:46,46sec,Within SLA,Yes,Well Framed,English,English,Correct,NIL,Correctly Tagged as Duplicate,Yes,Monica M,NA,NA,NA,NA,NA,NA,NA,NA,NA,NA,NA,NA,NA,NA,NA,NA,NA,NA,NA,NA,NA,NA,NA,NA,NA,NA,NA,Yes,Yes,Yes,Yes,Provided & Relevant,NA,NA,NA,NA,Yes,Yes,Clear,Clear,NIL,NA,NA,NA,Saved,Saved,Successfully Identified as Duplicate,NA,Pass,No Defect,NIL,NIL,Good output,Expected Output,,,
TL-3457,2026-06-01,Ithagani Shireesha,GDB,0.1,NIL,Web App,English,1f175130-7b20-63bf-8005-ff0f8c401d6b,What are the effective methods for controlling diseases in wheat crop in Haryana?,Disease Management,", 11:36 AM",11:36:41,41sec,Within SLA,Yes,Well Framed,English,English,Correct,NIL,Correctly Tagged as Duplicate,Yes,Girishma Gonnabathula,NA,NA,NA,NA,NA,NA,NA,NA,NA,NA,NA,NA,NA,NA,NA,NA,NA,NA,NA,NA,NA,NA,NA,NA,NA,NA,NA,Yes,Yes,Yes,Yes,Provided & Relevant,NA,NA,NA,NA,Yes,Yes,Clear,Clear,NIL,NA,NA,NA,Saved,Saved,Successfully Identified as Duplicate,NA,Pass,No Defect,NIL,NIL,Good output,Expected Output,,,
TL-3458,2026-06-01,Ithagani Shireesha,GDB,0.1,NIL,Web App,English,1f17513c-496d-6a49-8005-78690798a77c,What is the recommended fertilizer application schedule for wheat crop in Haryana?,Soil Health and Nutrient Management,11:41:00,11:41:58,58sec,Within SLA,Yes,Well Framed,English,English,Correct,NIL,Correctly Tagged as Duplicate,Yes,Tejas Dange,NA,NA,NA,NA,NA,NA,NA,NA,NA,NA,NA,NA,NA,NA,NA,NA,NA,NA,NA,NA,NA,NA,NA,NA,NA,NA,NA,Yes,Yes,Yes,Yes,Provided & Relevant,NA,NA,NA,NA,Yes,Yes,Clear,Clear,NIL,NA,NA,NA,Saved,Saved,Successfully Identified as Duplicate,NA,Pass,No Defect,NIL,NIL,Good output,Expected Output,,,
TL-3459,2026-06-01,Ithagani Shireesha,GDB,0.1,NIL,Web App,English,1f175143-a313-6b3a-8005-a7bb10036e73,How to control narrow-leaved weeds (choti mandusi) and broad-leaved weeds (badi mandusi) in wheat crop in Haryana?,Weed Management,11:45:00,11:45:16,16sec,Within SLA,Yes,Well Framed,English,English,Correct,NIL,Correctly Tagged as Duplicate,Yes,Shivendra Pratap Singh,NA,NA,NA,NA,NA,NA,NA,NA,NA,NA,NA,NA,NA,NA,NA,NA,NA,NA,NA,NA,NA,NA,NA,NA,NA,NA,NA,Yes,Yes,Yes,Yes,Provided & Relevant,NA,NA,NA,NA,Yes,Yes,Clear,Clear,NIL,NA,NA,NA,Saved,Saved,Successfully Identified as Duplicate,NA,Pass,No Defect,NIL,NIL,Good output,Expected Output,,,
TL-3477,2026-06-01,Lavanya Mathialagan,GDB,0.1,NIL,Web App,English,1f17508c-9614-651f-8005-647ce15071c6,What are the characteristics and yield potential of the improved wheat variety DBW-17 in Haryana?,Seed and Variety Selection,10:23:00,10:23:22,22sec,Within SLA,Successfully Identified as Duplicate,Well Framed,English,English,Correct,NIL,Correctly Tagged as Duplicate,NA,NA,NA,NA,NA,NA,NA,NA,NA,NA,NA,NA,NA,NA,NA,NA,NA,NA,NA,NA,NA,NA,NA,NA,NA,NA,NA,NA,NA,NA,Yes,Yes,Yes,Yes,NA,NA,NA,NA,Yes,Yes,Clear,Clear,NIl,NA,NA,NA,Saved,Saved,Successfully Identified as Duplicate,NA,Pass,No Defect,NIL,NIL,good to go,Expected Output,,,
TL-3478,2026-06-01,Lavanya Mathialagan,GDB,0.1,NIL,Web App,English,1f1750a1-8b68-6f4e-8005-87f254fdf826,Which improved wheat varieties are suitable for saline-alkali soils in Haryana?,Seed and Variety Selection,10:32:00,10:32:44,44sec,Within SLA,Successfully Identified as Duplicate,Well Framed,English,Hindi,Wrong ,Asked question in english but received answer in hindi,Correctly Tagged as Duplicate,NA,NA,NA,NA,NA,NA,NA,NA,NA,NA,NA,NA,NA,NA,NA,NA,NA,NA,NA,NA,NA,NA,NA,NA,NA,NA,NA,NA,NA,NA,Yes,Yes,Yes,Yes,NA,NA,NA,NA,Yes,Yes,Clear,Clear,NIL,NA,NA,NA,Saved,Saved,Successfully Identified as Duplicate,NA,Pass,High,NIL,NIL,Asked in english and answer given hindi mixed english,Anomaly Found in Output,,,
TL-3479,2026-06-01,Lavanya Mathialagan,GDB,0.1,NIL,Web App,English,1f1750b4-c655-63bd-8005-a9ad5d271f4c,How can I control button weed (Bathu) in wheat crop in Haryana?,Weed Management,10:41:00,10:41:21,21sec,Within SLA,Successfully Identified as Duplicate,Well Framed,English,English,Correct,NIL,Correctly Tagged as Duplicate,NA,NA,NA,NA,NA,NA,NA,NA,NA,NA,NA,NA,NA,NA,NA,NA,NA,NA,NA,NA,NA,NA,NA,NA,NA,NA,NA,NA,NA,NA,Yes,Yes,Yes,Yes,NA,NA,NA,NA,Yes,Yes,Clear,Clear,NIL,NA,NA,NA,Saved,Saved,Successfully Identified as Duplicate,NA,Pass,No Defect,NIL,NIL,Good to go,Expected Output,,,
TL-3480,2026-06-01,Lavanya Mathialagan,GDB,0.1,NIL,Web App,English,1f1750c0-14ef-62c3-8005-21fda9c50bc0,What is the average yield of PBW-343 wheat variety in Haryana?,Seed and Variety Selection,10:46:00,10:46:24,24sec,Within SLA,Successfully Identified as Duplicate,Well Framed,English,English,Correct,NIL,Correctly Tagged as Duplicate,NA,NA,NA,NA,NA,NA,NA,NA,NA,NA,NA,NA,NA,NA,NA,NA,NA,NA,NA,NA,NA,NA,NA,NA,NA,NA,NA,NA,NA,NA,Yes,Yes,Yes,Yes,NA,NA,NA,NA,Yes,Yes,Clear,Clear,NIL,NA,NA,NA,Saved,Saved,Successfully Identified as Duplicate,NA,Pass,No Defect,NIL,NIL,Good to go,Expected Output,,,
TL-3481,2026-06-01,Lavanya Mathialagan,GDB,0.1,NIL,Web App,English,1f1750c6-4606-639e-8005-dee9c6f42dee,What are the characteristics and cultivation details of wheat varieties RAJ-3077 and RAJ-3777 suitable for Haryana region?,Seed and Variety Selection,10:49:00,10:49:10,10sec,Within SLA,Successfully Identified as Duplicate,Well Framed,English,English,Correct,NIL,Correctly Tagged as Duplicate,NA,NA,NA,NA,NA,NA,NA,NA,NA,NA,NA,NA,NA,NA,NA,NA,NA,NA,NA,NA,NA,NA,NA,NA,NA,NA,NA,NA,NA,NA,Yes,Yes,Yes,Yes,NA,NA,NA,NA,Yes,Yes,Clear,Clear,NIL,NA,NA,NA,Saved,Saved,Successfully Identified as Duplicate,NA,Pass,No Defect,NIL,NIL,Good to go,Expected Output,,,
TL-3483,2026-06-01,Lavanya Mathialagan,GDB,0.1,NIL,Web App,English,1f1750f0-efeb-6e58-8005-30f1476f657e,What is the average yield of wheat variety WH-2851 in Haryana?,Seed and Variety Selection,11:08:00,11:08:16,16sec,Within SLA,Successfully Identified as Duplicate,Well Framed,English,English,Correct,NIL,Correctly Tagged as Duplicate,NA,NA,NA,NA,NA,NA,NA,NA,NA,NA,NA,NA,NA,NA,NA,NA,NA,NA,NA,NA,NA,NA,NA,NA,NA,NA,NA,NA,NA,NA,Yes,Yes,Yes,Yes,NA,NA,NA,NA,Yes,Yes,Clear,Clear,NIL,NA,NA,NA,saved,saved,Successfully Identified as Duplicate,NA,Pass,No Defect,NIL,NIL,Good to go,Expected Output,,,
TL-3484,2026-06-01,Lavanya Mathialagan,GDB,0.1,NIL,Web App,English,1f175104-2f89-6ce5-8005-7364bf380044,What are the recommended late-sown wheat varieties for Haryana?,Seed and Variety Selection,11:16:00,11:16:52,52sec,Within SLA,Successfully Identified as Duplicate,Well Framed,English,English,Correct,NIL,Correctly Tagged as Duplicate,NA,NA,NA,NA,NA,NA,NA,NA,NA,NA,NA,NA,NA,NA,NA,NA,NA,NA,NA,NA,NA,NA,NA,NA,NA,NA,NA,NA,NA,NA,Yes,Yes,Yes,Yes,NA,NA,NA,NA,Yes,Yes,Clear,Clear,NIL,NA,NA,NA,saved,saved,Successfully Identified as Duplicate,NA,Pass,No Defect,NIL,NIL,Good to go,Expected Output,,,
TL-3485,2026-06-01,Lavanya Mathialagan,GDB,0.1,NIL,Web App,English,1f1750fa-88d4-65ea-8005-ef2c0bf2db68,Which wheat varieties are suitable for cultivation in Haryana conditions?,Seed and Variety Selection,11:12:00,11:12:33,33sec,Within SLA,Successfully Identified as Duplicate,Well Framed,English,English,Correct,NIL,Correctly Tagged as Duplicate,NA,NA,NA,NA,NA,NA,NA,NA,NA,NA,NA,NA,NA,NA,NA,NA,NA,NA,NA,NA,NA,NA,NA,NA,NA,NA,NA,NA,NA,NA,Yes,Yes,Yes,Yes,NA,NA,NA,NA,Yes,Yes,Clear,Clear,NIL,NA,NA,NA,saved,saved,Successfully Identified as Duplicate,NA,Pass,No Defect,NIL,NIL,Good to go,Expected Output,,,
TL-3486,2026-06-01,Lavanya Mathialagan,GDB,0.1,NIL,Web App,English,1f175110-c5d7-63e3-8005-6b03e3607cd8,What are the recommendations for plant protection and nutrient management in wheat crop in Haryana?,Soil Health and Nutrient Management,11:22:00,11:22:30,30sec,Within SLA,Successfully Identified as Duplicate,Well Framed,English,English,Correct,NIL,Correctly Tagged as Duplicate,NA,NA,NA,NA,NA,NA,NA,NA,NA,NA,NA,NA,NA,NA,NA,NA,NA,NA,NA,NA,NA,NA,NA,NA,NA,NA,NA,NA,NA,NA,Yes,Yes,Yes,Yes,NA,NA,NA,NA,Yes,Yes,Clear,Clear,NIL,NA,NA,NA,saved,saved,Successfully Identified as Duplicate,NA,Pass,No Defect,NIL,NIL,Good to go,Expected Output,,,
TL-3525,2026-06-01,Ithagani Shireesha,GDB,0.1,NIL,Web App,English,1f17524f-d517-629d-8005-149cabfd86ff,What are the improved varieties of wheat suitable for cultivation in Haryana?,Seed and Variety Selection,13:45:00,13:45:15,15sec,Within SLA,Yes,Well Framed,English,English,Correct,NIL,Correctly Tagged as Duplicate,Yes,Rohan Chand,NA,NA,NA,NA,NA,NA,NA,NA,NA,NA,NA,NA,NA,NA,NA,NA,NA,NA,NA,NA,NA,NA,NA,NA,NA,NA,NA,Successfully Identified as Duplicate/Dynamic,Yes,Yes,Yes,Provided & Relevant,NA,NA,NA,NA,Yes,Yes,Clear,Clear,NIL,NA,NA,NA,Saved,Saved,Successfully Identified as Duplicate,NA,Pass,No Defect,NIL,NIL,Goodoutput,Expected Output,,,
TL-3526,2026-06-01,Ithagani Shireesha,GDB,0.1,NIL,Web App,English,1f17525c-25d6-6d75-8005-830574447539,What is the recommended quantity of zinc sulphate for foliar spray application in wheat in Haryana?,Soil Health and Nutrient Management,13:50:00,13:50:46,46sec,Within SLA,Yes,Well Framed,English,English,Correct,NIL,Correctly Tagged as Duplicate,Yes,Pooja Soni,NA,NA,NA,NA,NA,NA,NA,NA,NA,NA,NA,NA,NA,NA,NA,NA,NA,NA,NA,NA,NA,NA,NA,NA,NA,NA,NA,Successfully Identified as Duplicate/Dynamic,Yes,Yes,Yes,Provided & Relevant,NA,NA,NA,NA,Yes,Yes,Clear,Clear,NIL,NA,NA,NA,Saved,Saved,Successfully Identified as Duplicate,NA,Pass,No Defect,NIL,NIL,Goodoutput,Expected Output,,,
TL-3527,2026-06-01,Ithagani Shireesha,GDB,0.1,NIL,Web App,English,1f175261-0020-61bc-8005-0284f0c34ba7,What adjustments should be made when sowing late wheat varieties in Haryana?,Seed and Variety Selection,13:52:00,13:52:56,56sec,Within SLA,Yes,Well Framed,English,English,Correct,NIL,Correctly Tagged as Duplicate,Yes,Monica M,NA,NA,NA,NA,NA,NA,NA,NA,NA,NA,NA,NA,NA,NA,NA,NA,NA,NA,NA,NA,NA,NA,NA,NA,NA,NA,NA,Successfully Identified as Duplicate/Dynamic,Yes,Yes,Yes,Provided & Relevant,NA,NA,NA,NA,Yes,Yes,Clear,Clear,NIL,NA,NA,NA,Saved,Saved,Successfully Identified as Duplicate,NA,Pass,No Defect,NIL,NIL,Goodoutput,Expected Output,,,
TL-3528,2026-06-01,Ithagani Shireesha,GDB,0.1,NIL,Web App,English,1f175265-2aea-66bb-8005-0348f4802fe7,Should the first irrigation in wheat be light or heavy in Haryana?,Irrigation and Water Management,13:54:00,13:54:48,48sec,Within SLA,Yes,Well Framed,English,English,Correct,NIL,Correctly Tagged as Duplicate,Yes,Girishma Gonnabathula,NA,NA,NA,NA,NA,NA,NA,NA,NA,NA,NA,NA,NA,NA,NA,NA,NA,NA,NA,NA,NA,NA,NA,NA,NA,NA,NA,Successfully Identified as Duplicate/Dynamic,Yes,Yes,Yes,Provided & Relevant,NA,NA,NA,NA,Yes,Yes,Clear,Clear,NIL,NA,NA,NA,Saved,Saved,Successfully Identified as Duplicate,NA,Pass,No Defect,NIL,NIL,Goodoutput,Expected Output,,,
TL-3529,2026-06-01,Ithagani Shireesha,GDB,0.1,NIL,Web App,English,1f175269-30ef-61b3-8005-747e81ec6142,What is the recommended quantity of gypsum to be applied per acre for wheat cultivation in Haryana?,Soil Health and Nutrient Management,13:56:00,13:56:36,36sec,Within SLA,Yes,Well Framed,English,English,Correct,NIL,Correctly Tagged as Duplicate,Yes,Kavya Ponugoti,NA,NA,NA,NA,NA,NA,NA,NA,NA,NA,NA,NA,NA,NA,NA,NA,NA,NA,NA,NA,NA,NA,NA,NA,NA,NA,NA,Successfully Identified as Duplicate/Dynamic,Yes,Yes,Yes,Provided & Relevant,NA,NA,NA,NA,Yes,Yes,Clear,Clear,NIL,NA,NA,NA,Saved,Saved,Successfully Identified as Duplicate,NA,Pass,No Defect,NIL,NIL,Goodoutput,Expected Output,,,
TL-3530,2026-06-01,Ithagani Shireesha,GDB,0.1,NIL,Web App,English,1f175275-a42f-662a-8005-a4ccc838b4da,How to control ants in wheat during sowing in Haryana?,Insect–Pest Management,14:02:00,14:02:10,10sec,Within SLA,Yes,Well Framed,English,English,Correct,NIL,Correctly Tagged as Duplicate,Yes,Girishma Gonnabathula,NA,NA,NA,NA,NA,NA,NA,NA,NA,NA,NA,NA,NA,NA,NA,NA,NA,NA,NA,NA,NA,NA,NA,NA,NA,NA,NA,Successfully Identified as Duplicate/Dynamic,Yes,Yes,Yes,Provided & Relevant,NA,NA,NA,NA,Yes,Yes,Clear,Clear,NIL,NA,NA,NA,Saved,Saved,Successfully Identified as Duplicate,NA,Pass,No Defect,NIL,NIL,Goodoutput,Expected Output,,,
TL-3531,2026-06-01,Ithagani Shireesha,GDB,0.1,NIL,Web App,English,1f175281-5d91-6bf4-8005-4515d17f6c7b,Should herbicide (weed killer) spray be applied before or after irrigation in wheat crop in Haryana?,Irrigation and Water Management,14:07:00,14:07:25,25sec,Within SLA,Yes,Well Framed,English,English,Correct,NIL,Correctly Tagged as Duplicate,Yes,Utkarsh Singh Vishen,NA,NA,NA,NA,NA,NA,NA,NA,NA,NA,NA,NA,NA,NA,NA,NA,NA,NA,NA,NA,NA,NA,NA,NA,NA,NA,NA,Successfully Identified as Duplicate/Dynamic,Yes,Yes,Yes,Provided & Relevant,NA,NA,NA,NA,Yes,Yes,Clear,Clear,NIL,NA,NA,NA,Saved,Saved,Successfully Identified as Duplicate,NA,Pass,No Defect,NIL,NIL,Goodoutput,Expected Output,,,
TL-3532,2026-06-01,Ithagani Shireesha,GDB,0.1,NIL,Web App,English,1f175285-5268-6e4e-8005-8ecc1f1f6e9b,What is the average yield of wheat per acre in Haryana?,Post-Harvest Management and Storage,14:09:00,14:09:11,11sec,Within SLA,Yes,Well Framed,English,English,Correct,NIL,Correctly Tagged as Duplicate,Yes,Rohan Chand,NA,NA,NA,NA,NA,NA,NA,NA,NA,NA,NA,NA,NA,NA,NA,NA,NA,NA,NA,NA,NA,NA,NA,NA,NA,NA,NA,Successfully Identified as Duplicate/Dynamic,Yes,Yes,Yes,Provided & Relevant,NA,NA,NA,NA,Yes,Yes,Clear,Clear,NIL,NA,NA,NA,Saved,Saved,Successfully Identified as Duplicate,NA,Pass,No Defect,NIL,NIL,Goodoutput,Expected Output,,,
TL-3534,2026-06-01,Dhaarani S,GDB,0.1,NIL,Web App,English,1f17528e-c831-6b1d-8005-31261c977bfa,Can herbicide spray be applied on wheat crop when the soil is wet in Haryana?,Weed Management,"7/1/2026, 2:13:11 PM","7/1/2026, 2:13:25 PM",14 S,Within SLA,Yes,Well Framed,English,English,Correct,NIL,Correctly Tagged as Duplicate,NA,Pooja Soni,NA,NA,NA,NA,NA,NA,NA,NA,NA,NA,NA,NA,NA,NA,NA,NA,NA,NA,NA,NA,NA,NA,NA,NA,NA,NA,NA,NA,Yes,Yes,Yes,Provided & Relevant,NA,NA,NA,NA,Yes,Yes,Clear,Clear,NA,NA,NA,NA,Saved,Saved,Successfully Identified as Duplicate,NA,Pass,No Defect,NIL,NIL,No issues. Good to go.,Expected Output,,,
TL-3535,2026-06-01,Dhaarani S,GDB,0.1,NIL,Web App,English,1f1752be-2d76-6410-8005-f0c749676050,Is any spray recommended during spike formation stage in wheat in Haryana?,Plant protection,"7/1/2026, 2:34:25 PM","7/1/2026, 2:34:37 PM",12 S,Within SLA,Yes,Well Framed,English,English,Correct,NIL,Correctly Tagged as Duplicate,NA,Yash Praveen Khot,NA,NA,NA,NA,NA,NA,NA,NA,NA,NA,NA,NA,NA,NA,NA,NA,NA,NA,NA,NA,NA,NA,NA,NA,NA,NA,NA,NA,Yes,Yes,Yes,Provided & Relevant,NA,NA,NA,NA,Yes,Yes,Clear,Clear,NA,NA,NA,NA,Saved,Saved,Successfully Identified as Duplicate,NA,Pass,No Defect,NIL,NIL,No issues. Good to go.,Expected Output,,,
TL-3536,2026-06-01,Dhaarani S,GDB,0.1,NIL,Web App,English,1f1752cc-f610-6e6e-8005-8b4b2a865a41,How should I clean and prepare wheat field after harvest for the next crop cultivation in Haryana?,Cultural and Crop Management Practices,"7/1/2026, 2:41:03 PM","7/1/2026, 2:41:14 PM",11 S,Within SLA,Yes,Well Framed,English,English,Correct,NIL,Correctly Tagged as Duplicate,NA,Monica M,NA,NA,NA,NA,NA,NA,NA,NA,NA,NA,NA,NA,NA,NA,NA,NA,NA,NA,NA,NA,NA,NA,NA,NA,NA,NA,NA,NA,Yes,Yes,Yes,Provided & Relevant,NA,NA,NA,NA,Yes,Yes,Clear,Clear,NA,NA,NA,NA,Saved,Saved,Successfully Identified as Duplicate,NA,Pass,No Defect,NIL,NIL,No issues. Good to go.,Expected Output,,,
TL-3537,2026-06-01,Dhaarani S,GDB,0.1,NIL,WhatsApp,English,1f1752d2-f50e-6bea-809f-7fadb8ef7cdb,"How does strong wind affect fertilizer application in wheat, and how can I ensure even distribution in Haryana?",Fertiliser use & availability,"7/1/2026, 2:43:37 PM","7/1/2026, 2:43:55 PM",18 S,Within SLA,Yes,Well Framed,English,English,Correct,NIL,Correctly Tagged as Duplicate,NA,Khaja Suhaib,NA,NA,NA,NA,NA,NA,NA,NA,NA,NA,NA,NA,NA,NA,NA,NA,NA,NA,NA,NA,NA,NA,NA,NA,NA,NA,NA,NA,Yes,Yes,Yes,Provided & Relevant,NA,NA,NA,NA,NA,NA,NA,NA,NA,NA,NA,NA,Saved,Saved,Successfully Identified as Duplicate,NA,Pass,No Defect,NIL,NIL,No issues. Good to go.,Expected Output,,,
TL-3538,2026-06-01,Dhaarani S,GDB,0.1,NIL,WhatsApp,English,1f1752d8-9e6b-618d-80a6-a83b926b3971,How can we spray micronutrients on wheat crop in Haryana?,Soil Health and Nutrient Management,"7/1/2026, 2:46:09 PM","7/1/2026, 2:46:27 PM",18 S,Within SLA,Yes,Well Framed,English,English,Correct,NIL,Correctly Tagged as Duplicate,NA,Tejas Dange,NA,NA,NA,NA,NA,NA,NA,NA,NA,NA,NA,NA,NA,NA,NA,NA,NA,NA,NA,NA,NA,NA,NA,NA,NA,NA,NA,NA,Yes,Yes,Yes,Provided & Relevant,NA,NA,NA,NA,NA,NA,NA,NA,NA,NA,NA,NA,Saved,Saved,Successfully Identified as Duplicate,NA,Pass,No Defect,NIL,NIL,No issues. Good to go.,Expected Output,,,
TL-3539,2026-06-01,Dhaarani S,GDB,0.1,NIL,WhatsApp,English,1f1752dc-5782-6251-80ad-f6e1f0276b4f,What is the recommended method for weed control in wheat using sulfosulfuron herbicide in Haryana?,Weed Management,"7/1/2026, 2:47:50 PM","7/1/2026, 2:48:07 PM",17 S,Within SLA,Yes,Well Framed,English,English,Correct,NIL,Correctly Tagged as Duplicate,NA,Shivendra Pratap Singh,NA,NA,NA,NA,NA,NA,NA,NA,NA,NA,NA,NA,NA,NA,NA,NA,NA,NA,NA,NA,NA,NA,NA,NA,NA,NA,NA,NA,Yes,Yes,Yes,Provided & Relevant,NA,NA,NA,NA,NA,NA,NA,NA,NA,NA,NA,NA,Saved,Saved,Successfully Identified as Duplicate,NA,Pass,No Defect,NIL,NIL,No issues. Good to go.,Pending,,,
TL-3574,2026-07-01,Rishi Kumar G,GDB,0.1,NIL,Web App,English,"1f175471-f5a1-62ab-8005-2b685e23b449
",Which herbicide should be used for the control of Phalaris minor (canary grass) in wheat in Haryana?,Weed Management,5:49:35 PM,5:49:45 PM,0.1,Within SLA,Successfully Identified as Duplicate,Well Framed,English,Tamil,Good,NIL,Correctly Tagged as Duplicate,NA,Pooja Soni,NA,NA,NA,NA,NA,NA,NA,NA,NA,NA,NA,NA,NA,NA,NA,NA,NA,NA,NA,NA,NA,NA,NA,NA,NA,NA,NA,Successfully Identified as Duplicate/Dynamic,Yes,Yes,Successfully Identified as Duplicate,Yes,NA,NA,NA,NA,NA,NA,NA,NA,NA,NA,NA,NA,Yes,Duplicate,Successfully Identified as Duplicate,NA,Pass,No Defect,NA,NA,"This question was correctly fetched from the GDB, and the response has been verified as scientifically correct.",Expected Output,,,
TL-3575,2026-07-01,Rishi Kumar G,GDB,0.1,NIL,Web App,English,"1f175472-b90f-6550-8005-00fd0b4c3508
",How to control aphids (chepa) in wheat crop in Haryana?,Insect–Pest Management,17:49:55,5:50:05 PM,0.1,Within SLA,Successfully Identified as Duplicate,Well Framed,English,Tamil,Good,NIL,Correctly Tagged as Duplicate,NA,Jayashree N,NA,NA,NA,NA,NA,NA,NA,NA,NA,NA,NA,NA,NA,NA,NA,NA,NA,NA,NA,NA,NA,NA,NA,NA,NA,NA,NA,Successfully Identified as Duplicate/Dynamic,Yes,Yes,Successfully Identified as Duplicate,Yes,NA,NA,NA,NA,NA,NA,NA,NA,NA,NA,NA,NA,Yes,Duplicate,Successfully Identified as Duplicate,NA,Pass,No Defect,NA,NA,"This question was correctly fetched from the GDB, and the response has been verified as scientifically correct.",Expected Output,,,
TL-3576,2026-07-01,Rishi Kumar G,GDB,0.1,NIL,Web App,English,"1f175473-6a74-69bf-8005-acc6c7f59583
",What herbicide should I use for weed control in wheat if Topik (clodinafop) is not effective against mandusi (Phalaris minor) in Haryana?,Weed Management,17:50:14,17:50:24,0.1,Within SLA,Successfully Identified as Duplicate,Well Framed,English,Tamil,Good,NIL,Correctly Tagged as Duplicate,NA,Khaja Suhaib,NA,NA,NA,NA,NA,NA,NA,NA,NA,NA,NA,NA,NA,NA,NA,NA,NA,NA,NA,NA,NA,NA,NA,NA,NA,NA,NA,Successfully Identified as Duplicate/Dynamic,Yes,Yes,Successfully Identified as Duplicate,Yes,NA,NA,NA,NA,NA,NA,NA,NA,NA,NA,NA,NA,Yes,Duplicate,Successfully Identified as Duplicate,NA,Pass,No Defect,NA,NA,"This question was correctly fetched from the GDB, and the response has been verified as scientifically correct.",Expected Output,,,
TL-3577,2026-07-01,T.Vishnu Vardhan,GDB,0.1,NIL,Web App,English,"1f17553b-2b7c-6541-8005-cd92138b74de                   6a451af0d5bbcaa6bc827114
",At which growth stage should zinc and urea spray be applied in wheat crop in Haryana?,Soil Health and Nutrient Management,19:19:00,19:19:00,4 seconds,Within SLA,Successfully Identified as Duplicate,Well Framed,English,English,Good,NIL,Correctly Tagged as Duplicate,NA,Kavya Ponugoti,NA,NA,NA,NA,NA,NA,NA,NA,NA,NA,NA,NA,NA,NA,NA,NA,NA,NA,NA,NA,NA,NA,NA,NA,NA,NA,NA,Successfully Identified as Duplicate/Dynamic,Yes,Yes,Successfully Identified as Duplicate,Yes,No,Received on Time,Yes,Yes,NA,Yes,NA,Clear,NILn no issue,NA,NA,NA,Yes,Duplicate,Successfully Identified as Duplicate,NA,Pass,No Defect,NA,NA,"GDB question, correctly identified as duplicate.",Expected Output,,,
TL-3578,2026-07-01,T.Vishnu Vardhan,GDB,0.1,NIL,Web App,English,"1f17553b-f346-6a73-8005-eda5d3aaade5
                   6a451b05d5bbcaa6bc827119",What are the recommended cultural practices for land preparation in wheat cultivation in Haryana?,Cultural and Crop Management Practices,19:19:00,19:19:00,5 seconds,Within SLA,Successfully Identified as Duplicate,Well Framed,English,English,Good,NIL,Correctly Tagged as Duplicate,NA,Anmol Kaundal,NA,NA,NA,NA,NA,NA,NA,NA,NA,NA,NA,NA,NA,NA,NA,NA,NA,NA,NA,NA,NA,NA,NA,NA,NA,NA,NA,Successfully Identified as Duplicate/Dynamic,Yes,Yes,Successfully Identified as Duplicate,Yes,No,Received on Time,Yes,Yes,NA,Yes,NA,Clear,NILn no issue,NA,NA,NA,Yes,Duplicate,Successfully Identified as Duplicate,NA,Pass,No Defect,NA,NA,"GDB question, correctly identified as duplicate.",Expected Output,,,
TL-3579,2026-07-01,T.Vishnu Vardhan,GDB,0.1,NIL,Web App,English,"1f17553c-d9a8-6b7e-8005-84fce85e3805         
                   6a451b1dd5bbcaa6bc82711c",Can we mix Manganese Sulphate and Zinc Sulphate together for application in wheat crop in Haryana?,Soil Health and Nutrient Management,19:20:00,19:20:00,3 seconds,Within SLA,Successfully Identified as Duplicate,Well Framed,English,English,Good,NIL,Correctly Tagged as Duplicate,NA,Utkarsh Singh Vishen,NA,NA,NA,NA,NA,NA,NA,NA,NA,NA,NA,NA,NA,NA,NA,NA,NA,NA,NA,NA,NA,NA,NA,NA,NA,NA,NA,Successfully Identified as Duplicate/Dynamic,Yes,Yes,Successfully Identified as Duplicate,Yes,No,Received on Time,Yes,Yes,NA,Yes,NA,Clear,NILn no issue,NA,NA,NA,Yes,Duplicate,Successfully Identified as Duplicate,NA,Pass,No Defect,NA,NA,"GDB question, correctly identified as duplicate.",Expected Output,,,
TL-3631,2026-07-02,Ithagani Shireesha,GDB,0.1,NIL,Web App,English,1f175cc7-5a60-6579-8005-ea9965f7b7de,How can I improve water absorption in wheat fields with poor soil infiltration in Haryana,Irrigation and Water Management,09:44:00,09:44:03,3sec,Within SLA,Yes,Well Framed,English,English,Correct,NIL,Correctly Tagged as Duplicate,Yes,Tejas Dange,NA,NA,NA,NA,NA,NA,NA,NA,NA,NA,NA,NA,NA,NA,NA,NA,NA,NA,NA,NA,NA,NA,NA,NA,NA,NA,NA,Successfully Identified as Duplicate/Dynamic,Yes,Yes,Yes,Provided and relevant,NA,NA,NA,NA,Yes,Yes,Clear,Clear,NIL,NA,NA,NA,Duplicate,Saved,Successfully Identified as Duplicate,NA,Pass,No Defect,NIL,NIL,Good output,Expected Output,,,
TL-3632,2026-07-02,Ithagani Shireesha,GDB,0.1,NIL,Web App,English,1f175ccd-7af6-6b53-8005-ed341583fb76,How to control nematode diseases in wheat in Haryana,Disease Management,"Jul 2, 2026, 9:46 AM","7/2/2026, 9:46:47 AM",47sec,Within SLA,Yes,Well Framed,English,English,Correct,NIL,Correctly Tagged as Duplicate,Yes,: Pallavi J P,NA,NA,NA,NA,NA,NA,NA,NA,NA,NA,NA,NA,NA,NA,NA,NA,NA,NA,NA,NA,NA,NA,NA,NA,NA,NA,NA,Successfully Identified as Duplicate/Dynamic,Yes,Yes,Yes,Provided and relevant,NA,NA,NA,NA,Yes,Yes,Clear,Clear,NIL,NA,NA,NA,Duplicate,Duplicate,Successfully Identified as Duplicate,NA,Pass,No Defect,NIL,NIL,Good output,Expected Output,,,
TL-3633,2026-07-02,Ithagani Shireesha,GDB,0.1,NIL,Web App,English,1f175cd4-826c-65b6-8005-c3aa7f96b4e0,What are the high-yielding wheat varieties recommended for cultivation in Haryana?,Seed and Variety Selection,09:49:00,09:49:56,56sec,Within SLA,Yes,Well Framed,English,English,Correct,NIL,Correctly Tagged as Duplicate,Yes,Utkarsh Singh Vishen,NA,NA,NA,NA,NA,NA,NA,NA,NA,NA,NA,NA,NA,NA,NA,NA,NA,NA,NA,NA,NA,NA,NA,NA,NA,NA,NA,Successfully Identified as Duplicate/Dynamic,Yes,Yes,Yes,Provided and relevant,NA,NA,NA,NA,Yes,Yes,Clear,Clear,NIL,NA,NA,NA,Duplicate,Duplicate,Successfully Identified as Duplicate,NA,Pass,No Defect,NIL,NIL,Good output,Expected Output,,,
TL-3634,2026-07-02,Ithagani Shireesha,GDB,0.1,NIL,Web App,English,1f175ce3-540d-6d48-8005-684b25ee074c,What are the recommended early sowing wheat varieties for Haryana region?,Seed and Variety Selection,09:56:00,09:56:34,34sec,Within SLA,Yes,Well Framed,English,English,Correct,NIL,Correctly Tagged as Duplicate,Yes,Rajwant Kaur,NA,NA,NA,NA,NA,NA,NA,NA,NA,NA,NA,NA,NA,NA,NA,NA,NA,NA,NA,NA,NA,NA,NA,NA,NA,NA,NA,Successfully Identified as Duplicate/Dynamic,Yes,Yes,Yes,Provided and relevant,NA,NA,NA,NA,Yes,Yes,Clear,Clear,NIL,NA,NA,NA,Duplicate,Duplicate,Successfully Identified as Duplicate,NA,Pass,No Defect,NIL,NIL,Good output,Expected Output,,,
TL-3635,2026-07-02,Ithagani Shireesha,GDB,0.1,NIL,Web App,English,1f175ce8-b75c-6c15-8005-92c032ee3038,"What is the role of adjuvants in herbicide application for wheat, and how should they be used in Haryana?",Weed Management,09:58:00,09:58:58,58sec,Within SLA,Yes,Well Framed,English,English,Correct,NIL,Correctly Tagged as Duplicate,Yes,Yash Praveen Khot,NA,NA,NA,NA,NA,NA,NA,NA,NA,NA,NA,NA,NA,NA,NA,NA,NA,NA,NA,NA,NA,NA,NA,NA,NA,NA,NA,Successfully Identified as Duplicate/Dynamic,Yes,Yes,Yes,Provided and relevant,NA,NA,NA,NA,Yes,Yes,Clear,Clear,NIL,NA,NA,NA,Duplicate,Duplicate,Successfully Identified as Duplicate,NA,Pass,No Defect,NIL,NIL,Good output,Expected Output,,,
TL-3636,2026-07-02,Ithagani Shireesha,GDB,0.1,NIL,Web App,English,1f175cef-6d63-6267-8005-b742a186cc50,How can biofertilizers improve water absorption capacity in wheat in Harayana?,Irrigation and Water Management,10:01:00,10:02:00,1.0,Within SLA,Yes,Well Framed,English,English,Correct,NIL,Correctly Tagged as Duplicate,Yes,Jayashree N,NA,NA,NA,NA,NA,NA,NA,NA,NA,NA,NA,NA,NA,NA,NA,NA,NA,NA,NA,NA,NA,NA,NA,NA,NA,NA,NA,Successfully Identified as Duplicate/Dynamic,Yes,Yes,Yes,Provided and relevant,NA,NA,NA,NA,Yes,Yes,Clear,Clear,NIL,NA,NA,NA,Duplicate,Duplicate,Successfully Identified as Duplicate,NA,Pass,No Defect,NIL,NIL,Good output,Expected Output,,,
TL-3637,2026-07-02,Ithagani Shireesha,GDB,0.1,NIL,Web App,English,1f175cf5-473e-6a35-8005-20238a5f93b8,Where can I get gypsum bags for wheat cultivation and what are its benefits in Haryana?,Soil Health and Nutrient Management,10:04:00,10:04:36,36sec,Within SLA,Yes,Well Framed,English,English,Correct,NIL,Correctly Tagged as Duplicate,Yes,Khaja Suhaib,NA,NA,NA,NA,NA,NA,NA,NA,NA,NA,NA,NA,NA,NA,NA,NA,NA,NA,NA,NA,NA,NA,NA,NA,NA,NA,NA,Successfully Identified as Duplicate/Dynamic,Yes,Yes,Yes,Provided and relevant,NA,NA,NA,NA,Yes,Yes,Clear,Clear,NIL,NA,NA,NA,Duplicate,Duplicate,Successfully Identified as Duplicate,NA,Pass,No Defect,NIL,NIL,Good output,Expected Output,,,
TL-3638,2026-07-02,Ithagani Shireesha,GDB,0.1,NIL,Web App,English,1f175cfc-ed98-6539-8005-69616debc843,How to control insects in wheat crop in Haryana,Insect–Pest Management,10:08:00,10:08:01,1sec,Within SLA,Yes,Well Framed,English,English,Correct,NIL,Correctly Tagged as Duplicate,Yes,Tejas Dange,NA,NA,NA,NA,NA,NA,NA,NA,NA,NA,NA,NA,NA,NA,NA,NA,NA,NA,NA,NA,NA,NA,NA,NA,NA,NA,NA,Successfully Identified as Duplicate/Dynamic,Yes,Yes,Yes,Provided and relevant,NA,NA,NA,NA,Yes,Yes,Clear,Clear,NIL,NA,NA,NA,Duplicate,Duplicate,Successfully Identified as Duplicate,NA,Pass,No Defect,NIL,NIL,Good output,Expected Output,,,
TL-3639,2026-07-02,Ithagani Shireesha,GDB,0.1,NIL,Web App,English,1f175d02-a6e1-644f-8005-e8372333ffc2,How to control narrow-leaved weeds (Phalaris minor/canary grass) in wheat in Harayana?,Weed Management,10:10:00,10:10:35,35sec,Within SLA,Yes,Well Framed,English,English,Correct,NIL,Correctly Tagged as Duplicate,Yes,Ravindra Prasad,NA,NA,NA,NA,NA,NA,NA,NA,NA,NA,NA,NA,NA,NA,NA,NA,NA,NA,NA,NA,NA,NA,NA,NA,NA,NA,NA,Successfully Identified as Duplicate/Dynamic,Yes,Yes,Yes,Provided and relevant,NA,NA,NA,NA,Yes,Yes,Clear,Clear,NIL,NA,NA,NA,Duplicate,Duplicate,Successfully Identified as Duplicate,NA,Pass,No Defect,NIL,NIL,Good output,Expected Output,,,
TL-3640,2026-07-02,Ithagani Shireesha,GDB,0.1,NIL,Web App,English,1f175d09-2c3c-6d6b-8005-585cd2628730,How to increase yield in wheat crops through better fertilizer management in Haryana?,Soil Health and Nutrient Management,10:13:00,10:13:30,30sec,Within SLA,Yes,Well Framed,English,English,Correct,NIL,Correctly Tagged as Duplicate,Yes,Rohan Chand,NA,NA,NA,NA,NA,NA,NA,NA,NA,NA,NA,NA,NA,NA,NA,NA,NA,NA,NA,NA,NA,NA,NA,NA,NA,NA,NA,Successfully Identified as Duplicate/Dynamic,Yes,Yes,Yes,Provided and relevant,NA,NA,NA,NA,Yes,Yes,Clear,Clear,NIL,NA,NA,NA,Duplicate,Duplicate,Successfully Identified as Duplicate,NA,Pass,No Defect,NIL,NIL,Good output,Expected Output,,,
TL-3641,2026-07-02,Ithagani Shireesha,GDB,0.1,NIL,Web App,English,1f175d0e-75ec-64d3-8005-632ad96ebb34,What is the recommended seed treatment for wheat before sowing in Haryana?,Seed and Variety Selection,10:15:00,10:15:52,52sec,Within SLA,Yes,Well Framed,English,English,Correct,NIL,Correctly Tagged as Duplicate,Yes,Rajwant Kaur,NA,NA,NA,NA,NA,NA,NA,NA,NA,NA,NA,NA,NA,NA,NA,NA,NA,NA,NA,NA,NA,NA,NA,NA,NA,NA,NA,Successfully Identified as Duplicate/Dynamic,Yes,Yes,Yes,Provided and relevant,NA,NA,NA,NA,Yes,Yes,Clear,Clear,NIL,NA,NA,NA,Duplicate,Duplicate,Successfully Identified as Duplicate,NA,Pass,No Defect,NIL,NIL,Good output,Expected Output,,,
TL-3642,2026-07-02,Ithagani Shireesha,GDB,0.1,NIL,Web App,English,1f175d13-63a0-66b5-8005-258ad008cbf2,"Does DAP (Di-Ammonium Phosphate) fertilizer have an expiry date, and how long can it be stored for wheat cultivation in Haryana?",Soil Health and Nutrient Management,10:18:00,10:18:04,4sec,Within SLA,Yes,Well Framed,English,English,Correct,NIL,Correctly Tagged as Duplicate,Yes,Yash Praveen Khot,NA,NA,NA,NA,NA,NA,NA,NA,NA,NA,NA,NA,NA,NA,NA,NA,NA,NA,NA,NA,NA,NA,NA,NA,NA,NA,NA,Successfully Identified as Duplicate/Dynamic,Yes,Yes,Yes,Provided and relevant,NA,NA,NA,NA,Yes,Yes,Clear,Clear,NIL,NA,NA,NA,Duplicate,Duplicate,Successfully Identified as Duplicate,NA,Pass,No Defect,NIL,NIL,Good output,Expected Output,,,
TL-3643,2026-07-02,Ithagani Shireesha,GDB,0.1,NIL,Web App,English,1f175d19-849d-678f-8005-ec94372896c5,How to control iron deficiency in wheat crop in Haryana?,Soil Health and Nutrient Management,10:20:00,10:20:48,48sec,Within SLA,Yes,Well Framed,English,English,Correct,NIL,Correctly Tagged as Duplicate,Yes,Jayashree N,NA,NA,NA,NA,NA,NA,NA,NA,NA,NA,NA,NA,NA,NA,NA,NA,NA,NA,NA,NA,NA,NA,NA,NA,NA,NA,NA,Successfully Identified as Duplicate/Dynamic,Yes,Yes,Yes,Provided and relevant,NA,NA,NA,NA,Yes,Yes,Clear,Clear,NIL,NA,NA,NA,Duplicate,Duplicate,Successfully Identified as Duplicate,NA,Pass,No Defect,NIL,NIL,Good output,Expected Output,,,
TL-3644,2026-07-02,Ithagani Shireesha,GDB,0.1,NIL,Web App,English,1f175d1e-f3e3-662f-8005-62aadef6f4af,What is the recommended dose of NPK fertilizer for wheat crop in Haryana?,Soil Health and Nutrient Management,10:23:00,10:23:14,14sec,Within SLA,Yes,Well Framed,English,English,Correct,NIL,Correctly Tagged as Duplicate,Yes,Khaja Suhaib,NA,NA,NA,NA,NA,NA,NA,NA,NA,NA,NA,NA,NA,NA,NA,NA,NA,NA,NA,NA,NA,NA,NA,NA,NA,NA,NA,Successfully Identified as Duplicate/Dynamic,Yes,Yes,Yes,Provided and relevant,NA,NA,NA,NA,Yes,Yes,Clear,Clear,NIL,NA,NA,NA,Duplicate,Duplicate,Successfully Identified as Duplicate,NA,Pass,No Defect,NIL,NIL,Good output,Expected Output,,,
TL-3645,2026-07-02,Ithagani Shireesha,GDB,0.1,NIL,Web App,English,1f175d24-a873-6d13-8005-d3c433c0124d,How to control aphids (mandusi) in wheat in Kurukshetra district in Haryana?,Insect–Pest Management,10:25:00,10:25:47,47sec,Within SLA,Yes,Well Framed,English,English,Correct,NIL,Correctly Tagged as Duplicate,Yes,Tejas Dange,NA,NA,NA,NA,NA,NA,NA,NA,NA,NA,NA,NA,NA,NA,NA,NA,NA,NA,NA,NA,NA,NA,NA,NA,NA,NA,NA,Successfully Identified as Duplicate/Dynamic,Yes,Yes,Yes,Provided and relevant,NA,NA,NA,NA,Yes,Yes,Clear,Clear,NIL,NA,NA,NA,Duplicate,Duplicate,Successfully Identified as Duplicate,NA,Pass,No Defect,NIL,NIL,Good output,Expected Output,,,
TL-3646,2026-07-02,Ithagani Shireesha,GDB,0.1,NIL,Web App,English,1f175d30-38e4-648e-8005-09d399e7f8c6,What is the information regarding the improved wheat variety GW-322 (also known as GWORTH) in Haryna?,Seed and Variety Selection,10:31:00,10:30:58,58sec,Within SLA,Yes,Well Framed,English,English,Correct,NIL,Correctly Tagged as Duplicate,Yes,Shivendra Pratap Singh,NA,NA,NA,NA,NA,NA,NA,NA,NA,NA,NA,NA,NA,NA,NA,NA,NA,NA,NA,NA,NA,NA,NA,NA,NA,NA,NA,Successfully Identified as Duplicate/Dynamic,Yes,Yes,Yes,Provided and relevant,NA,NA,NA,NA,Yes,Yes,Clear,Clear,NIL,NA,NA,NA,Duplicate,Duplicate,Successfully Identified as Duplicate,NA,Pass,No Defect,NIL,NIL,Good output,Expected Output,,,
TL-3647,2026-07-02,Ithagani Shireesha,GDB,0.1,NIL,Web App,English,1f175d36-27e3-6fcc-8005-578482b39698,"What is the recommended spray application of Malathion or Dimethoate (Rogor) for pest control in wheat, and what are the proper dosages per acre in Haryana ?",Plant protection,10:33:00,10:33:37,37sec,Within SLA,Yes,Well Framed,English,English,Correct,NIL,Correctly Tagged as Duplicate,Yes,Rajwant Kaur,NA,NA,NA,NA,NA,NA,NA,NA,NA,NA,NA,NA,NA,NA,NA,NA,NA,NA,NA,NA,NA,NA,NA,NA,NA,NA,NA,Successfully Identified as Duplicate/Dynamic,Yes,Yes,Yes,Provided and relevant,NA,NA,NA,NA,Yes,Yes,Clear,Clear,NIL,NA,NA,NA,Duplicate,Duplicate,Successfully Identified as Duplicate,NA,Pass,No Defect,NIL,NIL,Good output,Expected Output,,,
TL-3648,2026-07-02,Ithagani Shireesha,GDB,0.1,NIL,Web App,English,1f175d3d-2df7-6bf2-8005-d9c8d91bd84d,"What is the recommended fertilizer application schedule for wheat crop with 50 kg at sowing, 150 kg after first irrigation, 40 kg at CRI stage, and 10 kg as foliar spray in Haryana?",Soil Health and Nutrient Management,10:36:00,10:36:46,46sec,Within SLA,Yes,Well Framed,English,English,Correct,NIL,Correctly Tagged as Duplicate,Yes,Khaja Suhaib,NA,NA,NA,NA,NA,NA,NA,NA,NA,NA,NA,NA,NA,NA,NA,NA,NA,NA,NA,NA,NA,NA,NA,NA,NA,NA,NA,Successfully Identified as Duplicate/Dynamic,Yes,Yes,Yes,Provided and relevant,NA,NA,NA,NA,Yes,Yes,Clear,Clear,NIL,NA,NA,NA,Duplicate,Duplicate,Successfully Identified as Duplicate,NA,Pass,No Defect,NIL,NIL,Good output,Expected Output,,,
TL-3649,2026-07-02,Ithagani Shireesha,GDB,0.1,NIL,Web App,English,1f175d44-0bea-697a-8005-42e9b17d2b8f,How to control aphids and thrips in wheat crop in Haryana?,Insect–Pest Management,10:39:00,10:39:50,50sec,Within SLA,Yes,Well Framed,English,English,Correct,NIL,Correctly Tagged as Duplicate,Yes,C Sai Durga,NA,NA,NA,NA,NA,NA,NA,NA,NA,NA,NA,NA,NA,NA,NA,NA,NA,NA,NA,NA,NA,NA,NA,NA,NA,NA,NA,Successfully Identified as Duplicate/Dynamic,Yes,Yes,Yes,Provided and relevant,NA,NA,NA,NA,Yes,Yes,Clear,Clear,NIL,NA,NA,NA,Duplicate,Duplicate,Successfully Identified as Duplicate,NA,Pass,No Defect,NIL,NIL,Good output,Expected Output,,,
TL-3650,2026-07-02,Ithagani Shireesha,GDB,0.1,NIL,Web App,English,1f175d4b-1b40-6230-8005-c3502ddee84b,"What are the characteristics and recommendations for wheat varieties WH-1105, HD-2967, HD-3086, and HD-2851 for cultivation in Haryana?",Seed and Variety Selection,10:43:00,10:43:00,-,Within SLA,Yes,Well Framed,English,English,Correct,NIL,Correctly Tagged as Duplicate,Yes,C Sai Durga,NA,NA,NA,NA,NA,NA,NA,NA,NA,NA,NA,NA,NA,NA,NA,NA,NA,NA,NA,NA,NA,NA,NA,NA,NA,NA,NA,Successfully Identified as Duplicate/Dynamic,Yes,Yes,Yes,Provided and relevant,NA,NA,NA,NA,Yes,Yes,Clear,Clear,NIL,NA,NA,NA,Duplicate,Duplicate,Successfully Identified as Duplicate,NA,Pass,No Defect,NIL,NIL,Good output,Expected Output,,,
TL-3651,2026-07-02,Ithagani Shireesha,GDB,0.1,NIL,Web App,English,1f175d51-85a1-65df-8005-40fc808a67e8,Which wheat varieties are suitable for cultivation in saline or salt-affected soils in Haryana?,Soil Health and Nutrient Management,10:45:00,", 10:45:52 AM",52sec,Within SLA,Yes,Well Framed,English,English,Correct,NIL,Correctly Tagged as Duplicate,Yes,Shivendra Pratap Singh,NA,NA,NA,NA,NA,NA,NA,NA,NA,NA,NA,NA,NA,NA,NA,NA,NA,NA,NA,NA,NA,NA,NA,NA,NA,NA,NA,Successfully Identified as Duplicate/Dynamic,Yes,Yes,Yes,Provided and relevant,NA,NA,NA,NA,Yes,Yes,Clear,Clear,NIL,NA,NA,NA,Duplicate,Duplicate,Successfully Identified as Duplicate,NA,Pass,No Defect,NIL,NIL,Good output,Expected Output,,,
TL-3673,2026-07-02,Ithagani Shireesha,GDB,0.1,NIL,Web App,English,1f175db4-75cb-642e-8005-3a25d0b6ac96,How to improve growth of wheat crop in Yamunanagar district in Haryana?,Cultural and Crop Management Practices,11:30:00,11:30:08,8sec,Within SLA,Yes,Well Framed,English,English,Correct,Nil,Correctly Tagged as Duplicate,Yes,C Sai Durga,NA,NA,NA,NA,NA,NA,NA,NA,NA,NA,NA,NA,NA,NA,NA,NA,NA,NA,NA,NA,NA,NA,NA,NA,NA,NA,NA,Successfully Identified as Duplicate/Dynamic,Yes,Yes,Yes,Provided and relevant,NA,NA,NA,NA,Yes,Yes,Clear,Clear,NIL,NA,NA,NA,Duplicate,Duplicate,Successfully Identified as Duplicate,NA,Pass,No Defect,NIL,NIL,Good output,Expected Output,,,
TL-3675,2026-07-02,Ithagani Shireesha,GDB,0.1,NIL,Web App,English,1f175dc3-d8a2-6d13-8005-728845a1b581,How to control damping-off disease in wheat crop in Haryana?,Disease Management,11:37:00,11:37:01,1sec,Within SLA,Yes,Well Framed,English,English,Correct,Nil,Correctly Tagged as Duplicate,Yes,Khaja Suhaib,NA,NA,NA,NA,NA,NA,NA,NA,NA,NA,NA,NA,NA,NA,NA,NA,NA,NA,NA,NA,NA,NA,NA,NA,NA,NA,NA,Successfully Identified as Duplicate/Dynamic,Yes,Yes,Yes,Provided and relevant,NA,NA,NA,NA,Yes,Yes,Clear,Clear,NIL,NA,NA,NA,Duplicate,Duplicate,Successfully Identified as Duplicate,NA,Pass,No Defect,NIL,NIL,Good output,Expected Output,,,
TL-3676,2026-07-02,Ithagani Shireesha,GDB,0.1,NIL,Web App,English,1f175dcc-149a-6bc7-8005-d917936404b5,What are the characteristics and cultivation details of wheat variety WH-283 in Haryana?,Seed and Variety Selection,11:40:00,11:40:42,42sec,Within SLA,Yes,Well Framed,English,English,Correct,Nil,Correctly Tagged as Duplicate,Yes,Kavya Ponugoti,NA,NA,NA,NA,NA,NA,NA,NA,NA,NA,NA,NA,NA,NA,NA,NA,NA,NA,NA,NA,NA,NA,NA,NA,NA,NA,NA,Successfully Identified as Duplicate/Dynamic,Yes,Yes,Yes,Provided and relevant,NA,NA,NA,NA,Yes,Yes,Clear,Clear,NIL,NA,NA,NA,Duplicate,Duplicate,Successfully Identified as Duplicate,NA,Pass,No Defect,NIL,NIL,Good output,Expected Output,,,
TL-3677,2026-07-02,Ithagani Shireesha,GDB,0.1,NIL,Web App,English,1f175dd4-7082-6da3-8005-bbd578a58690,How to manage sodic (high sodium) water for wheat cultivation in Haryana?,Irrigation and Water Management,11:44:00,11:44:26,26sec,Within SLA,Yes,Well Framed,English,English,Correct,Nil,Correctly Tagged as Duplicate,Yes,Anmol Kaundal,NA,NA,NA,NA,NA,NA,NA,NA,NA,NA,NA,NA,NA,NA,NA,NA,NA,NA,NA,NA,NA,NA,NA,NA,NA,NA,NA,Successfully Identified as Duplicate/Dynamic,Yes,Yes,Yes,Provided and relevant,NA,NA,NA,NA,Yes,Yes,Clear,Clear,NIL,NA,NA,NA,Duplicate,Duplicate,Successfully Identified as Duplicate,NA,Pass,No Defect,NIL,NIL,Good output,Expected Output,,,
TL-3678,2026-07-02,Ithagani Shireesha,GDB,0.1,NIL,Web App,English,1f175ddd-1317-6f98-8005-919b5e28afc3,What is the recommended dosage and application method of Mancozeb fungicide for plant protection in wheat in Haryana?,Plant protection,11:48:00,11:48:18,18sec,Within SLA,Yes,Well Framed,English,English,Correct,Nil,Correctly Tagged as Duplicate,Yes,C Sai Durga,NA,NA,NA,NA,NA,NA,NA,NA,NA,NA,NA,NA,NA,NA,NA,NA,NA,NA,NA,NA,NA,NA,NA,NA,NA,NA,NA,Successfully Identified as Duplicate/Dynamic,Yes,Yes,Yes,Provided and relevant,NA,NA,NA,NA,Yes,Yes,Clear,Clear,NIL,NA,NA,NA,Duplicate,Duplicate,Successfully Identified as Duplicate,NA,Pass,No Defect,NIL,NIL,Good output,Expected Output,,,
TL-3679,2026-07-02,Ithagani Shireesha,GDB,0.1,NIL,Web App,English,1f175de4-34b8-61bb-8005-20604b38f8a3,How to control fungal diseases in wheat in Haryana?,Disease Management,11:51:00,11:51:29,29sec,Within SLA,Yes,Well Framed,English,English,Correct,Nil,Correctly Tagged as Duplicate,Yes,Pallavi J P,NA,NA,NA,NA,NA,NA,NA,NA,NA,NA,NA,NA,NA,NA,NA,NA,NA,NA,NA,NA,NA,NA,NA,NA,NA,NA,NA,Successfully Identified as Duplicate/Dynamic,Yes,Yes,Yes,Provided and relevant,NA,NA,NA,NA,Yes,Yes,Clear,Clear,NIL,NA,NA,NA,Duplicate,Duplicate,Successfully Identified as Duplicate,NA,Pass,No Defect,NIL,NIL,Good output,Expected Output,,,
TL-3680,2026-07-02,Ithagani Shireesha,GDB,0.1,NIL,Web App,English,1f175dea-c6e6-6ad3-8005-2d1b5dbfd5d8,How does APSA (adjuvant/surfactant) improve pesticide effectiveness in wheat by reducing water surface tension in Haryana?,Plant protection,11:54:00,11:54:26,26sec,Within SLA,Yes,Well Framed,English,English,Correct,Nil,Correctly Tagged as Duplicate,Yes,Girishma Gonnabathula,NA,NA,NA,NA,NA,NA,NA,NA,NA,NA,NA,NA,NA,NA,NA,NA,NA,NA,NA,NA,NA,NA,NA,NA,NA,NA,NA,Successfully Identified as Duplicate/Dynamic,Yes,Yes,Yes,Provided and relevant,NA,NA,NA,NA,Yes,Yes,Clear,Clear,NIL,NA,NA,NA,Duplicate,Duplicate,Successfully Identified as Duplicate,NA,Pass,No Defect,NIL,NIL,Good output,Expected Output,,,
TL-3681,2026-07-02,Ithagani Shireesha,GDB,0.1,NIL,Web App,English,1f175df2-9235-668f-8005-a369938fefc6,How can I prepare and use Panchagavya for organic wheat farming in Haryana?,Bio-fertilizers and Bio-pesticides,11:58:00,11:57:55,55sec,Within SLA,Yes,Well Framed,English,English,Correct,Nil,Correctly Tagged as Duplicate,Yes,Salim Sahaji,NA,NA,NA,NA,NA,NA,NA,NA,NA,NA,NA,NA,NA,NA,NA,NA,NA,NA,NA,NA,NA,NA,NA,NA,NA,NA,NA,Successfully Identified as Duplicate/Dynamic,Yes,Yes,Yes,Provided and relevant,NA,NA,NA,NA,Yes,Yes,Clear,Clear,NIL,NA,NA,NA,Duplicate,Duplicate,Successfully Identified as Duplicate,NA,Pass,No Defect,NIL,NIL,Good output,Expected Output,,,
TL-3752,2026-07-02,K. Deni Sudha,GDB,0.1,NIL,Web App,English,1dc483ba-5217-4ebc-b0fc-11388d87ddbf,Can NPK fertilizer be prepared at home for wheat cultivation in Haryana?,Fertiliser use & availability,20:12:00,20:12:37,0.6,Within SLA,Successfully Identified as Duplicate,Well Framed,English,English,Correct,NIL,Correctly Tagged as Duplicate,No,NA,NA,NA,NA,NA,NA,NA,NA,NA,NA,NA,NA,NA,NA,NA,NA,NA,NA,NA,NA,NA,NA,NA,NA,NA,NA,NA,NA,Successfully Identified as Duplicate/Dynamic,Yes,Yes,Yes,Provided & Relevant,Successfully Identified as Duplicate,NA,NA,NA,Yes,Yes,Clear,Clear,NIL,NA,NA,NA,Saved,Saved,Successfully Identified as Duplicate,NA,Pass,No Defect,NIL,,Duplicate.,Expected Output,,,
TL-3754,2026-07-02,K. Deni Sudha,GDB,0.1,NIL,Web App,English,92d2314b-8026-4640-a52d-444ac3c13505,"What is the recommended foliar spray application of Biovita or NPK 19:19:19 for wheat crop, and what are the benefits and proper application methods in Haryana?",Fertiliser use & availability,22:16:00,22:16:43,0.7,Within SLA,Successfully Identified as Duplicate,Well Framed,English,English,Correct,NIL,Correctly Tagged as Duplicate,No,NA,NA,NA,NA,NA,NA,NA,NA,NA,NA,NA,NA,NA,NA,NA,NA,NA,NA,NA,NA,NA,NA,NA,NA,NA,NA,NA,NA,Successfully Identified as Duplicate/Dynamic,Yes,Yes,Yes,Provided & Relevant,Successfully Identified as Duplicate,NA,NA,NA,Yes,Yes,Clear,Clear,NIL,NA,NA,NA,Saved,Saved,Successfully Identified as Duplicate,NA,Pass,No Defect,NIL,,Duplicate.,Expected Output,,,
TL-3755,2026-07-02,K. Deni Sudha,GDB,0.1,NIL,Web App,English,27d98a19-e2e5-4d1a-92d6-b8e6e9722d0c,How can I improve soil fertility and solve waterlogging problems in wheat fields in Haryana?,Cultural and Crop Management Practices,22:19:00,22:19:31,0.5,Within SLA,Successfully Identified as Duplicate,Well Framed,English,English,Correct,NIL,Correctly Tagged as Duplicate,No,NA,NA,NA,NA,NA,NA,NA,NA,NA,NA,NA,NA,NA,NA,NA,NA,NA,NA,NA,NA,NA,NA,NA,NA,NA,NA,NA,NA,Successfully Identified as Duplicate/Dynamic,Yes,Yes,Yes,Provided & Relevant,Successfully Identified as Duplicate,NA,NA,NA,Yes,Yes,Clear,Clear,NIL,NA,NA,NA,Saved,Saved,Successfully Identified as Duplicate,NA,Pass,No Defect,NIL,,Duplicate.,Expected Output,,,
TL-3756,2026-07-02,K. Deni Sudha,GDB,0.1,NIL,Web App,English,b4463c87-c84f-4896-a21b-9233e0999eb6,What is PSB (Phosphate Solubilizing Bacteria) and how can it be used in wheat cultivation in Haryana?,Fertiliser use & availability,22:24:00,22:24:47,0.8,Within SLA,Successfully Identified as Duplicate,Well Framed,English,English,Correct,NIL,Correctly Tagged as Duplicate,No,NA,NA,NA,NA,NA,NA,NA,NA,NA,NA,NA,NA,NA,NA,NA,NA,NA,NA,NA,NA,NA,NA,NA,NA,NA,NA,NA,NA,Successfully Identified as Duplicate/Dynamic,Yes,Yes,Yes,Provided & Relevant,Successfully Identified as Duplicate,NA,NA,NA,Yes,Yes,Clear,Clear,NIL,NA,NA,NA,Saved,Saved,Successfully Identified as Duplicate,NA,Pass,No Defect,NIL,,Duplicate.,Expected Output,,,
TL-3757,2026-07-02,K. Deni Sudha,GDB,0.1,NIL,Web App,English,d7f90459-8aa7-4545-bb14-1d40ff33dc08,What is the information regarding Karnal bunt and smut diseases in wheat in Haryana?,Plant protection,22:44:00,22:44:20,0.3,Within SLA,Successfully Identified as Duplicate,Well Framed,English,English,Correct,NIL,Correctly Tagged as Duplicate,No,NA,NA,NA,NA,NA,NA,NA,NA,NA,NA,NA,NA,NA,NA,NA,NA,NA,NA,NA,NA,NA,NA,NA,NA,NA,NA,NA,NA,Successfully Identified as Duplicate/Dynamic,Yes,Yes,Yes,Provided & Relevant,Successfully Identified as Duplicate,NA,NA,NA,Yes,Yes,Clear,Clear,NIL,NA,NA,NA,Saved,Saved,Successfully Identified as Duplicate,NA,Pass,No Defect,NIL,,Duplicate.,Expected Output,,,
TL-3758,2026-07-02,K. Deni Sudha,GDB,0.1,NIL,Web App,English,bf7daf46-4756-4531-8e04-c7b5e60bc63f,Can urea be broadcast in wheat fields after herbicide spray application in Haryana?,Fertiliser use & availability,22:51:00,22:51:30,0.5,Within SLA,Successfully Identified as Duplicate,Well Framed,English,English,Correct,NIL,Correctly Tagged as Duplicate,No,NA,NA,NA,NA,NA,NA,NA,NA,NA,NA,NA,NA,NA,NA,NA,NA,NA,NA,NA,NA,NA,NA,NA,NA,NA,NA,NA,NA,Successfully Identified as Duplicate/Dynamic,Yes,Yes,Yes,Provided & Relevant,Successfully Identified as Duplicate,NA,NA,NA,Yes,Yes,Clear,Clear,NIL,NA,NA,NA,Saved,Saved,Successfully Identified as Duplicate,NA,Pass,No Defect,NIL,,Duplicate.,Expected Output,,,
TL-3759,2026-07-02,K. Deni Sudha,GDB,0.1,NIL,Web App,English,fc56ad30-9044-4495-bbe5-d9d0a082afa6,How to control bird damage in wheat fields in Haryana?,Plant protection,22:55:00,22:55:51,0.8,Within SLA,Successfully Identified as Duplicate,Well Framed,English,English,Correct,NIL,Correctly Tagged as Duplicate,No,NA,NA,NA,NA,NA,NA,NA,NA,NA,NA,NA,NA,NA,NA,NA,NA,NA,NA,NA,NA,NA,NA,NA,NA,NA,NA,NA,NA,Successfully Identified as Duplicate/Dynamic,Yes,Yes,Yes,Provided & Relevant,Successfully Identified as Duplicate,NA,NA,NA,Yes,Yes,Clear,Clear,NIL,NA,NA,NA,Saved,Saved,Successfully Identified as Duplicate,NA,Pass,No Defect,NIL,,Duplicate.,Expected Output,,,
TL-3760,2026-07-02,K. Deni Sudha,GDB,0.1,NIL,Web App,English,3bf58feb-958f-4979-b120-28302f76308a,How to manage waterlogging or stagnant water in wheat fields in Haryana?,Irrigation and Water Management,23:17:00,23:17:20,0.3,Within SLA,Successfully Identified as Duplicate,Well Framed,English,English,Correct,NIL,Correctly Tagged as Duplicate,No,NA,NA,NA,NA,NA,NA,NA,NA,NA,NA,NA,NA,NA,NA,NA,NA,NA,NA,NA,NA,NA,NA,NA,NA,NA,NA,NA,NA,Successfully Identified as Duplicate/Dynamic,Yes,Yes,Yes,Provided & Relevant,Successfully Identified as Duplicate,NA,NA,NA,Yes,Yes,Clear,Clear,NIL,NA,NA,NA,Saved,Saved,Successfully Identified as Duplicate,NA,Pass,No Defect,NIL,,"Duplicate. 2nd answer received after 1 week,which is completely different but correct.",Expected Output,,,
TL-3771,2026-07-02,K. Deni Sudha,GDB,0.1,NIL,Web App,English,4d44c0f9-29f6-4103-96bb-750eba11fd51,How can I improve growth and treat yellowing of upper leaves in wheat crop in Haryana?,Plant protection,23:47:00,23:47:14,0.2,Within SLA,Successfully Identified as Duplicate,Well Framed,English,English,Correct,NIL,Correctly Tagged as Duplicate,No,NA,NA,NA,NA,NA,NA,NA,NA,NA,NA,NA,NA,NA,NA,NA,NA,NA,NA,NA,NA,NA,NA,NA,NA,NA,NA,NA,NA,Successfully Identified as Duplicate/Dynamic,Yes,Yes,Yes,Provided & Relevant,Successfully Identified as Duplicate,NA,NA,NA,Yes,Yes,Clear,Clear,NIL,NA,NA,NA,Saved,Saved,Successfully Identified as Duplicate,NA,Pass,No Defect,NIL,NIL,Duplicate.,Expected Output,,,
TL-3812,2026-07-03,Ithagani Shireesha,GDB,0.1,NIL,Web App,English,1f176a38-690d-6dea-8005-0c702728824a,What is the recommended information for glyphosate spray application in wheat cultivation in Haryana?,Plant protection,11:23:00,11:23:33,33sec,Within SLA,Yes,Well Framed,English,English,Correct,NIL,Correctly Tagged as Duplicate,NA,Simranpreet Kaur,NA,NA,NA,NA,NA,NA,NA,NA,NA,NA,NA,NA,NA,NA,NA,NA,NA,NA,NA,NA,NA,NA,NA,NA,NA,NA,NA,Successfully Identified as Duplicate/Dynamic,Yes,Yes,Yes,provided and relevant,NA,NA,NA,NA,Yes,Yes,Clear,Clear,NIL,NA,NA,NA,Duplicate,Duplicate,Successfully Identified as Duplicate,NA,Pass,No Defect,NIL,NIL,Good output,Expected Output,,,
TL-3953,2026-07-03,K. Deni Sudha,GDB,0.1,NIL,Web App,English,693baa60-9876-4745-8702-383a02af9cae,What are the new wheat varieties released in 2019 suitable for cultivation in Haryana?,Seed and Variety Selection,17:31:00,17:31:17,0.3,Within SLA,Successfully Identified as Duplicate,Well Framed,English,English,Correct,Nil,Correctly Tagged as Duplicate,No,NA,NA,NA,NA,NA,NA,NA,NA,NA,NA,NA,NA,NA,NA,NA,NA,NA,NA,NA,NA,NA,NA,NA,NA,NA,NA,NA,NA,Successfully Identified as Duplicate/Dynamic,Yes,Yes,Successfully Identified as Duplicate,Provided & Relevant,Successfully Identified as Duplicate/Dynamic,NA,NA,NA,Yes,Yes,Clear,Clear,NIL,NA,NA,NA,Saved,Saved,Successfully Identified as Duplicate,NA,Pass,No Defect,NIL,,Duplicate.,Expected Output,,,
TL-3954,2026-07-03,K. Deni Sudha,GDB,0.1,NIL,Web App,English,cc812a75-42c1-49ec-9f40-20b6aa58835e,How to control Phalaris minor (canary grass) weed in wheat crop at 60 days after sowing in Haryana?,Weed Management,17:45:00,17:45:17,0.3,Within SLA,Successfully Identified as Duplicate,Well Framed,English,English,Correct,Nil,Correctly Tagged as Duplicate,No,NA,NA,NA,NA,NA,NA,NA,NA,NA,NA,NA,NA,NA,NA,NA,NA,NA,NA,NA,NA,NA,NA,NA,NA,NA,NA,NA,NA,Successfully Identified as Duplicate/Dynamic,Yes,Yes,Successfully Identified as Duplicate,Provided & Relevant,Successfully Identified as Duplicate/Dynamic,NA,NA,NA,Yes,Yes,Clear,Clear,NIL,NA,NA,NA,Saved,Saved,Successfully Identified as Duplicate,NA,Pass,No Defect,NIL,,Duplicate.,Expected Output,,,
TL-3955,2026-07-03,K. Deni Sudha,GDB,0.1,NIL,Web App,English,8f1945c1-244a-477a-b429-8e1e1ff2233d,What is Jeevamrit and how can it be prepared and used as an organic fertilizer for wheat cultivation in Haryana?,Bio-fertilizers and Bio-pesticides,18:02:00,18:02:33,0.6,Within SLA,Successfully Identified as Duplicate,Well Framed,English,English,Correct,Nil,Correctly Tagged as Duplicate,No,NA,NA,NA,NA,NA,NA,NA,NA,NA,NA,NA,NA,NA,NA,NA,NA,NA,NA,NA,NA,NA,NA,NA,NA,NA,NA,NA,NA,Successfully Identified as Duplicate/Dynamic,Yes,Yes,Successfully Identified as Duplicate,Provided & Relevant,Successfully Identified as Duplicate/Dynamic,NA,NA,NA,Yes,Yes,Clear,Clear,NIL,NA,NA,NA,Saved,Saved,Successfully Identified as Duplicate,NA,Pass,No Defect,NIL,,Duplicate.,Expected Output,,,
TL-3957,2026-07-03,K. Deni Sudha,GDB,0.1,NIL,Web App,English,6949c1da-7556-45c0-bef2-3f4a07f7ccc1,What is the importance and application method of Farm Yard Manure (FYM) in wheat cultivation in Haryana?,Organic and Natural Farming,18:26:00,18:26:21,0.3,Within SLA,Successfully Identified as Duplicate,Well Framed,English,English,Correct,Nil,Correctly Tagged as Duplicate,No,NA,NA,NA,NA,NA,NA,NA,NA,NA,NA,NA,NA,NA,NA,NA,NA,NA,NA,NA,NA,NA,NA,NA,NA,NA,NA,NA,NA,Successfully Identified as Duplicate/Dynamic,Yes,Yes,Successfully Identified as Duplicate,Provided & Relevant,Successfully Identified as Duplicate/Dynamic,NA,NA,NA,Yes,Yes,Clear,Clear,NIL,NA,NA,NA,Saved,Saved,Successfully Identified as Duplicate,NA,Pass,No Defect,NIL,,Duplicate.,Expected Output,,,
TL-3958,2026-07-03,K. Deni Sudha,GDB,0.1,NIL,Web App,English,403dcc17-b56f-44d0-ba2e-c309431214e6,What is the recommended application rate of nano urea for wheat crop in Haryana?,Fertiliser use & availability,18:30:00,18:30:07,0.1,Within SLA,Successfully Identified as Duplicate,Well Framed,English,English,Correct,Nil,Correctly Tagged as Duplicate,No,NA,NA,NA,NA,NA,NA,NA,NA,NA,NA,NA,NA,NA,NA,NA,NA,NA,NA,NA,NA,NA,NA,NA,NA,NA,NA,NA,NA,Successfully Identified as Duplicate/Dynamic,Yes,Yes,Successfully Identified as Duplicate,Provided & Relevant,Successfully Identified as Duplicate/Dynamic,NA,NA,NA,Yes,Yes,Clear,Clear,NIL,NA,NA,NA,Saved,Saved,Successfully Identified as Duplicate,NA,Pass,No Defect,NIL,,Duplicate.,Expected Output,,,
TL-3959,2026-07-03,K. Deni Sudha,GDB,0.1,NIL,Web App,English,a4c7af04-067a-4e20-a014-25658675fa55,What are the fertilizer requirements and recommendations for wheat cultivation in Haryana?,Soil Health and Nutrient Management,19:12:00,19:12:24,0.4,Within SLA,Successfully Identified as Duplicate,Well Framed,English,English,Correct,Nil,Correctly Tagged as Duplicate,No,NA,NA,NA,NA,NA,NA,NA,NA,NA,NA,NA,NA,NA,NA,NA,NA,NA,NA,NA,NA,NA,NA,NA,NA,NA,NA,NA,NA,Successfully Identified as Duplicate/Dynamic,Yes,Yes,Successfully Identified as Duplicate,Provided & Relevant,Successfully Identified as Duplicate/Dynamic,NA,NA,NA,Yes,Yes,Clear,Clear,NIL,NA,NA,NA,Saved,Saved,Successfully Identified as Duplicate,NA,Pass,No Defect,NIL,,Duplicate.,Expected Output,,,
TL-3960,2026-07-03,K. Deni Sudha,GDB,0.1,NIL,Web App,English,b5b48c2b-8197-4fc7-baa9-0b020575cc45,Can we apply DAP (Di-ammonium Phosphate) fertilizer after dissolving it in water for wheat crop in Haryana?,Fertiliser use & availability,19:59:00,19:59:19,0.3,Within SLA,Successfully Identified as Duplicate,Well Framed,English,English,Correct,Nil,Correctly Tagged as Duplicate,No,NA,NA,NA,NA,NA,NA,NA,NA,NA,NA,NA,NA,NA,NA,NA,NA,NA,NA,NA,NA,NA,NA,NA,NA,NA,NA,NA,NA,Successfully Identified as Duplicate/Dynamic,Yes,Yes,Successfully Identified as Duplicate,Provided & Relevant,Successfully Identified as Duplicate/Dynamic,NA,NA,NA,Yes,Yes,Clear,Clear,NIL,NA,NA,NA,Saved,Saved,Successfully Identified as Duplicate,NA,Pass,No Defect,NIL,,Duplicate.,Expected Output,,,
TL-3961,2026-07-03,K. Deni Sudha,GDB,0.1,NIL,Web App,English,e68b0778-74fe-48a8-bacd-ee05824983bf,What are the nutritional functions of iron in wheat crop in Haryana?,Soil Health and Nutrient Management,20:04:00,20:04:02,0.0,Within SLA,Successfully Identified as Duplicate,Well Framed,English,English,Correct,Nil,Correctly Tagged as Duplicate,No,NA,NA,NA,NA,NA,NA,NA,NA,NA,NA,NA,NA,NA,NA,NA,NA,NA,NA,NA,NA,NA,NA,NA,NA,NA,NA,NA,NA,Successfully Identified as Duplicate/Dynamic,Yes,Yes,Successfully Identified as Duplicate,Provided & Relevant,Successfully Identified as Duplicate/Dynamic,NA,NA,NA,Yes,Yes,Clear,Clear,NIL,NA,NA,NA,Saved,Saved,Successfully Identified as Duplicate,NA,Pass,No Defect,NIL,,Duplicate.,Expected Output,,,
TL-3962,2026-07-03,K. Deni Sudha,GDB,0.1,NIL,Web App,English,cf6ab451-fa68-4f9c-a4d3-884d6b29c337,What information should I know about ammonium sulfate fertilizer for wheat cultivation in Haryana?,Fertiliser use & availability,20:10:00,20:10:06,0.1,Within SLA,Successfully Identified as Duplicate,Well Framed,English,English,Correct,Nil,Correctly Tagged as Duplicate,No,NA,NA,NA,NA,NA,NA,NA,NA,NA,NA,NA,NA,NA,NA,NA,NA,NA,NA,NA,NA,NA,NA,NA,NA,NA,NA,NA,NA,Successfully Identified as Duplicate/Dynamic,Yes,Yes,Successfully Identified as Duplicate,Provided & Relevant,Successfully Identified as Duplicate/Dynamic,NA,NA,NA,Yes,Yes,Clear,Clear,NIL,NA,NA,NA,Saved,Saved,Successfully Identified as Duplicate,NA,Pass,No Defect,NIL,,Duplicate.,Expected Output,,,
TL-3963,2026-07-03,K. Deni Sudha,GDB,0.1,NIL,Web App,English,9cb138b5-1ba6-47ae-be10-0dc216b391bd,How to control loose smut (gulli danda) disease in wheat in Haryana?,Plant protection,20:21:00,20:21:22,0.4,Within SLA,Successfully Identified as Duplicate,Well Framed,English,English,Correct,Nil,Correctly Tagged as Duplicate,No,NA,NA,NA,NA,NA,NA,NA,NA,NA,NA,NA,NA,NA,NA,NA,NA,NA,NA,NA,NA,NA,NA,NA,NA,NA,NA,NA,NA,Successfully Identified as Duplicate/Dynamic,Yes,Yes,Successfully Identified as Duplicate,Provided & Relevant,Successfully Identified as Duplicate/Dynamic,NA,NA,NA,Yes,Yes,Clear,Clear,NIL,NA,NA,NA,Saved,Saved,Successfully Identified as Duplicate,NA,Pass,No Defect,NIL,,Duplicate.,Expected Output,,,
TL-3964,2026-07-03,K. Deni Sudha,GDB,0.1,NIL,Web App,English,2af13c87-60ec-48f3-ac7d-802f0d869455,What is a waste decomposer and how can it be used for organic farming in wheat cultivation in Haryana?,Organic and Natural Farming,20:25:00,20:25:36,0.6,Within SLA,Successfully Identified as Duplicate,Well Framed,English,English,Correct,Nil,Correctly Tagged as Duplicate,No,NA,NA,NA,NA,NA,NA,NA,NA,NA,NA,NA,NA,NA,NA,NA,NA,NA,NA,NA,NA,NA,NA,NA,NA,NA,NA,NA,NA,Successfully Identified as Duplicate/Dynamic,Yes,Yes,Successfully Identified as Duplicate,Provided & Relevant,Successfully Identified as Duplicate/Dynamic,NA,NA,NA,Yes,Yes,Clear,Clear,NIL,NA,NA,NA,Saved,Saved,Successfully Identified as Duplicate,NA,Pass,No Defect,NIL,,Duplicate.,Expected Output,,,
TL-3965,2026-07-03,K. Deni Sudha,GDB,0.1,NIL,WhatsApp,English,6a47d017ce9ad1be64c04721,What is the application method and dosage of Biozyme or Dhanzyme granules for wheat crops in Haryana?,Organic and Natural Farming,20:37:00,20:37:03,0.1,Within SLA,Successfully Identified as Duplicate,Well Framed,English,English,Correct,Nil,Correctly Tagged as Duplicate,No,NA,NA,NA,NA,NA,NA,NA,NA,NA,NA,NA,NA,NA,NA,NA,NA,NA,NA,NA,NA,NA,NA,NA,NA,NA,NA,NA,NA,Successfully Identified as Duplicate/Dynamic,Yes,Yes,Successfully Identified as Duplicate,Provided & Relevant,Successfully Identified as Duplicate/Dynamic,NA,NA,NA,Yes,Yes,Clear,Clear,NIL,NA,NA,NA,Saved,Saved,Successfully Identified as Duplicate,NA,Pass,No Defect,NIL,,Duplicate.,Expected Output,,,
TL-3966,2026-07-03,K. Deni Sudha,GDB,0.1,NIL,WhatsApp,English,6a47d166ce9ad1be64c04773,What is the recommended dose of Emamectin benzoate 5% SG for pest control in wheat in Haryana?,Plant protection,20:42:00,20:42:38,0.6,Within SLA,Successfully Identified as Duplicate,Well Framed,English,English,Correct,Nil,Correctly Tagged as Duplicate,No,NA,NA,NA,NA,NA,NA,NA,NA,NA,NA,NA,NA,NA,NA,NA,NA,NA,NA,NA,NA,NA,NA,NA,NA,NA,NA,NA,NA,Successfully Identified as Duplicate/Dynamic,Yes,Yes,Successfully Identified as Duplicate,Provided & Relevant,Successfully Identified as Duplicate/Dynamic,NA,NA,NA,Yes,Yes,Clear,Clear,NIL,NA,NA,NA,Saved,Saved,Successfully Identified as Duplicate,NA,Pass,No Defect,NIL,,Duplicate.The answer can include insectcides which were recommended for wheat crop.,Expected Output,,,
TL-3967,2026-07-03,K. Deni Sudha,GDB,0.1,NIL,WhatsApp,English,6a47d2dace9ad1be64c047ce,What is Tebuconazole and how is it used for disease control in wheat in Haryana?,Plant protection,20:48:00,20:48:50,0.8,Within SLA,Successfully Identified as Duplicate,Well Framed,English,English,Correct,Nil,Correctly Tagged as Duplicate,No,NA,NA,NA,NA,NA,NA,NA,NA,NA,NA,NA,NA,NA,NA,NA,NA,NA,NA,NA,NA,NA,NA,NA,NA,NA,NA,NA,NA,Successfully Identified as Duplicate/Dynamic,Yes,Yes,Successfully Identified as Duplicate,Provided & Relevant,Successfully Identified as Duplicate/Dynamic,NA,NA,NA,Yes,Yes,Clear,Clear,NIL,NA,NA,NA,Saved,Saved,Successfully Identified as Duplicate,NA,Pass,No Defect,NIL,,Duplicate.The answer can include disease symptoms.,Expected Output,,,
TL-3968,2026-07-03,K. Deni Sudha,GDB,0.1,NIL,WhatsApp,English,6a47e652ce9ad1be64c04945,What is Biozyme and how should it be used in wheat cultivation in Haryana?,Bio-fertilizers and Bio-pesticides,22:11:00,22:11:54,0.9,Within SLA,Successfully Identified as Duplicate,Well Framed,English,English,Correct,Nil,Correctly Tagged as Duplicate,No,NA,NA,NA,NA,NA,NA,NA,NA,NA,NA,NA,NA,NA,NA,NA,NA,NA,NA,NA,NA,NA,NA,NA,NA,NA,NA,NA,NA,Successfully Identified as Duplicate/Dynamic,Yes,Yes,Successfully Identified as Duplicate,Provided & Relevant,Successfully Identified as Duplicate/Dynamic,NA,NA,NA,Yes,Yes,Clear,Clear,NIL,NA,NA,NA,Saved,Saved,Successfully Identified as Duplicate,NA,Pass,No Defect,NIL,,Duplicate.,Expected Output,,,
TL-3974,2026-07-03,T.Vishnu Vardhan,GDB,0.1,NIL,Web App,English,6a47f2a9ce9ad1be64c04cc6,"What are the recommended wheat varieties available for cultivation in Sirsa district, Haryana?",Seed and Variety Selection,23:04:00,23:04:00,5 seconds,Within SLA,Successfully Identified as Duplicate,Well Framed,English,English,Good,NIL,Correctly Tagged as Duplicate,NO,Kavya Ponugoti,NA,NA,NA,NA,NA,NA,NA,NA,NA,NA,NA,NA,NA,NA,NA,NA,NA,NA,NA,NA,NA,NA,NA,NA,NA,NA,NA,Successfully Identified as Duplicate/Dynamic,Yes,Yes,Yes,Yes,Yes,Received on Time,Yes,Yes,NA,Yes,NA,Clear,"NIL, no issue",NA,NA,NA,Saved,Saved,Successfully Identified as Duplicate,NA,Pass,No Defect,,,"GDB question, succesfully indentified as duplicate.",Expected Output,,,
TL-3975,2026-07-03,T.Vishnu Vardhan,GDB,0.1,NIL,Web App,English,6a47f3dbce9ad1be64c04e02,What is the recommended land preparation method for wheat cultivation in Haryana?,Field Preparation,23:09:00,23:09:00,5 seconds,Within SLA,Successfully Identified as Duplicate,Well Framed,English,English,Good,NIL,Correctly Tagged as Duplicate,NO,Shivendra Pratap Singh,NA,NA,NA,NA,NA,NA,NA,NA,NA,NA,NA,NA,NA,NA,NA,NA,NA,NA,NA,NA,NA,NA,NA,NA,NA,NA,NA,Successfully Identified as Duplicate/Dynamic,Yes,Yes,Yes,Yes,Yes,Received on Time,Yes,Yes,NA,Yes,NA,Clear,"NIL, no issue",NA,NA,NA,Saved,Saved,Successfully Identified as Duplicate,NA,Pass,No Defect,,,"GDB question, succesfully indentified as duplicate.",Expected Output,,,
TL-3976,2026-07-03,T.Vishnu Vardhan,GDB,0.1,NIL,Web App,English,6a47f460ce9ad1be64c04e3b,Can I mix and apply two or more pesticides or fertilizers together at the same time in wheat crop in Haryana?,Plant protection,23:11:00,23:11:00,5 seconds,Within SLA,Successfully Identified as Duplicate,Well Framed,English,English,Good,NIL,Correctly Tagged as Duplicate,NO,Anmol Kaundal,NA,NA,NA,NA,NA,NA,NA,NA,NA,NA,NA,NA,NA,NA,NA,NA,NA,NA,NA,NA,NA,NA,NA,NA,NA,NA,NA,Successfully Identified as Duplicate/Dynamic,Yes,Yes,Yes,Yes,Yes,Received on Time,Yes,Yes,NA,Yes,NA,Clear,"NIL, no issue",NA,NA,NA,Saved,Saved,Successfully Identified as Duplicate,NA,Pass,No Defect,,,"GDB question, succesfully indentified as duplicate.",Expected Output,,,
TL-3977,2026-07-03,T.Vishnu Vardhan,GDB,0.1,NIL,Web App,English,6a47f4b5ce9ad1be64c04e75,"What are the recommended wheat varieties for cultivation in Sonepat district, Haryana, including their characteristics such as plant height, yield potential, and maturity duration?",Cultural and Crop Management Practices,23:13:00,23:13:00,5 seconds,Within SLA,Successfully Identified as Duplicate,Well Framed,English,English,Good,NIL,Correctly Tagged as Duplicate,NO,Rohan Chand,NA,NA,NA,NA,NA,NA,NA,NA,NA,NA,NA,NA,NA,NA,NA,NA,NA,NA,NA,NA,NA,NA,NA,NA,NA,NA,NA,Successfully Identified as Duplicate/Dynamic,Yes,Yes,Yes,Yes,Yes,Received on Time,Yes,Yes,NA,Yes,NA,Clear,"NIL, no issue",NA,NA,NA,Saved,Saved,Successfully Identified as Duplicate,NA,Pass,No Defect,,,"GDB question, succesfully indentified as duplicate.",Expected Output,,,
TL-3978,2026-07-03,T.Vishnu Vardhan,GDB,0.1,NIL,Web App,English,6a47f4fece9ad1be64c04e77,What is Azotobacter biofertilizer and how should it be used for wheat cultivation in Haryana?,Bio-fertilizers and Bio-pesticides,23:14:00,23:14:00,5 seconds,Within SLA,Successfully Identified as Duplicate,Well Framed,English,English,Good,NIL,Correctly Tagged as Duplicate,NO,C Sai Durga,NA,NA,NA,NA,NA,NA,NA,NA,NA,NA,NA,NA,NA,NA,NA,NA,NA,NA,NA,NA,NA,NA,NA,NA,NA,NA,NA,Successfully Identified as Duplicate/Dynamic,Yes,Yes,Yes,Yes,Yes,Received on Time,Yes,Yes,NA,Yes,NA,Clear,"NIL, no issue",NA,NA,NA,Saved,Saved,Successfully Identified as Duplicate,NA,Pass,No Defect,,,"GDB question, succesfully indentified as duplicate.",Expected Output,,,
TL-3979,2026-07-03,T.Vishnu Vardhan,GDB,0.1,NIL,Web App,English,6a47f540ce9ad1be64c04eac,What are the characteristics and cultivation details of wheat variety WH 1184 in Haryana?,Cultural and Crop Management Practices,23:15:00,23:15:00,5 seconds,Within SLA,Successfully Identified as Duplicate,Well Framed,English,English,Good,NIL,Correctly Tagged as Duplicate,NO,Jayashree N,NA,NA,NA,NA,NA,NA,NA,NA,NA,NA,NA,NA,NA,NA,NA,NA,NA,NA,NA,NA,NA,NA,NA,NA,NA,NA,NA,Successfully Identified as Duplicate/Dynamic,Yes,Yes,Yes,Yes,Yes,Received on Time,Yes,Yes,NA,Yes,NA,Clear,"NIL, no issue",NA,NA,NA,Saved,Saved,Successfully Identified as Duplicate,NA,Pass,No Defect,,,"GDB question, succesfully indentified as duplicate.",Expected Output,,,
TL-4042,2026-07-04,Ithagani Shireesha,GDB,0.1,NIL,Web App,English,1f177589-e4b7-6e5a-8005-b3c46c84e296,What is the information regarding Leucaena (Subabul) as a green manure crop for wheat cultivation in Haryana?,Bio-fertilizers and Bio-pesticides,08:59:00,08:59:52,52sec,Within SLA,Yes,Well Framed,English,English,Correct,NIL,Correctly Tagged as Duplicate,Utkarsh Singh Vishen,NA,NA,NA,NA,NA,NA,NA,NA,NA,NA,NA,NA,NA,NA,NA,NA,NA,NA,NA,NA,NA,NA,NA,NA,NA,NA,NA,NA,Successfully Identified as Duplicate/Dynamic,Yes,Yes,Yes,Provided and relevant,NA,NA,NA,NA,Yes,No,Correct,Clear,NIL,NA,NA,NA,Duplicate,Duplicate,Successfully Identified as Duplicate,NA,Pass,No Defect,NIL,NIL,Good Output,Expected Output,,,
TL-4043,2026-07-04,Ithagani Shireesha,GDB,0.1,NIL,Web App,English,1f1775aa-5270-6db3-8005-57ba85fe8f06,What is the recommended information regarding mixing of weedicides for controlling both broad-leaf and narrow-leaf weeds in wheat in Haryana?,Weed Management,09:14:00,09:14:22,22sec,Within SLA,Yes,Well Framed,English,English,Correct,NIL,Correctly Tagged as Duplicate,pooja soni,NA,NA,NA,NA,NA,NA,NA,NA,NA,NA,NA,NA,NA,NA,NA,NA,NA,NA,NA,NA,NA,NA,NA,NA,NA,NA,NA,NA,Successfully Identified as Duplicate/Dynamic,Yes,Yes,Yes,Provided and relevant,NA,NA,NA,NA,Yes,No,Correct,Clear,NIL,NA,NA,NA,Duplicate,Duplicate,Successfully Identified as Duplicate,NA,Pass,No Defect,NIL,NIL,Good Output,Expected Output,,,
TL-4044,2026-07-04,Ithagani Shireesha,GDB,0.1,NIL,Web App,English,1f1775b2-2ff6-627f-8005-7207c344716b,"What is the recommended dose of Clodinafop-propargyl 15% WP and 2,4-D Ester 58% EC per acre for weed management in wheat in Haryana?",Weed Management,", 09:17 AM",09:17:53,53sec,Within SLA,Yes,Well Framed,English,English,Correct,NIL,Correctly Tagged as Duplicate,Tejas Dange,NA,NA,NA,NA,NA,NA,NA,NA,NA,NA,NA,NA,NA,NA,NA,NA,NA,NA,NA,NA,NA,NA,NA,NA,NA,NA,NA,NA,Successfully Identified as Duplicate/Dynamic,Yes,Yes,Yes,Provided and relevant,NA,NA,NA,NA,Yes,No,Correct,Clear,NIL,NA,NA,NA,Duplicate,Duplicate,Successfully Identified as Duplicate,NA,Pass,No Defect,NIL,NIL,Good Output,Expected Output,,,
TL-4045,2026-07-04,Ithagani Shireesha,GDB,0.1,NIL,Web App,English,1f1775b7-cb7f-6a93-8005-5a90347f9381,What information should I know about spraying operations for wheat crop in Haryana?,Plant protection,09:20:00,09:20:24,24sec,Within SLA,Yes,Well Framed,English,English,Correct,NIL,Correctly Tagged as Duplicate,Shivendra Pratap Singh,NA,NA,NA,NA,NA,NA,NA,NA,NA,NA,NA,NA,NA,NA,NA,NA,NA,NA,NA,NA,NA,NA,NA,NA,NA,NA,NA,NA,Successfully Identified as Duplicate/Dynamic,Yes,Yes,Yes,Provided and relevant,NA,NA,NA,NA,Yes,No,Correct,Clear,NIL,NA,NA,NA,Duplicate,Duplicate,Successfully Identified as Duplicate,NA,Pass,No Defect,NIL,NIL,Good Output,Expected Output,,,
TL-4046,2026-07-04,Ithagani Shireesha,GDB,0.1,NIL,Web App,English,1f1775c6-797f-6e20-8005-7f5415fd709d,What are the nutritional functions of potassium in wheat crop in Haryana?,Plant protection,", 09:27 AM","7/4/2026, 9:26:58 AM",1.58sec,Within SLA,Yes,Well Framed,English,English,Correct,NIL,Correctly Tagged as Duplicate,C Sai Durga,NA,NA,NA,NA,NA,NA,NA,NA,NA,NA,NA,NA,NA,NA,NA,NA,NA,NA,NA,NA,NA,NA,NA,NA,NA,NA,NA,NA,Successfully Identified as Duplicate/Dynamic,Yes,Yes,Yes,Provided and relevant,NA,NA,NA,NA,Yes,No,Correct,Clear,NIL,NA,NA,NA,Duplicate,Duplicate,Successfully Identified as Duplicate,NA,Pass,No Defect,NIL,NIL,Good Output,Expected Output,,,
TL-4047,2026-07-04,Ithagani Shireesha,GDB,0.1,NIL,Web App,English,1f1775d8-e6ad-661e-8005-423da647784e,What is the use of growth inhibitor spray in wheat cultivation in Haryana?,Plant protection,09:35:00,09:35:13,13sec,Within SLA,Yes,Well Framed,English,English,Correct,NIL,Correctly Tagged as Duplicate,C Sai Durga,NA,NA,NA,NA,NA,NA,NA,NA,NA,NA,NA,NA,NA,NA,NA,NA,NA,NA,NA,NA,NA,NA,NA,NA,NA,NA,NA,NA,Successfully Identified as Duplicate/Dynamic,Yes,Yes,Yes,Provided and relevant,NA,NA,NA,NA,Yes,No,Correct,Clear,NIL,NA,NA,NA,Duplicate,Duplicate,Successfully Identified as Duplicate,NA,Pass,No Defect,NIL,NIL,Good Output,Expected Output,,,
TL-4048,2026-07-04,Ithagani Shireesha,GDB,0.1,NIL,Web App,English,1f1775de-d940-6428-8005-78c7a90f2621,What is the recommended dose of Chlorpyrifos 50% + Cypermethrin 5% EC for wheat crop per acre in Haryana?,Plant protection,09:37:00,09:37:52,52sec,Within SLA,Yes,Well Framed,English,English,Correct,NIL,Correctly Tagged as Duplicate,MONICA M,NA,NA,NA,NA,NA,NA,NA,NA,NA,NA,NA,NA,NA,NA,NA,NA,NA,NA,NA,NA,NA,NA,NA,NA,NA,NA,NA,NA,Successfully Identified as Duplicate/Dynamic,Yes,Yes,Yes,Provided and relevant,NA,NA,NA,NA,Yes,No,Correct,Clear,NIL,NA,NA,NA,Duplicate,Duplicate,Successfully Identified as Duplicate,NA,Pass,No Defect,NIL,NIL,Good Output,Expected Output,,,
TL-4049,2026-07-04,Ithagani Shireesha,GDB,0.1,NIL,Web App,English,1f1775f8-df92-6ad5-8005-afc6f6af8c78,How to control diseases in wheat crop in Haryana?,Plant protection,09:49:00,09:49:31,31sec,Within SLA,Yes,Well Framed,English,English,Correct,NIL,Correctly Tagged as Duplicate,Pallavi J P,NA,NA,NA,NA,NA,NA,NA,NA,NA,NA,NA,NA,NA,NA,NA,NA,NA,NA,NA,NA,NA,NA,NA,NA,NA,NA,NA,NA,Successfully Identified as Duplicate/Dynamic,Yes,Yes,Yes,Provided and relevant,NA,NA,NA,NA,Yes,No,Correct,Clear,NIL,NA,NA,NA,Duplicate,Duplicate,Successfully Identified as Duplicate,NA,Pass,No Defect,NIL,NIL,Good Output,Expected Output,,,
TL-4050,2026-07-04,Ithagani Shireesha,GDB,0.1,NIL,Web App,English,1f1775fe-264f-6444-8005-fc89c385cf57,What is the recommended application of Lihocin plant growth regulator for wheat crop in Haryana?,Soil Health and Nutrient Management,09:51:00,09:51:52,52sec,Within SLA,Yes,Well Framed,English,English,Correct,NIL,Correctly Tagged as Duplicate,Girishma Gonnabathula,NA,NA,NA,NA,NA,NA,NA,NA,NA,NA,NA,NA,NA,NA,NA,NA,NA,NA,NA,NA,NA,NA,NA,NA,NA,NA,NA,NA,Successfully Identified as Duplicate/Dynamic,Yes,Yes,Yes,Provided and relevant,NA,NA,NA,NA,Yes,No,Correct,No Output,NO VOICE OUTPUT,NA,NA,NA,Duplicate,Duplicate,Successfully Identified as Duplicate,NA,PARTIAL,No Defect,NIL,NIL,No voice output it showing error like request failed with status code 500,Anomaly Found in Output,,,
TL-4051,2026-07-04,Ithagani Shireesha,GDB,0.1,NIL,Web App,English,1f17760e-c109-6abe-8005-af84c666f6cd,What are plant growth regulators for wheat and how should they be applied in Haryana?,Plant protection,09:59:00,09:59:18,18sec,Within SLA,Yes,Well Framed,English,English,Correct,NIL,Correctly Tagged as Duplicate,pooja soni,NA,NA,NA,NA,NA,NA,NA,NA,NA,NA,NA,NA,NA,NA,NA,NA,NA,NA,NA,NA,NA,NA,NA,NA,NA,NA,NA,NA,Successfully Identified as Duplicate/Dynamic,Yes,Yes,Yes,Provided and relevant,NA,NA,NA,NA,Yes,No,Correct,No Output,NO VOICE OUTPUT,NA,NA,NA,Duplicate,Duplicate,Successfully Identified as Duplicate,NA,PARTIAL,No Defect,NIL,NIL,No voice output it showing error like request failed with status code 501,Anomaly Found in Output,,,
TL-4052,2026-07-04,Ithagani Shireesha,GDB,0.1,NIL,Web App,English,1f177616-04e8-6330-8005-02df37e88177,"What is the recommended dose of 2,4-D Amine 58% for weed control in wheat in Haryana?",Weed Management,10:02:00,10:02:33,33sec,Within SLA,Yes,Well Framed,English,English,Correct,NIL,Correctly Tagged as Duplicate,Khaja Suhaib .,NA,NA,NA,NA,NA,NA,NA,NA,NA,NA,NA,NA,NA,NA,NA,NA,NA,NA,NA,NA,NA,NA,NA,NA,NA,NA,NA,NA,Successfully Identified as Duplicate/Dynamic,Yes,Yes,Yes,Provided and relevant,NA,NA,NA,NA,Yes,No,Correct,No Output,NO VOICE OUTPUT,NA,NA,NA,Duplicate,Duplicate,Successfully Identified as Duplicate,NA,PARTIAL,No Defect,NIL,NIL,No voice output it showing error like request failed with status code 502,Anomaly Found in Output,,,
TL-4053,2026-07-04,Ithagani Shireesha,GDB,0.1,NIL,Web App,English,1f17761d-aacc-602b-8005-008d251813e3,How to manage water stress and prevent drying of wheat crops in Haryana?,Irrigation and Water Management,10:06:00,10:05:58,1.58sec,Within SLA,Yes,Well Framed,English,English,Correct,NIL,Correctly Tagged as Duplicate,Salim Sahaji,NA,NA,NA,NA,NA,NA,NA,NA,NA,NA,NA,NA,NA,NA,NA,NA,NA,NA,NA,NA,NA,NA,NA,NA,NA,NA,NA,NA,Successfully Identified as Duplicate/Dynamic,Yes,Yes,Yes,Provided and relevant,NA,NA,NA,NA,Yes,No,Correct,No Output,NO VOICE OUTPUT,NA,NA,NA,Duplicate,Duplicate,Successfully Identified as Duplicate,NA,PARTIAL,No Defect,NIL,NIL,No voice output it showing error like request failed with status code 503,Anomaly Found in Output,,,
TL-4054,2026-07-04,Ithagani Shireesha,GDB,0.1,NIL,Web App,English,1f177624-fd78-6f4d-8005-6c2f77d8b579,What is the effect of weedicides on wheat crop and how should they be applied in Haryana?,Weed Management,10:09:00,10:09:15,15sec,Within SLA,Yes,Well Framed,English,English,Correct,NIL,Correctly Tagged as Duplicate,Kavya Ponugoti,NA,NA,NA,NA,NA,NA,NA,NA,NA,NA,NA,NA,NA,NA,NA,NA,NA,NA,NA,NA,NA,NA,NA,NA,NA,NA,NA,NA,Successfully Identified as Duplicate/Dynamic,Yes,Yes,Yes,Provided and relevant,NA,NA,NA,NA,Yes,No,Correct,No Output,NO VOICE OUTPUT,NA,NA,NA,Duplicate,Duplicate,Successfully Identified as Duplicate,NA,PARTIAL,No Defect,NIL,NIL,No voice output it showing error like request failed with status code 504,Anomaly Found in Output,,,
TL-4055,2026-07-04,Ithagani Shireesha,GDB,0.1,NIL,Web App,English,1f17762b-b13c-6108-8005-b570bde42c54,What is the information regarding nitrobenzene use in wheat cultivation in Haryana?,Soil Health and Nutrient Management,10:12:00,10:12:15,15sec,Within SLA,Yes,Well Framed,English,English,Correct,NIL,Correctly Tagged as Duplicate,Salim Sahaji,NA,NA,NA,NA,NA,NA,NA,NA,NA,NA,NA,NA,NA,NA,NA,NA,NA,NA,NA,NA,NA,NA,NA,NA,NA,NA,NA,NA,Successfully Identified as Duplicate/Dynamic,Yes,Yes,Yes,Provided and relevant,NA,NA,NA,NA,Yes,No,Correct,No Output,NO VOICE OUTPUT,NA,NA,NA,Duplicate,Duplicate,Successfully Identified as Duplicate,NA,PARTIAL,No Defect,NIL,NIL,No voice output it showing error like request failed with status code 505,Anomaly Found in Output,,,
TL-4056,2026-07-04,Ithagani Shireesha,GDB,0.1,NIL,Web App,English,1f177631-9e0b-6685-8005-8e7a4a5a4f4f,How can I control boron deficiency in wheat crop in Haryana?,Soil Health and Nutrient Management,10:14:00,10:14:54,54sec,Within SLA,Yes,Well Framed,English,English,Correct,NIL,Correctly Tagged as Duplicate,Anmol kaundal,NA,NA,NA,NA,NA,NA,NA,NA,NA,NA,NA,NA,NA,NA,NA,NA,NA,NA,NA,NA,NA,NA,NA,NA,NA,NA,NA,NA,Successfully Identified as Duplicate/Dynamic,Yes,Yes,Yes,Provided and relevant,NA,NA,NA,NA,Yes,No,Correct,No Output,NO VOICE OUTPUT,NA,NA,NA,Duplicate,Duplicate,Successfully Identified as Duplicate,NA,PARTIAL,No Defect,NIL,NIL,No voice output it showing error like request failed with status code 506,Anomaly Found in Output,,,
TL-4057,2026-07-04,Ithagani Shireesha,GDB,0.1,NIL,Web App,English,1f177637-3034-6ef8-8005-fc671d5baa93,Can I apply water to wheat crop after spraying nano urea in Haryana?,Irrigation and Water Management,10:17:00,10:17:24,24sec,Within SLA,Yes,Well Framed,English,English,Correct,NIL,Correctly Tagged as Duplicate,Rajwant kaur,NA,NA,NA,NA,NA,NA,NA,NA,NA,NA,NA,NA,NA,NA,NA,NA,NA,NA,NA,NA,NA,NA,NA,NA,NA,NA,NA,NA,Successfully Identified as Duplicate/Dynamic,Yes,Yes,Yes,Provided and relevant,NA,NA,NA,NA,Yes,No,Correct,No Output,NO VOICE OUTPUT,NA,NA,NA,Duplicate,Duplicate,Successfully Identified as Duplicate,NA,PARTIAL,No Defect,NIL,NIL,No voice output it showing error like request failed with status code 507,Anomaly Found in Output,,,
TL-4058,2026-07-04,Ithagani Shireesha,GDB,0.1,NIL,Web App,English,1f17763c-f942-68d5-8005-71252f1d6e39,"Can Sagarika Sulphur, Calcium Nitrate, and Urea be mixed together for wheat crop application in Haryana?",Soil Health and Nutrient Management,10:20:00,10:19:59,1.59sec,Within SLA,Yes,Well Framed,English,English,Correct,NIL,Correctly Tagged as Duplicate,MONICA M,NA,NA,NA,NA,NA,NA,NA,NA,NA,NA,NA,NA,NA,NA,NA,NA,NA,NA,NA,NA,NA,NA,NA,NA,NA,NA,NA,NA,Successfully Identified as Duplicate/Dynamic,Yes,Yes,Yes,Provided and relevant,NA,NA,NA,NA,Yes,No,Correct,No Output,NO VOICE OUTPUT,NA,NA,NA,Duplicate,Duplicate,Successfully Identified as Duplicate,NA,PARTIAL,No Defect,NIL,NIL,No voice output it showing error like request failed with status code 508,Anomaly Found in Output,,,
TL-4059,2026-07-04,Ithagani Shireesha,GDB,0.1,NIL,Web App,English,1f177643-c124-63b4-8005-26ef1ec3678f,What are the recommended practices for growth control and management in wheat crops in Haryana?,Cultural and Crop Management Practices,10:23:00,10:23:01,1sec,Within SLA,Yes,Well Framed,English,English,Correct,NIL,Correctly Tagged as Duplicate,satarupa saha,NA,NA,NA,NA,NA,NA,NA,NA,NA,NA,NA,NA,NA,NA,NA,NA,NA,NA,NA,NA,NA,NA,NA,NA,NA,NA,NA,NA,Successfully Identified as Duplicate/Dynamic,Yes,Yes,Yes,Provided and relevant,NA,NA,NA,NA,Yes,No,Correct,No Output,NO VOICE OUTPUT,NA,NA,NA,Duplicate,Duplicate,Successfully Identified as Duplicate,NA,PARTIAL,No Defect,NIL,NIL,No voice output it showing error like request failed with status code 509,Anomaly Found in Output,,,
TL-4060,2026-07-04,Ithagani Shireesha,GDB,0.1,NIL,Web App,English,1f177649-0fe0-69ef-8005-28677e9ee6d0,What are the details and characteristics of the DBW-303 wheat variety in Haryana?,Seed and Variety Selection,", 10:25 AM",10:25:23,23sec,Within SLA,Yes,Well Framed,English,English,Correct,NIL,Correctly Tagged as Duplicate,Shivendra Pratap Singh,NA,NA,NA,NA,NA,NA,NA,NA,NA,NA,NA,NA,NA,NA,NA,NA,NA,NA,NA,NA,NA,NA,NA,NA,NA,NA,NA,NA,Successfully Identified as Duplicate/Dynamic,Yes,Yes,Yes,Provided and relevant,NA,NA,NA,NA,Yes,No,Correct,No Output,NO VOICE OUTPUT,NA,NA,NA,Duplicate,Duplicate,Successfully Identified as Duplicate,NA,PARTIAL,No Defect,NIL,NIL,No voice output it showing error like request failed with status code 510,Anomaly Found in Output,,,
TL-4061,2026-07-04,Ithagani Shireesha,GDB,0.1,NIL,Web App,English,1f177650-2ba9-6229-8005-374dba21d5b8,What is the purpose and usage of APSA 80 adjuvant spray for wheat crops in Haryana?,Plant protection,10:28:00,10:28:34,34sec,Within SLA,Yes,Well Framed,English,English,Correct,NIL,Correctly Tagged as Duplicate,pooja soni,NA,NA,NA,NA,NA,NA,NA,NA,NA,NA,NA,NA,NA,NA,NA,NA,NA,NA,NA,NA,NA,NA,NA,NA,NA,NA,NA,NA,Successfully Identified as Duplicate/Dynamic,Yes,Yes,Yes,Provided and relevant,NA,NA,NA,NA,Yes,No,Correct,No Output,NO VOICE OUTPUT,NA,NA,NA,Duplicate,Duplicate,Successfully Identified as Duplicate,NA,PARTIAL,No Defect,NIL,NIL,No voice output it showing error like request failed with status code 511,Anomaly Found in Output,,,
TL-4062,2026-07-04,Ithagani Shireesha,GDB,0.1,NIL,Web App,English,1f177658-ceaf-6a8e-8005-327c7ad09684,How can I protect my wheat crop from frost damage using sulfur spray in Haryana?,Soil Health and Nutrient Management,10:32:00,10:32:26,26sec,Within SLA,Yes,Well Framed,English,English,Correct,NIL,Correctly Tagged as Duplicate,pooja soni,NA,NA,NA,NA,NA,NA,NA,NA,NA,NA,NA,NA,NA,NA,NA,NA,NA,NA,NA,NA,NA,NA,NA,NA,NA,NA,NA,NA,Successfully Identified as Duplicate/Dynamic,Yes,Yes,Yes,Provided and relevant,NA,NA,NA,NA,Yes,No,Correct,No Output,NO VOICE OUTPUT,NA,NA,NA,Duplicate,Duplicate,Successfully Identified as Duplicate,NA,PARTIAL,No Defect,NIL,NIL,No voice output it showing error like request failed with status code 512,Anomaly Found in Output,,,
TL-4063,2026-07-04,Ithagani Shireesha,GDB,0.1,NIL,Web App,English,1f17765e-b963-6e3e-8005-efde19749b43,What is leaf roll disease in wheat and how can it be managed in Haryana?,Disease Management,10:35:00,10:35:05,5sec,Within SLA,Yes,Well Framed,English,English,Correct,NIL,Correctly Tagged as Duplicate,C Sai Durga,NA,NA,NA,NA,NA,NA,NA,NA,NA,NA,NA,NA,NA,NA,NA,NA,NA,NA,NA,NA,NA,NA,NA,NA,NA,NA,NA,NA,Successfully Identified as Duplicate/Dynamic,Yes,Yes,Yes,Provided and relevant,NA,NA,NA,NA,Yes,No,Correct,No Output,NO VOICE OUTPUT,NA,NA,NA,Duplicate,Duplicate,Successfully Identified as Duplicate,NA,PARTIAL,No Defect,NIL,NIL,No voice output it showing error like request failed with status code 513,Anomaly Found in Output,,,
TL-4064,2026-07-04,Ithagani Shireesha,GDB,0.1,NIL,Web App,English,1f177664-f639-6b79-8005-ee9e456e1692,What is the difference between urea and NPK fertilizers for wheat cultivation in Haryana?,Soil Health and Nutrient Management,10:37:00,10:37:52,52sec,Within SLA,Yes,Well Framed,English,English,Correct,NIL,Correctly Tagged as Duplicate,Yash Praveen Khot,NA,NA,NA,NA,NA,NA,NA,NA,NA,NA,NA,NA,NA,NA,NA,NA,NA,NA,NA,NA,NA,NA,NA,NA,NA,NA,NA,NA,Successfully Identified as Duplicate/Dynamic,Yes,Yes,Yes,Provided and relevant,NA,NA,NA,NA,Yes,No,Correct,No Output,NO VOICE OUTPUT,NA,NA,NA,Duplicate,Duplicate,Successfully Identified as Duplicate,NA,PARTIAL,No Defect,NIL,NIL,No voice output it showing error like request failed with status code 514,Anomaly Found in Output,,,
TL-4065,2026-07-04,Ithagani Shireesha,GDB,0.1,NIL,Web App,English,1f17766b-9549-6fcf-8005-1c31671a11b3,What is the recommended application rate and method for manganese sulphate in wheat crop in Haryana?,Soil Health and Nutrient Management,10:40:00,10:40:50,50sec,Within SLA,Yes,Well Framed,English,English,Correct,NIL,Correctly Tagged as Duplicate,Shivendra Pratap Singh,NA,NA,NA,NA,NA,NA,NA,NA,NA,NA,NA,NA,NA,NA,NA,NA,NA,NA,NA,NA,NA,NA,NA,NA,NA,NA,NA,NA,Successfully Identified as Duplicate/Dynamic,Yes,Yes,Yes,Provided and relevant,NA,NA,NA,NA,Yes,No,Correct,No Output,NO VOICE OUTPUT,NA,NA,NA,Duplicate,Duplicate,Successfully Identified as Duplicate,NA,PARTIAL,No Defect,NIL,NIL,No voice output it showing error like request failed with status code 515,Anomaly Found in Output,,,
TL-4066,2026-07-04,Ithagani Shireesha,GDB,0.1,NIL,Web App,English,1f177670-de91-6ca6-8005-b67b39319e08,What is Isabion growth promoter and how should it be used for wheat cultivation in Haryana?,Plant protection,10:43:00,10:43:12,12sec,Within SLA,Yes,Well Framed,English,English,Correct,NIL,Correctly Tagged as Duplicate,satarupa saha,NA,NA,NA,NA,NA,NA,NA,NA,NA,NA,NA,NA,NA,NA,NA,NA,NA,NA,NA,NA,NA,NA,NA,NA,NA,NA,NA,NA,Successfully Identified as Duplicate/Dynamic,Yes,Yes,Yes,Provided and relevant,NA,NA,NA,NA,Yes,No,Correct,No Output,NO VOICE OUTPUT,NA,NA,NA,Duplicate,Duplicate,Successfully Identified as Duplicate,NA,PARTIAL,No Defect,NIL,NIL,No voice output it showing error like request failed with status code 516,Anomaly Found in Output,,,
TL-4184,2026-07-05,K. Deni Sudha,GDB,0.1,NIL,Web App,English,8dac4435-7b5a-4784-846e-6df8c965eb4a,Can herbicide spraying be done in wheat crop during misty or foggy weather conditions in Haryana?,Weed Management,16:26:00,16:26:59,1.0,Within SLA,Successfully Identified as Duplicate,Well Framed,English,English,Correct,NIL,Correctly Tagged as Duplicate,NA,NA,NA,NA,NA,NA,NA,NA,NA,NA,NA,NA,NA,NA,NA,NA,NA,NA,NA,NA,NA,NA,NA,NA,NA,Dheeraj Sharma,NA,4:39:43 PM,11.0,Successfully Identified as Duplicate/Dynamic,Yes,Yes,Successfully Identified as Duplicate,Provided & Relevant,Successfully Identified as Duplicate/Dynamic,Received on Time,Yes,Yes,Yes,Yes,Clear,Clear,NIL,NA,NA,NA,Saved,Saved,Successfully Identified as Duplicate,NA,Pass,No Defect,NIL,,Duplicate.,Expected Output,,,
TL-4185,2026-07-05,K. Deni Sudha,GDB,0.1,NIL,Web App,English,51d249d5-4311-4b9f-92c0-eb775d6655f9,What is the recommended timing for post-emergence herbicide spray application in wheat crop in Haryana?,Weed Management,16:40:00,16:41:00,1.0,Within SLA,Successfully Identified as Duplicate,Well Framed,English,English,Correct,NIL,Correctly Tagged as Duplicate,NA,NA,NA,NA,NA,NA,NA,NA,NA,NA,NA,NA,NA,NA,NA,NA,NA,NA,NA,NA,NA,NA,NA,NA,NA,Khaja Suhaib,NA,4:48:25 PM,6.0,Successfully Identified as Duplicate/Dynamic,Yes,Yes,Successfully Identified as Duplicate,Provided & Relevant,Successfully Identified as Duplicate/Dynamic,Received on Time,Yes,Yes,Yes,Yes,Clear,Clear,NIL,NA,NA,NA,Saved,Saved,Successfully Identified as Duplicate,NA,Pass,No Defect,NIL,,Duplicate.,Expected Output,,,
TL-4186,2026-07-05,K. Deni Sudha,GDB,0.1,NIL,Web App,English,cdcc811e-dd53-49f4-8c0b-29c85aaaf582,What is the information regarding Quantis Biostimulant for wheat cultivation in Haryana?,Bio-fertilizers and Bio-pesticides,16:49:00,4:49:01 PM,0.0,Within SLA,Successfully Identified as Duplicate,Well Framed,English,English,Correct,NIL,Correctly Tagged as Duplicate,NA,NA,NA,NA,NA,NA,NA,NA,NA,NA,NA,NA,NA,NA,NA,NA,NA,NA,NA,NA,NA,NA,NA,NA,NA,NA,NA,NA,NA,Successfully Identified as Duplicate/Dynamic,Yes,Yes,Successfully Identified as Duplicate,Provided & Relevant,Successfully Identified as Duplicate/Dynamic,Received on Time,Yes,Yes,Yes,Yes,Clear,Clear,NIL,NA,NA,NA,Saved,Saved,Successfully Identified as Duplicate,NA,Pass,No Defect,NIL,,Duplicate.,Expected Output,,,
TL-4187,2026-07-05,K. Deni Sudha,GDB,0.1,NIL,Web App,English,705c0f20-5b27-4445-a7e1-1231dd18eb6d,How can crop residues be decomposed in the soil for wheat cultivation in Haryana?,Cultural and Crop Management Practices,16:57:00,16:57:42,0.7,Within SLA,Successfully Identified as Duplicate,Well Framed,English,English,Correct,NIL,Correctly Tagged as Duplicate,NA,NA,NA,NA,NA,NA,NA,NA,NA,NA,NA,NA,NA,NA,NA,NA,NA,NA,NA,NA,NA,NA,NA,NA,NA,NA,NA,NA,NA,Successfully Identified as Duplicate/Dynamic,Yes,Yes,Successfully Identified as Duplicate,Provided & Relevant,Successfully Identified as Duplicate/Dynamic,Received on Time,Yes,Yes,Yes,Yes,Clear,Clear,NIL,NA,NA,NA,Saved,Saved,Successfully Identified as Duplicate,NA,Pass,No Defect,NIL,,Duplicate.,Expected Output,,,
TL-4188,2026-07-05,K. Deni Sudha,GDB,0.1,NIL,Web App,English,f7e52d64-eaff-4c93-93b8-81b9580eadd1,How should I use Pusa Decomposer capsules for wheat straw management in Haryana?,Bio-fertilizers and Bio-pesticides,17:09:00,17:09:28,0.5,Within SLA,Successfully Identified as Duplicate,Well Framed,English,English,Correct,NIL,Correctly Tagged as Duplicate,NA,NA,NA,NA,NA,NA,NA,NA,NA,NA,NA,NA,NA,NA,NA,NA,NA,NA,NA,NA,NA,NA,NA,NA,NA,NA,NA,NA,NA,Successfully Identified as Duplicate/Dynamic,Yes,Yes,Successfully Identified as Duplicate,Provided & Relevant,Successfully Identified as Duplicate/Dynamic,Received on Time,Yes,Yes,Yes,Yes,Clear,Clear,NIL,NA,NA,NA,Saved,Saved,Successfully Identified as Duplicate,NA,Pass,No Defect,NIL,,Duplicate.,Expected Output,,,
TL-4189,2026-07-05,K. Deni Sudha,GDB,0.1,NIL,Web App,English,db92283a-d217-4591-98d2-c0bdd82df2d1,What is the duration and other characteristics of the HD 2851 (Pusa Vishesh) wheat variety in Haryana?,Seed and Variety Selection,17:25:00,17:25:58,1.0,Within SLA,Successfully Identified as Duplicate,Well Framed,English,English,Correct,NIL,Correctly Tagged as Duplicate,NA,NA,NA,NA,NA,NA,NA,NA,NA,NA,NA,NA,NA,NA,NA,NA,NA,NA,NA,NA,NA,NA,NA,NA,NA,NA,NA,NA,NA,Successfully Identified as Duplicate/Dynamic,Yes,Yes,Successfully Identified as Duplicate,Provided & Relevant,Successfully Identified as Duplicate/Dynamic,Received on Time,Yes,Yes,Yes,Yes,Clear,Clear,NIL,NA,NA,NA,Saved,Saved,Successfully Identified as Duplicate,NA,Pass,No Defect,NIL,,Duplicate.,Expected Output,,,
TL-4190,2026-07-05,K. Deni Sudha,GDB,0.1,NIL,Web App,English,6ac208f7-b7bf-4ab1-8284-9c3f8d9e67cf,Can potassium chloride be applied as a foliar spray in wheat crop in Haryana?,Fertiliser use & availability,18:04:00,18:04:04,0.1,Within SLA,Successfully Identified as Duplicate,Well Framed,English,English,Correct,NIL,Correctly Tagged as Duplicate,NA,NA,NA,NA,NA,NA,NA,NA,NA,NA,NA,NA,NA,NA,NA,NA,NA,NA,NA,NA,NA,NA,NA,NA,NA,NA,NA,NA,NA,Successfully Identified as Duplicate/Dynamic,Yes,Yes,Successfully Identified as Duplicate,Provided & Relevant,Successfully Identified as Duplicate/Dynamic,Received on Time,Yes,Yes,Yes,Yes,Clear,Clear,NIL,NA,NA,NA,Saved,Saved,Successfully Identified as Duplicate,NA,Pass,No Defect,NIL,,Duplicate.,Expected Output,,,
TL-4191,2026-07-05,K. Deni Sudha,GDB,0.1,NIL,Web App,English,625d6d4b-2385-4458-abda-b6b124af51df,What is Aries Fertimax HD NPK 00:52:34 fertilizer and how should it be applied on wheat crop in Haryana,Soil Health and Nutrient Management,18:11:00,18:11:40,0.7,Within SLA,Successfully Identified as Duplicate,Well Framed,English,English,Correct,NIL,Correctly Tagged as Duplicate,NA,NA,NA,NA,NA,NA,NA,NA,NA,NA,NA,NA,NA,NA,NA,NA,NA,NA,NA,NA,NA,NA,NA,NA,NA,NA,NA,NA,NA,Successfully Identified as Duplicate/Dynamic,Yes,Yes,Successfully Identified as Duplicate,Provided & Relevant,Successfully Identified as Duplicate/Dynamic,Received on Time,Yes,Yes,Yes,Yes,Clear,Clear,NIL,NA,NA,NA,Saved,Saved,Successfully Identified as Duplicate,NA,Pass,No Defect,NIL,,Duplicate.,Expected Output,,,
TL-4193,2026-07-05,K. Deni Sudha,GDB,0.1,NIL,Web App,English,2a335bd0-4b2f-4bc7-80c4-b997456b32f7,"How to prevent and control soil-dwelling pests (ground worms, termites, and root grubs) in wheat fields in Haryana?",Plant protection,18:35:00,18:35:45,0.7,Within SLA,Successfully Identified as Duplicate,Well Framed,English,English,Correct,NIL,Correctly Tagged as Duplicate,NA,NA,NA,NA,NA,NA,NA,NA,NA,NA,NA,NA,NA,NA,NA,NA,NA,NA,NA,NA,NA,NA,NA,NA,NA,NA,NA,NA,NA,Successfully Identified as Duplicate/Dynamic,Yes,Yes,Successfully Identified as Duplicate,Provided & Relevant,Successfully Identified as Duplicate/Dynamic,Received on Time,Yes,Yes,Yes,Yes,Clear,Clear,NIL,NA,NA,NA,Saved,Saved,Successfully Identified as Duplicate,NA,Pass,No Defect,NIL,,Duplicate.,Expected Output,,,
TL-4257,2026-07-06,Ithagani Shireesha,GDB,0.1,NIL,Web App,English,1f179041-26ab-6b7d-8005-84d0d7760ad0,What is the appropriate method and dosage for applying Nano DAP in Tapioca cultivation in Kerala?,Soil Health and Nutrient Management,11:59:00,11:59:42,42sec,Within SLA,Yes,Well Framed,English,English,Correct,NIL,Correctly Tagged as Duplicate,Yes,Lakshmi Ranganath C J,NA,NA,NA,NA,NA,NA,NA,NA,NA,NA,NA,NA,NA,NA,NA,NA,NA,NA,NA,NA,NA,NA,NA,NA,NA,NA,NA,Successfully Identified as Duplicate/Dynamic,Yes,Yes,Yes,Provided and relevant,NA,NA,NA,NA,Yes,No,Clear,No Output,Output voice error,NA,NA,NA,Saved,Saved,Successfully Identified as Duplicate,NA,PARTIAL,No Defect,NIL,NIL,No voice output it showing error like request failed with status code 501,Anomaly Found in Output,,,
TL-4258,2026-07-06,Ithagani Shireesha,GDB,0.1,NIL,Web App,English,1f179060-f401-679e-8005-146ac31f8ba1,What is the appropriate method and dosage for applying Nano Urea to Tapioca crops in Kerala?,Soil Health and Nutrient Management,12:13:00,12:13:55,55ec,Within SLA,Yes,Well Framed,English,English,Correct,NIL,Correctly Tagged as Duplicate,Yes,Bisen Nupur Chandrakumar,NA,NA,NA,NA,NA,NA,NA,NA,NA,NA,NA,NA,NA,NA,NA,NA,NA,NA,NA,NA,NA,NA,NA,NA,NA,NA,NA,Successfully Identified as Duplicate/Dynamic,Yes,Yes,Yes,Provided and relevant,NA,NA,NA,NA,Yes,No,Clear,No Output,Output voice error,NA,NA,NA,Saved,Saved,Successfully Identified as Duplicate,NA,PARTIAL,No Defect,NIL,NIL,No voice output it showing error like request failed with status code 502,Anomaly Found in Output,,,
TL-4259,2026-07-06,Ithagani Shireesha,GDB,0.1,NIL,Web App,English,1f1790bf-0858-6ce8-8005-6cebe3c7daa3,What management practices should be adopted if the soil testing results indicate high phosphorus content in Tapioca cultivation in Kerala?,Soil Health and Nutrient Management,12:56:00,12:56:01,1sec,Within SLA,Yes,Well Framed,English,English,Correct,NIL,Correctly Tagged as Duplicate,Yes,: Mohammad Saleem Pasha,NA,NA,NA,NA,NA,NA,NA,NA,NA,NA,NA,NA,NA,NA,NA,NA,NA,NA,NA,NA,NA,NA,NA,NA,NA,NA,NA,Successfully Identified as Duplicate/Dynamic,Yes,Yes,Yes,Provided and relevant,NA,NA,NA,NA,Yes,No,Clear,No Output,Output voice error,NA,NA,NA,Saved,Saved,Successfully Identified as Duplicate,NA,PARTIAL,No Defect,NIL,NIL,No voice output it showing error like request failed with status code 503,Anomaly Found in Output,,,
TL-4260,2026-07-06,Ithagani Shireesha,GDB,0.1,NIL,Web App,English,1f1790c3-4080-62e7-8005-658f6f362392,What is the correct procedure and dosage for applying lime to improve soil fertility in Tapioca cultivation in Kerala?,Soil Health and Nutrient Management,12:57:00,12:57:54,54sec,Within SLA,Yes,Well Framed,English,English,Correct,NIL,Correctly Tagged as Duplicate,Yes,Atul Raj,NA,NA,NA,NA,NA,NA,NA,NA,NA,NA,NA,NA,NA,NA,NA,NA,NA,NA,NA,NA,NA,NA,NA,NA,NA,NA,NA,Successfully Identified as Duplicate/Dynamic,Yes,Yes,Yes,Provided and relevant,NA,NA,NA,NA,Yes,No,Clear,No Output,Output voice error,NA,NA,NA,Saved,Saved,Successfully Identified as Duplicate,NA,PARTIAL,No Defect,NIL,NIL,No voice output it showing error like request failed with status code 504,Anomaly Found in Output,,,
TL-4261,2026-07-06,Ithagani Shireesha,GDB,0.1,NIL,Web App,English,1f1790c7-9c37-6bdb-8005-80b0f678db28,"What are the symptoms of Calcium deficiency in Tapioca, and how can it be managed in Kerala?",Soil Health and Nutrient Management,12:59:00,12:59:51,51sec,Within SLA,Yes,Well Framed,English,English,Correct,NIL,Correctly Tagged as Duplicate,Yes,Mohammad Saleem Paasha,NA,NA,NA,NA,NA,NA,NA,NA,NA,NA,NA,NA,NA,NA,NA,NA,NA,NA,NA,NA,NA,NA,NA,NA,NA,NA,NA,Successfully Identified as Duplicate/Dynamic,Yes,Yes,Yes,Provided and relevant,NA,NA,NA,NA,Yes,No,Clear,No Output,Output voice error,NA,NA,NA,Saved,Saved,Successfully Identified as Duplicate,NA,PARTIAL,No Defect,NIL,NIL,No voice output it showing error like request failed with status code 505,Anomaly Found in Output,,,
TL-4264,2026-07-06,Ithagani Shireesha,GDB,0.1,NIL,Web App,English,1f178fd6-6d8f-6a41-8005-ae627825d5ae,How can I manage Eriophyid mite attacks in coconut in Kerala?,Plant protection,11:11:00,11:12:00,1.0,Within SLA,Yes,Well Framed,English,English,Correct,NIL,Correctly Tagged as Duplicate,Yes,Ravindra Prasad,NA,NA,NA,NA,NA,NA,NA,NA,NA,NA,NA,NA,NA,NA,NA,NA,NA,NA,NA,NA,NA,NA,NA,NA,NA,NA,NA,Successfully Identified as Duplicate/Dynamic,Yes,Yes,Yes,Provided and relevant,NA,NA,NA,NA,Yes,No,Clear,No Output,Output voice error,NA,NA,NA,Saved,Saved,Successfully Identified as Duplicate,NA,PARTIAL,No Defect,NIL,NIL,No voice output it showing error like request failed with status code 508,Anomaly Found in Output,,,
TL-4265,2026-07-06,Ithagani Shireesha,GDB,0.1,NIL,Web App,English,1f178fda-f411-6fd7-8005-c58b0e012764,How can I manage the bore holes found at the base of my coconut trees in Kerala?,Plant protection,11:13:00,11:13:58,58sec,Within SLA,Yes,Well Framed,English,English,Correct,NIL,Correctly Tagged as Duplicate,Yes,Aditi Dhadwal,NA,NA,NA,NA,NA,NA,NA,NA,NA,NA,NA,NA,NA,NA,NA,NA,NA,NA,NA,NA,NA,NA,NA,NA,NA,NA,NA,Successfully Identified as Duplicate/Dynamic,Yes,Yes,Yes,Provided and relevant,NA,NA,NA,NA,Yes,No,Clear,No Output,Output voice error,NA,NA,NA,Saved,Saved,Successfully Identified as Duplicate,NA,PARTIAL,No Defect,NIL,NIL,No voice output it showing error like request failed with status code 509,Anomaly Found in Output,,,
TL-4266,2026-07-06,Ithagani Shireesha,GDB,0.1,NIL,Web App,English,1f178fe8-198f-6a6f-8005-f4e05e98ce73,What are the symptoms of bud rot and how can I manage this in coconut in Kerala?,Plant protection,", 11:19 AM",11:19:51,51sec,Within SLA,Yes,Well Framed,English,English,Correct,NIL,Correctly Tagged as Duplicate,Yes,Pallavi J P,NA,NA,NA,NA,NA,NA,NA,NA,NA,NA,NA,NA,NA,NA,NA,NA,NA,NA,NA,NA,NA,NA,NA,NA,NA,NA,NA,Successfully Identified as Duplicate/Dynamic,Yes,Yes,Yes,Provided and relevant,NA,NA,NA,NA,Yes,No,Clear,No Output,Output voice error,NA,NA,NA,Saved,Saved,Successfully Identified as Duplicate,NA,PARTIAL,No Defect,NIL,NIL,No voice output it showing error like request failed with status code 510,Anomaly Found in Output,,,
TL-4267,2026-07-06,Ithagani Shireesha,GDB,0.1,NIL,Web App,English,1f1790cd-92db-647a-8005-c3d9e801e1dd,What is the recommended method and quantity for applying cow dung manure to Tapioca crops to ensure optimal growth in Kerala?,Soil Health and Nutrient Management,13:02:00,13:02:31,31sec,Within SLA,Yes,Well Framed,English,English,Correct,NIL,Correctly Tagged as Duplicate,Yes,Yash Praveen Khot,NA,NA,NA,NA,NA,NA,NA,NA,NA,NA,NA,NA,NA,NA,NA,NA,NA,NA,NA,NA,NA,NA,NA,NA,NA,NA,NA,Successfully Identified as Duplicate/Dynamic,Yes,Yes,Yes,Provided and relevant,NA,NA,NA,NA,Yes,No,Clear,No Output,Output voice error,NA,NA,NA,Saved,Saved,Successfully Identified as Duplicate,NA,PARTIAL,No Defect,NIL,NIL,,Pending,,,
TL-4268,2026-07-06,Ithagani Shireesha,GDB,0.1,NIL,Web App,English,1f1790d1-9757-6bd6-8005-2a14d1f22c5c,What are the appropriate chemical treatments and methods to promote effective root development and establishment in Tapioca in Kerala?,Soil Health and Nutrient Management,13:04:00,13:04:19,19sec,Within SLA,Yes,Well Framed,English,English,Correct,NIL,Correctly Tagged as Duplicate,Yes,Anil Kumar S,NA,NA,NA,NA,NA,NA,NA,NA,NA,NA,NA,NA,NA,NA,NA,NA,NA,NA,NA,NA,NA,NA,NA,NA,NA,NA,NA,Successfully Identified as Duplicate/Dynamic,Yes,Yes,Yes,Provided and relevant,NA,NA,NA,NA,Yes,No,Clear,No Output,Output voice error,NA,NA,NA,Saved,Saved,Successfully Identified as Duplicate,NA,PARTIAL,No Defect,NIL,NIL,No voice output it showing error like requesr failed with status code 500,Anomaly Found in Output,,,
TL-4269,2026-07-06,Ithagani Shireesha,GDB,0.1,NIL,Web App,English,1f1790d6-be66-6292-8005-252ff63a3fb5,What is the appropriate method and dosage for applying Potassium Sulphate (Sulphate of Potash) to Tapioca crops in Kerala?,Soil Health and Nutrient Management,13:06:00,13:06:37,37sec,Within SLA,Yes,Well Framed,English,English,Correct,NIL,Correctly Tagged as Duplicate,Yes,Lakshmi Ranganath C J,NA,NA,NA,NA,NA,NA,NA,NA,NA,NA,NA,NA,NA,NA,NA,NA,NA,NA,NA,NA,NA,NA,NA,NA,NA,NA,NA,Successfully Identified as Duplicate/Dynamic,Yes,Yes,Yes,Provided and relevant,NA,NA,NA,NA,Yes,No,Clear,No Output,Output voice error,NA,NA,NA,Saved,Saved,Successfully Identified as Duplicate,NA,PARTIAL,No Defect,NIL,NIL,No voice output it showing error like requesr failed with status code 501,Anomaly Found in Output,,,
TL-4270,2026-07-06,Ithagani Shireesha,GDB,0.1,NIL,Web App,English,1f1790de-c971-669b-8005-cb7c72333039,How can I identify and manage nematode infestations in my tapioca crop in Kerala?,Plant protection,13:10:00,13:10:13,13sec,Within SLA,Yes,Well Framed,English,English,Correct,NIL,Correctly Tagged as Duplicate,Yes,Mohammad Saleem Paasha,NA,NA,NA,NA,NA,NA,NA,NA,NA,NA,NA,NA,NA,NA,NA,NA,NA,NA,NA,NA,NA,NA,NA,NA,NA,NA,NA,Successfully Identified as Duplicate/Dynamic,Yes,Yes,Yes,Provided and relevant,NA,NA,NA,NA,Yes,No,Clear,No Output,Output voice error,NA,NA,NA,Saved,Saved,Successfully Identified as Duplicate,NA,PARTIAL,No Defect,NIL,NIL,No voice output it showing error like requesr failed with status code 502,Anomaly Found in Output,,,
TL-4271,2026-07-06,Ithagani Shireesha,GDB,0.1,NIL,Web App,English,1f1790e3-21b8-617d-8005-ca8cc5839410,How can I identify and control root grub infestations in Tapioca crops in Kerala?,Plant protection,13:12:00,13:12:10,12sec,Within SLA,Yes,Well Framed,English,English,Correct,NIL,Correctly Tagged as Duplicate,Yes,Yash Praveen Khot,NA,NA,NA,NA,NA,NA,NA,NA,NA,NA,NA,NA,NA,NA,NA,NA,NA,NA,NA,NA,NA,NA,NA,NA,NA,NA,NA,Successfully Identified as Duplicate/Dynamic,Yes,Yes,Yes,Provided and relevant,NA,NA,NA,NA,Yes,No,Clear,No Output,Output voice error,NA,NA,NA,Saved,Saved,Successfully Identified as Duplicate,NA,PARTIAL,No Defect,NIL,NIL,No voice output it showing error like requesr failed with status code 503,Anomaly Found in Output,,,
TL-4272,2026-07-06,Ithagani Shireesha,GDB,0.1,NIL,Web App,English,1f1790e6-7883-6e40-8005-7761d90f59d0,How can I identify and manage mite infestations in my tapioca crop in Kerala? ,Plant protection,13:13:00,13:13:39,13sec,Within SLA,Yes,Well Framed,English,English,Correct,NIL,Correctly Tagged as Duplicate,Yes,Yash Praveen Khot,NA,NA,NA,NA,NA,NA,NA,NA,NA,NA,NA,NA,NA,NA,NA,NA,NA,NA,NA,NA,NA,NA,NA,NA,NA,NA,NA,Successfully Identified as Duplicate/Dynamic,Yes,Yes,Yes,Provided and relevant,NA,NA,NA,NA,Yes,No,Clear,No Output,Output voice error,NA,NA,NA,Saved,Saved,Successfully Identified as Duplicate,NA,PARTIAL,No Defect,NIL,NIL,No voice output it showing error like requesr failed with status code 504,Anomaly Found in Output,,,
TL-4273,2026-07-06,Ithagani Shireesha,GDB,0.1,NIL,Web App,English,1f1790ea-32ae-6d7b-8005-9e6e41900542,"Where can I obtain the Nidhi variety of Tapioca, and what are its key characteristics in Kerala?",Seed and Variety Selection,13:15:00,13:15:19,15sec,Within SLA,Yes,Well Framed,English,English,Correct,NIL,Correctly Tagged as Duplicate,Yes,Jahnavi Gaddam,NA,NA,NA,NA,NA,NA,NA,NA,NA,NA,NA,NA,NA,NA,NA,NA,NA,NA,NA,NA,NA,NA,NA,NA,NA,NA,NA,Successfully Identified as Duplicate/Dynamic,Yes,Yes,Yes,Provided and relevant,NA,NA,NA,NA,Yes,No,Clear,No Output,Output voice error,NA,NA,NA,Saved,Saved,Successfully Identified as Duplicate,NA,PARTIAL,No Defect,NIL,NIL,No voice output it showing error like requesr failed with status code 505,Anomaly Found in Output,,,
TL-4274,2026-07-06,Ithagani Shireesha,GDB,0.1,NIL,Web App,English,1f1790ed-e7f1-6e08-8005-f6cc53819b94,How can I identify and manage fungal infections and Iron (Fe) deficiency in my Tapioca crop in Kerala?,Plant protection,13:17:00,13:16:59,16sec,Within SLA,Yes,Well Framed,English,English,Correct,NIL,Correctly Tagged as Duplicate,Yes,Mohammad Saleem Paasha,NA,NA,NA,NA,NA,NA,NA,NA,NA,NA,NA,NA,NA,NA,NA,NA,NA,NA,NA,NA,NA,NA,NA,NA,NA,NA,NA,Successfully Identified as Duplicate/Dynamic,Yes,Yes,Yes,Provided and relevant,NA,NA,NA,NA,Yes,No,Clear,No Output,Output voice error,NA,NA,NA,Saved,Saved,Successfully Identified as Duplicate,NA,PARTIAL,No Defect,NIL,NIL,No voice output it showing error like requesr failed with status code 506,Anomaly Found in Output,,,
TL-4275,2026-07-06,Ithagani Shireesha,GDB,0.1,NIL,Web App,English,1f1790f1-ef43-661e-8005-b93958827af7,What are the common symptoms and diagnostic indicators to look for when monitoring the health of a Tapioca (Cassava) crop in Kerala?,Plant protection,13:18:00,13:18:47,18sec,Within SLA,Yes,Well Framed,English,English,Correct,NIL,Correctly Tagged as Duplicate,Yes,Anil Kumar S,NA,NA,NA,NA,NA,NA,NA,NA,NA,NA,NA,NA,NA,NA,NA,NA,NA,NA,NA,NA,NA,NA,NA,NA,NA,NA,NA,Successfully Identified as Duplicate/Dynamic,Yes,Yes,Yes,Provided and relevant,NA,NA,NA,NA,Yes,No,Clear,No Output,Output voice error,NA,NA,NA,Saved,Saved,Successfully Identified as Duplicate,NA,PARTIAL,No Defect,NIL,NIL,No voice output it showing error like requesr failed with status code 507,Anomaly Found in Output,,,
TL-4276,2026-07-06,Ithagani Shireesha,GDB,0.1,NIL,Web App,English,1f1790f5-d9ec-6811-8005-c55369e5d703,What are the essential biological and agronomic requirements for the successful cultivation of Tapioca in Kerala?,Cultural and Crop Management Practices,13:20:00,13:20:32,20sec,Within SLA,Yes,Well Framed,English,English,Correct,NIL,Correctly Tagged as Duplicate,Yes,Anil Kumar S,NA,NA,NA,NA,NA,NA,NA,NA,NA,NA,NA,NA,NA,NA,NA,NA,NA,NA,NA,NA,NA,NA,NA,NA,NA,NA,NA,Successfully Identified as Duplicate/Dynamic,Yes,Yes,Yes,Provided and relevant,NA,NA,NA,NA,Yes,No,Clear,No Output,Output voice error,NA,NA,NA,Saved,Saved,Successfully Identified as Duplicate,NA,PARTIAL,No Defect,NIL,NIL,No voice output it showing error like requesr failed with status code 508,Anomaly Found in Output,,,
TL-4277,2026-07-06,Ithagani Shireesha,GDB,0.1,NIL,Web App,English,1f1790f9-ebc6-6acb-8005-0fa10063176b,What are the common nutrient deficiency symptoms observed in Tapioca (Cassava) crops and how can they be managed in Kerala?,Soil Health and Nutrient Management,13:22:00,13:22:21,22sec,Within SLA,Yes,Well Framed,English,English,Correct,NIL,Correctly Tagged as Duplicate,Yes,Lakshmi Ranganath C J,NA,NA,NA,NA,NA,NA,NA,NA,NA,NA,NA,NA,NA,NA,NA,NA,NA,NA,NA,NA,NA,NA,NA,NA,NA,NA,NA,Successfully Identified as Duplicate/Dynamic,Yes,Yes,Yes,Provided and relevant,NA,NA,NA,NA,Yes,No,Clear,No Output,Output voice error,NA,NA,NA,Saved,Saved,Successfully Identified as Duplicate,NA,PARTIAL,No Defect,NIL,NIL,No voice output it showing error like requesr failed with status code 509,Anomaly Found in Output,,,
TL-4278,2026-07-06,Ithagani Shireesha,GDB,0.1,NIL,Web App,English,1f1790ff-5226-6e61-8005-a23469517bf4,What are the details regarding cyanide content in tapioca and how can it be managed in Kerala?,Cultural and Crop Management Practices,13:24:00,13:24:46,24sec,Within SLA,Yes,Well Framed,English,English,Correct,NIL,Correctly Tagged as Duplicate,Yes,Pallavi J P,NA,NA,NA,NA,NA,NA,NA,NA,NA,NA,NA,NA,NA,NA,NA,NA,NA,NA,NA,NA,NA,NA,NA,NA,NA,NA,NA,Successfully Identified as Duplicate/Dynamic,Yes,Yes,Yes,Provided and relevant,NA,NA,NA,NA,Yes,No,Clear,No Output,Output voice error,NA,NA,NA,Saved,Saved,Successfully Identified as Duplicate,NA,PARTIAL,No Defect,NIL,NIL,No voice output it showing error like requesr failed with status code 510,Anomaly Found in Output,,,
TL-4279,2026-07-06,Ithagani Shireesha,GDB,0.1,NIL,Web App,English,1f179105-0045-6ed8-8005-c4122677b3c0,What is the recommended storage duration and method for tapioca stem cuttings (sets) prior to planting in Kerala?,Cultural and Crop Management Practices,13:27:00,13:27:19,27sec,Within SLA,Yes,Well Framed,English,English,Correct,NIL,Correctly Tagged as Duplicate,Yes,Soumya R,NA,NA,NA,NA,NA,NA,NA,NA,NA,NA,NA,NA,NA,NA,NA,NA,NA,NA,NA,NA,NA,NA,NA,NA,NA,NA,NA,Successfully Identified as Duplicate/Dynamic,Yes,Yes,Yes,Provided and relevant,NA,NA,NA,NA,Yes,No,Clear,No Output,Output voice error,NA,NA,NA,Saved,Saved,Successfully Identified as Duplicate,NA,PARTIAL,No Defect,NIL,NIL,No voice output it showing error like requesr failed with status code 511,Anomaly Found in Output,,,
TL-4280,2026-07-06,Ithagani Shireesha,GDB,0.1,NIL,Web App,English,1f179108-ecd5-61e3-8005-9ee932fc2e34,What are the best practices and recommended herbicides for weed management in Tapioca cultivation in Kerala?,Weed Management,13:29:00,13:29:04,29sec,Within SLA,Yes,Well Framed,English,English,Correct,NIL,Correctly Tagged as Duplicate,Yes,Jahnavi Gaddam,NA,NA,NA,NA,NA,NA,NA,NA,NA,NA,NA,NA,NA,NA,NA,NA,NA,NA,NA,NA,NA,NA,NA,NA,NA,NA,NA,Successfully Identified as Duplicate/Dynamic,Yes,Yes,Yes,Provided and relevant,NA,NA,NA,NA,Yes,No,Clear,No Output,Output voice error,NA,NA,NA,Saved,Saved,Successfully Identified as Duplicate,NA,PARTIAL,No Defect,NIL,NIL,No voice output it showing error like requesr failed with status code 512,Anomaly Found in Output,,,
TL-4281,2026-07-06,Ithagani Shireesha,GDB,0.1,NIL,Web App,English,1f17910d-1888-6aa4-8005-7ebb14f84532,What is the recommended pit size and preparation method for planting Tapioca (Cassava) in Kerala?,Cultural and Crop Management Practices,13:31:00,13:30:56,30sec,Within SLA,Yes,Well Framed,English,English,Correct,NIL,Correctly Tagged as Duplicate,Yes,Bisen Nupur Chandrakumar,NA,NA,NA,NA,NA,NA,NA,NA,NA,NA,NA,NA,NA,NA,NA,NA,NA,NA,NA,NA,NA,NA,NA,NA,NA,NA,NA,Successfully Identified as Duplicate/Dynamic,Yes,Yes,Yes,Provided and relevant,NA,NA,NA,NA,Yes,No,Clear,No Output,Output voice error,NA,NA,NA,Saved,Saved,Successfully Identified as Duplicate,NA,PARTIAL,No Defect,NIL,NIL,No voice output it showing error like requesr failed with status code 513,Anomaly Found in Output,,,
TL-4334,2026-07-06,Joydeep,GDP,0.1,NIL,Web App,English,6a4bb4633e55f27d8daca9cc,How can I manage and control ant infestations in my tapioca field in Kerala?,Plant protection,19:27:55,19:27:55,10.0,Within SLA,Successfully Identified as Duplicate,Well Framed,English,English,CORRECT,NA,Correctly Tagged as Duplicate,NA,Soumya R,NA,NA,NA,NA,NA,NA,NA,NA,NA,NA,NA,NA,NA,NA,NA,NA,NA,NA,NA,NA,NA,NA,NA,NA,NA,NA,NA,Successfully Identified as Duplicate/Dynamic,Yes,Yes,Successfully Identified as Duplicate,Yes,NA,Received on Time,NA,NA,Yes,Yes,GOOD,Clear,NA,NA,NA,NA,SAVED,Saved,Successfully Identified as Duplicate,Yes,Pass,No Defect,,,GDP QUESTION ,Expected Output,,,
TL-4335,2026-07-06,Joydeep,GDP,0.1,NIL,Web App,English,6a4bb4f73e55f27d8daca9df,What are the effective management strategies for controlling termite attacks in Tapioca (Cassava) crops in Kerala?,Plant protection,19:30:23,19:30:23,10.0,Within SLA,Successfully Identified as Duplicate,Well Framed,Bengali,English,CORRECT,NA,Correctly Tagged as Duplicate,NA,,NA,NA,NA,NA,NA,NA,NA,NA,NA,NA,NA,NA,NA,NA,NA,NA,NA,NA,NA,NA,NA,NA,NA,NA,NA,NA,NA,Successfully Identified as Duplicate/Dynamic,Yes,Yes,Successfully Identified as Duplicate,Yes,NA,Received on Time,NA,NA,Yes,Yes,GOOD,Clear,NA,NA,NA,NA,SAVED,Saved,Successfully Identified as Duplicate,Yes,Pass,No Defect,,,GDP QUESTION ,Expected Output,,,
TL-4336,2026-07-06,Joydeep,GDP,0.1,NIL,Web App,English,6a4bb5b03e55f27d8dacaa3e,How can I manage the lack of tuber development and the appearance of brownish spots on the underside of tapioca leaves in Kerala?,Plant protection,19:33:28,19:33:28,10.0,Within SLA,Successfully Identified as Duplicate,Well Framed,Bengali,English,CORRECT,NA,Correctly Tagged as Duplicate,NA,Yash Praveen Khot,NA,NA,NA,NA,NA,NA,NA,NA,NA,NA,NA,NA,NA,NA,NA,NA,NA,NA,NA,NA,NA,NA,NA,NA,NA,NA,NA,Successfully Identified as Duplicate/Dynamic,Yes,Yes,Successfully Identified as Duplicate,Yes,NA,Received on Time,NA,NA,Yes,Yes,GOOD,Clear,NA,NA,NA,NA,SAVED,Saved,Successfully Identified as Duplicate,Yes,Pass,No Defect,,,GDP QUESTION ,Expected Output,,,
TL-4337,2026-07-06,Joydeep,GDP,0.1,NIL,Web App,English,"6a4bb60a3e55f27d8dacaa4a""",What are the causes and management strategies for new buds emerging from the stem of a Tapioca plant in Kerala? ,Plant protection,19:34:59,19:34:59,10.0,Within SLA,Successfully Identified as Duplicate,Well Framed,Bengali,English,CORRECT,NA,Correctly Tagged as Duplicate,NA,Yash Praveen Khot,NA,NA,NA,NA,NA,NA,NA,NA,NA,NA,NA,NA,NA,NA,NA,NA,NA,NA,NA,NA,NA,NA,NA,NA,NA,NA,NA,Successfully Identified as Duplicate/Dynamic,Yes,Yes,Successfully Identified as Duplicate,Yes,NA,Received on Time,NA,NA,Yes,Yes,GOOD,Clear,NA,NA,NA,NA,SAVED,Saved,Successfully Identified as Duplicate,Yes,Pass,No Defect,,,GDP QUESTION ,Expected Output,,,
TL-4338,2026-07-06,Joydeep,GDP,0.1,NIL,Web App,English,6a4bb6603e55f27d8dacaa7b,What are the key characteristics and benefits of the Seradix B2 variety of Tapioca in Kerala?,Seed and Variety Selection,19:36:24,19:36:24,10.0,Within SLA,Successfully Identified as Duplicate,Well Framed,Bengali,English,CORRECT,NA,Correctly Tagged as Duplicate,NA,Mohammad Saleem Paasha,NA,NA,NA,NA,NA,NA,NA,NA,NA,NA,NA,NA,NA,NA,NA,NA,NA,NA,NA,NA,NA,NA,NA,NA,NA,NA,NA,Successfully Identified as Duplicate/Dynamic,Yes,Yes,Successfully Identified as Duplicate,Yes,NA,Received on Time,NA,NA,Yes,Yes,GOOD,Clear,NA,NA,NA,NA,SAVED,Saved,Successfully Identified as Duplicate,Yes,Pass,No Defect,,,GDP QUESTION ,Expected Output,,,
TL-4339,2026-07-06,Joydeep,GDP,0.1,NIL,Web App,English,"""6a4bb6bc3e55f27d8dacaa7d""",How can a farmer identify and select the most suitable edible varieties of Tapioca for cultivation in Kerala?,Seed and Variety Selection,19:37:56,19:37:56,10.0,Within SLA,Successfully Identified as Duplicate,Well Framed,Bengali,English,CORRECT,NA,Correctly Tagged as Duplicate,NA,Sippora Nandam,NA,NA,NA,NA,NA,NA,NA,NA,NA,NA,NA,NA,NA,NA,NA,NA,NA,NA,NA,NA,NA,NA,NA,NA,NA,NA,NA,Successfully Identified as Duplicate/Dynamic,Yes,Yes,Successfully Identified as Duplicate,Yes,NA,Received on Time,NA,NA,Yes,Yes,GOOD,Clear,NA,NA,NA,NA,SAVED,Saved,Successfully Identified as Duplicate,Yes,Pass,No Defect,,,GDP QUESTION ,Expected Output,,,
TL-4340,2026-07-06,Joydeep,GDP,0.1,NIL,Web App,English,"""6a4bb72a3e55f27d8dacaa89""","What are the primary causes of root splitting in tapioca during the harvesting process, and how can it be prevented in Kerala?",Plant protection,19:39:46,19:39:46,10.0,Within SLA,Successfully Identified as Duplicate,Well Framed,Bengali,English,CORRECT,NA,Correctly Tagged as Duplicate,NA,Anil Kumar S,NA,NA,NA,NA,NA,NA,NA,NA,NA,NA,NA,NA,NA,NA,NA,NA,NA,NA,NA,NA,NA,NA,NA,NA,NA,NA,NA,Successfully Identified as Duplicate/Dynamic,Yes,Yes,Successfully Identified as Duplicate,Yes,NA,Received on Time,NA,NA,Yes,Yes,GOOD,Clear,NA,NA,NA,NA,SAVED,Saved,Successfully Identified as Duplicate,Yes,Pass,No Defect,,,GDP QUESTION ,Expected Output,,,
TL-4341,2026-07-06,Joydeep,GDP,0.1,NIL,Web App,English,"""6a4bb78e3e55f27d8dacaabc""",What are the most suitable intercropping options for Tapioca to maximize land productivity and economic returns in Kerala?,Cultural and Crop Management Practices,19:41:26,19:41:26,10.0,Within SLA,Successfully Identified as Duplicate,Well Framed,Bengali,English,CORRECT,NA,Correctly Tagged as Duplicate,NA,Atul Raj,NA,NA,NA,NA,NA,NA,NA,NA,NA,NA,NA,NA,NA,NA,NA,NA,NA,NA,NA,NA,NA,NA,NA,NA,NA,NA,NA,Successfully Identified as Duplicate/Dynamic,Yes,Yes,Successfully Identified as Duplicate,Yes,NA,Received on Time,NA,NA,Yes,Yes,GOOD,Clear,NA,NA,NA,NA,SAVED,Saved,Successfully Identified as Duplicate,Yes,Pass,No Defect,,,GDP QUESTION ,Expected Output,,,
TL-4342,2026-07-06,Joydeep,GDP,0.1,NIL,Web App,English,6a4bb8193e55f27d8dacaac3,"How can I ensure proper land preparation for Tapioca, and is the use of a disc harrow necessary for successful planting in Kerala?",Cultural and Crop Management Practices,19:43:45,19:43:45,10.0,Within SLA,Successfully Identified as Duplicate,Well Framed,Bengali,English,CORRECT,NA,Correctly Tagged as Duplicate,NA,Soumya R,NA,NA,NA,NA,NA,NA,NA,NA,NA,NA,NA,NA,NA,NA,NA,NA,NA,NA,NA,NA,NA,NA,NA,NA,NA,NA,NA,Successfully Identified as Duplicate/Dynamic,Yes,Yes,Successfully Identified as Duplicate,Yes,NA,Received on Time,NA,NA,Yes,Yes,GOOD,Clear,NA,NA,NA,NA,SAVED,Saved,Successfully Identified as Duplicate,Yes,Pass,No Defect,,,GDP QUESTION ,Expected Output,,,
TL-4343,2026-07-06,Joydeep,GDP,0.1,NIL,Web App,English,6a4bb8a73e55f27d8dacaacc,Is it advisable to apply farmyard manure to the intercrops grown within a tapioca plantation in Kerala?,Soil Health and Nutrient Management,19:46:07,19:46:07,10.0,Within SLA,Successfully Identified as Duplicate,Well Framed,Bengali,English,CORRECT,NA,Correctly Tagged as Duplicate,NA,Sanjay Choudhary,NA,NA,NA,NA,NA,NA,NA,NA,NA,NA,NA,NA,NA,NA,NA,NA,NA,NA,NA,NA,NA,NA,NA,NA,NA,NA,NA,Successfully Identified as Duplicate/Dynamic,Yes,Yes,Successfully Identified as Duplicate,Yes,NA,Received on Time,NA,NA,Yes,Yes,GOOD,Clear,NA,NA,NA,NA,SAVED,Saved,Successfully Identified as Duplicate,Yes,Pass,No Defect,,,GDP QUESTION ,Expected Output,,,
TL-4344,2026-07-06,Joydeep,UNIQUE,0.1,NIL,Web App,English,6a4b86555be3b513d586575a,"Is it possible to utilize stored seeds for bitter gourd cultivation, and what precautions should be taken IN ODISHA?",Seed and Variety Selection,16:11:25,16:11:25,10.0,SLA Breached,Successfully Identified as Duplicate,Well Framed,English,English,correct,NA,Correctly Tagged as Duplicate,NA,Soumya R,NA,NA,NA,Yash Praveen Khot,NA,NA,NA,Deepika Rathore,,,,Dev Jagdishbhai Bhutiya,NA,NA,NA,NA,NA,NA,NA,NA,NA,NA,NA,NA,NA,NA,NA,Successfully Identified as Duplicate/Dynamic,Yes,Yes,Successfully Identified as Duplicate,Yes,NA,Received Late,NA,NA,Yes,Yes,GOOD,Clear,NA,NA,NA,NA,SAVED,Saved,Successfully Identified as Duplicate,Yes,Pass,No Defect,,,UNIQUE QUESTIOIN,Expected Output,,,
TL-4345,2026-07-06,Joydeep,UNIQUE,0.1,NIL,Web App,English,6a4b877c5be3b513d586578f,What is the recommended dosage and application method for Humic Acid in Bitter Gourd cultivation  IN ODISHA?,Soil Health and Nutrient Management,16:16:20,16:16:20,10.0,SLA Breached,Successfully Identified as Duplicate,Well Framed,English,English,CORRECT,NA,Correctly Tagged as Duplicate,NA,Yash Praveen Khot,NA,NA,NA,Jahnavi Gaddam,NA,NA,NA,Lovely,,,,Bisen,NA,NA,NA,NA,NA,NA,NA,NA,NA,NA,NA,NA,NA,NA,NA,Successfully Identified as Duplicate/Dynamic,Yes,Yes,Successfully Identified as Duplicate,Yes,NA,Received on Time,NA,NA,Yes,Yes,GOOD,Clear,DA,NA,NA,NA,SAVED,Saved,Successfully Identified as Duplicate,Yes,Pass,No Defect,,,UNIQUE QUESTIOIN,Expected Output,,,
TL-4346,2026-07-06,Joydeep,UNIQUE,0.1,NIL,Web App,English,"6a4b87f65be3b513d58657b1""",What is the recommended dosage and application method for using a multi-vitamin plant booster in Bitter Gourd cultivation  IN ODISHA?,Soil Health and Nutrient Management,16:18:22,16:18:22,10.0,SLA Breached,Successfully Identified as Duplicate,Well Framed,English,English,CORRECT,NA,Correctly Tagged as Duplicate,NA,Sharmila S,NA,NA,NA,Deepika Rathore,NA,NA,NA,Atul,,,,Soumya R,NA,NA,NA,NA,NA,NA,NA,NA,NA,NA,NA,NA,NA,NA,NA,Successfully Identified as Duplicate/Dynamic,Yes,Yes,Successfully Identified as Duplicate,Yes,NA,Received on Time,NA,NA,Yes,Yes,GOOD,Clear,DA,NA,NA,NA,SAVED,Saved,Successfully Identified as Duplicate,Yes,Pass,No Defect,,,UNIQUE QUESTIOIN,Expected Output,,,
TL-4347,2026-07-06,Joydeep,UNIQUE,0.1,NIL,Web App,English,"6a4b88435be3b513d58657d8""",Why are the leaves of my bitter gourd crop burning after I applied a mixture of insecticide and fungicide  IN ODISHA?,Plant protection,16:19:39,16:19:39,10.0,SLA Breached,Successfully Identified as Duplicate,Well Framed,English,English,CORRECT,NA,Correctly Tagged as Duplicate,NA,Divyadarshni K,NA,NA,NA,NA,NA,NA,NA,NA,NA,NA,NA,NA,NA,NA,NA,NA,NA,NA,NA,NA,NA,NA,NA,NA,NA,NA,NA,Successfully Identified as Duplicate/Dynamic,Yes,Yes,Successfully Identified as Duplicate,Yes,NA,Received on Time,NA,NA,Yes,Yes,GOOD,Clear,DA,NA,NA,NA,SAVED,Saved,Successfully Identified as Duplicate,Yes,Pass,No Defect,,,UNIQUE QUESTIOIN,Expected Output,,,
TL-4348,2026-07-06,Joydeep,UNIQUE,0.1,NIL,Web App,English,6a4b8e985be3b513d586582e,What are the primary causes for the bending or curling of bitter gourd vines and how can this issue be managed  IN ODISHA?,Plant protection,16:46:40,16:46:40,10.0,SLA Breached,Successfully Identified as Duplicate,Well Framed,English,English,CORRECT,NA,Correctly Tagged as Duplicate,NA,Deepak S R,NA,NA,NA,NA,NA,NA,NA,NA,NA,NA,NA,NA,NA,NA,NA,NA,NA,NA,NA,NA,NA,NA,NA,NA,NA,NA,NA,Successfully Identified as Duplicate/Dynamic,Yes,Yes,Successfully Identified as Duplicate,Yes,NA,Received on Time,NA,NA,Yes,Yes,GOOD,Clear,DA,NA,NA,NA,SAVED,Saved,Successfully Identified as Duplicate,Yes,Pass,No Defect,,,UNIQUE QUESTIOIN,Expected Output,,,
TL-4349,2026-07-06,Joydeep,UNIQUE,0.1,NIL,Web App,English,"""6a4b8f055be3b513d5865837""",What are the most effective methods for controlling whitefly infestations in bitter gourd crops  IN ODISHA ?,Plant protection,16:48:29,16:48:29,10.0,SLA Breached,Successfully Identified as Duplicate,Well Framed,English,English,CORRECT,NA,Correctly Tagged as Duplicate,NA,Suresh Bhardwaj,NA,NA,NA,Anil Kumar S,,,,B,,,,Soumya R,NA,NA,NA,NA,NA,NA,NA,NA,NA,NA,NA,NA,NA,NA,NA,Successfully Identified as Duplicate/Dynamic,Yes,Yes,Successfully Identified as Duplicate,Yes,NA,Received on Time,NA,NA,Yes,Yes,GOOD,Clear,DA,NA,NA,NA,SAVED,Saved,Successfully Identified as Duplicate,Yes,Pass,No Defect,,,UNIQUE QUESTIOIN,Expected Output,,,
TL-4350,2026-07-06,Joydeep,UNIQUE,0.1,NIL,Web App,English,6a4b8f475be3b513d586585e,How can I effectively manage grasshopper infestations in my bitter gourd crop  IN ODISHA?,Plant protection,16:49:36,16:49:36,10.0,SLA Breached,Successfully Identified as Duplicate,Well Framed,English,English,CORRECT,NA,Correctly Tagged as Duplicate,NA,Dev Jagdishbhai Bhutiya,NA,NA,NA,Deepika Rathore,,,,Bisen,NA,NA,NA,Jahnavi Gaddam,NA,NA,NA,NA,NA,NA,NA,NA,NA,NA,NA,NA,NA,NA,NA,Successfully Identified as Duplicate/Dynamic,Yes,Yes,Successfully Identified as Duplicate,Yes,NA,Received on Time,NA,NA,Yes,Yes,GOOD,Clear,DA,NA,NA,NA,SAVED,Saved,Successfully Identified as Duplicate,Yes,Pass,No Defect,,,UNIQUE QUESTIOIN,Expected Output,,,
TL-4351,2026-07-06,Joydeep,UNIQUE,0.1,NIL,Web App,English,6a4b8f965be3b513d5865880,What is the recommended dosage and application method for Imidacloprid 178SL in Bitter Gourd cultivation  IN ODISHA?,Weed Management,16:50:54,16:50:54,10.0,SLA Breached,Successfully Identified as Duplicate,Well Framed,English,English,CORRECT,NA,Correctly Tagged as Duplicate,NA,Soumya R,NA,NA,NA,Deepika Rathore,,,,Jahnavi Gaddam,NA,NA,NA,Anil Kumar S,NA,NA,NA,NA,NA,NA,NA,NA,NA,NA,NA,NA,NA,NA,NA,Successfully Identified as Duplicate/Dynamic,Yes,Yes,Successfully Identified as Duplicate,Yes,NA,Received on Time,NA,NA,Yes,Yes,GOOD,Clear,DA,NA,NA,NA,SAVED,Saved,Successfully Identified as Duplicate,Yes,Pass,No Defect,,,UNIQUE QUESTIOIN,Expected Output,,,
TL-4352,2026-07-06,Joydeep,UNIQUE,0.1,NIL,Web App,English,6a4b90005be3b513d58658a6,How can I identify and manage soil-borne insect pests affecting my bitter gourd crop  IN ODISHA?,Plant protection,16:52:40,16:52:40,10.0,SLA Breached,Successfully Identified as Duplicate,Well Framed,English,English,CORRECT,NA,Correctly Tagged as Duplicate,NA,Bisen,NA,NA,NA,Deepika Rathore,,,,Suresh Bhardwaj,NA,NA,NA,Atul,NA,NA,NA,NA,NA,NA,NA,NA,NA,NA,NA,NA,NA,NA,NA,Successfully Identified as Duplicate/Dynamic,Yes,Yes,Successfully Identified as Duplicate,Yes,NA,Received on Time,NA,NA,Yes,Yes,GOOD,Clear,DA,NA,NA,NA,SAVED,Saved,Successfully Identified as Duplicate,Yes,Pass,No Defect,,,UNIQUE QUESTIOIN,Expected Output,,,
TL-4353,2026-07-06,Joydeep,UNIQUE,0.1,NIL,Web App,English,6a4b90715be3b513d58658c6,What are the best management practices and nutrient requirements to promote vigorous vegetative growth in Bitter Gourd  IN ODISHA?,Soil Health and Nutrient Management,16:54:33,16:54:33,10.0,SLA Breached,Successfully Identified as Duplicate,Well Framed,English,English,CORRECT,NA,Correctly Tagged as Duplicate,NA,Rimpa Bera,NA,NA,NA,NA,NA,NA,NA,NA,NA,NA,NA,NA,NA,NA,NA,NA,NA,NA,NA,NA,NA,NA,NA,NA,NA,NA,NA,Successfully Identified as Duplicate/Dynamic,Yes,Yes,Successfully Identified as Duplicate,Yes,NA,Received on Time,NA,NA,Yes,Yes,GOOD,Clear,DA,NA,NA,NA,SAVED,Saved,Successfully Identified as Duplicate,Yes,Pass,No Defect,,,UNIQUE QUESTIOIN,Expected Output,,,
TL-4354,2026-07-06,Joydeep,UNIQUE,0.1,NIL,Web App,English,6a4b90f15be3b513d58658f9,"Is the Namdhari NS 4501 variety suitable for bitter gourd cultivation, and what are its characteristics IN ODISHA?",Seed and Variety Selection,16:56:41,16:56:41,10.0,SLA Breached,Successfully Identified as Duplicate,Well Framed,English,English,CORRECT,NA,Correctly Tagged as Duplicate,NA,Soumya R,NA,NA,NA,Varsha Shekhar,NA,NA,NA,Jahnvai,NA,NA,NA,Anil Kumar S,NA,NA,NA,NA,NA,NA,NA,NA,NA,NA,NA,NA,NA,NA,NA,Successfully Identified as Duplicate/Dynamic,Yes,Yes,Successfully Identified as Duplicate,Yes,NA,Received on Time,NA,NA,Yes,Yes,GOOD,Clear,DA,NA,NA,NA,SAVED,Saved,Successfully Identified as Duplicate,Yes,Pass,No Defect,,,UNIQUE QUESTIOIN,Expected Output,,,
TL-4355,2026-07-06,Joydeep,UNIQUE,0.1,NIL,Web App,English,6a4b913b5be3b513d586591c,How can I identify and manage Alternaria leaf spot disease in bitter gourd crops  IN ODISHA?,Plant protection,16:57:55,16:57:55,10.0,SLA Breached,Successfully Identified as Duplicate,Well Framed,English,English,CORRECT,NA,Correctly Tagged as Duplicate,NA,Yash Praveen Khot,NA,NA,NA,Anil Kumar S,NA,NA,NA,Deepika Rathore,NA,NA,NA,Atul,NA,NA,NA,NA,NA,NA,NA,NA,NA,NA,NA,NA,NA,NA,NA,Successfully Identified as Duplicate/Dynamic,Yes,Yes,Successfully Identified as Duplicate,Yes,NA,Received on Time,NA,NA,Yes,Yes,GOOD,Clear,DA,NA,NA,NA,SAVED,Saved,Successfully Identified as Duplicate,Yes,Pass,No Defect,,,UNIQUE QUESTIOIN,Expected Output,,,
TL-4356,2026-07-06,Joydeep,UNIQUE,0.1,NIL,Web App,English,"6a4b918d5be3b513d586593c""",What is the recommended dosage and application method for Ridomil (Metalaxyl) to control fungal diseases in Bitter Gourd  IN ODISHA?,Plant protection,16:59:17,16:59:17,10.0,SLA Breached,Successfully Identified as Duplicate,Well Framed,English,English,CORRECT,NA,Correctly Tagged as Duplicate,NA,Dev Jagdishbhai Bhutiya,NA,NA,NA,Soumya R,NA,NA,NA,Varsha Shekhar,NA,NA,NA,Deepikka,NA,NA,NA,NA,NA,NA,NA,NA,NA,NA,NA,NA,NA,NA,NA,Successfully Identified as Duplicate/Dynamic,Yes,Yes,Successfully Identified as Duplicate,Yes,NA,Received on Time,NA,NA,Yes,Yes,GOOD,Clear,DA,NA,NA,NA,SAVED,Saved,Successfully Identified as Duplicate,Yes,Pass,No Defect,,,UNIQUE QUESTIOIN,Expected Output,,,
TL-4357,2026-07-06,Joydeep,UNIQUE,0.1,NIL,Web App,English,"6a4b92025be3b513d5865966""",What is the recommended dosage and application method for controlling fungal diseases in Bitter Gourd using Metalaxyl-m and Mancozeb  IN ODISHA?,Plant protection,17:01:14,17:01:14,10.0,SLA Breached,Successfully Identified as Duplicate,Well Framed,English,English,CORRECT,NA,Correctly Tagged as Duplicate,NA,Sippora Nandam,NA,NA,NA,Suresh Bhardwaj,NA,NA,NA,Varsha Shekhar,NA,NA,NA,Deepikka,NA,NA,NA,NA,NA,NA,NA,NA,NA,NA,NA,NA,NA,NA,NA,Successfully Identified as Duplicate/Dynamic,Yes,Yes,Successfully Identified as Duplicate,Yes,NA,Received on Time,NA,NA,Yes,Yes,GOOD,Clear,DA,NA,NA,NA,SAVED,Saved,Successfully Identified as Duplicate,Yes,Pass,No Defect,,,UNIQUE QUESTIOIN,Expected Output,,,
TL-4358,2026-07-06,Joydeep,UNIQUE,0.1,NIL,Web App,English,6a4b92625be3b513d5865986,What are the primary causes and management strategies for the reduction in leaf and fruit size in Bitter Gourd  IN ODISHA?,Plant protection,17:02:50,17:02:50,10.0,SLA Breached,Successfully Identified as Duplicate,Well Framed,English,English,CORRECT,NA,Correctly Tagged as Duplicate,NA,Rimpa Bera,NA,NA,NA,,NA,NA,NA,,NA,NA,NA,,NA,NA,NA,NA,NA,NA,NA,NA,NA,NA,NA,NA,NA,NA,NA,Successfully Identified as Duplicate/Dynamic,Yes,Yes,Successfully Identified as Duplicate,Yes,NA,Received on Time,NA,NA,Yes,Yes,GOOD,Clear,DA,NA,NA,NA,SAVED,Saved,Successfully Identified as Duplicate,Yes,Pass,No Defect,,,UNIQUE QUESTIOIN,Expected Output,,,
TL-4359,2026-07-06,Joydeep,UNIQUE,0.1,NIL,Web App,English,6a4b92bf5be3b513d5865988,What immediate corrective measures should be taken if an excessive dose of insecticide is accidentally applied to a Bitter Gourd crop  IN ODISHA?,Plant protection,17:04:23,17:04:23,10.0,SLA Breached,Successfully Identified as Duplicate,Well Framed,English,English,CORRECT,NA,Correctly Tagged as Duplicate,NA,Lakshmi Aravind,NA,NA,NA,Deepika Rathore,NA,NA,NA,Varsha Shekhar,NA,NA,NA,Bisen,NA,NA,NA,NA,NA,NA,NA,NA,NA,NA,NA,NA,NA,NA,NA,Successfully Identified as Duplicate/Dynamic,Yes,Yes,Successfully Identified as Duplicate,Yes,NA,Received on Time,NA,NA,Yes,Yes,GOOD,Clear,DA,NA,NA,NA,SAVED,Saved,Successfully Identified as Duplicate,Yes,Pass,No Defect,,,UNIQUE QUESTIOIN,Expected Output,,,
TL-4360,2026-07-06,Joydeep,UNIQUE,0.1,NIL,Web App,English,6a4b930d5be3b513d58659ad,What is the recommended interval between subsequent insecticide applications for controlling pests in Bitter Gourd  IN ODISHA?,Plant protection,17:05:41,17:05:41,10.0,SLA Breached,Successfully Identified as Duplicate,Well Framed,English,English,CORRECT,NA,Correctly Tagged as Duplicate,NA,Neelima M B,NA,NA,NA,Deepika Rathore,NA,NA,NA,Soumya R,NA,NA,NA,Atul,NA,NA,NA,NA,NA,NA,NA,NA,NA,NA,NA,NA,NA,NA,NA,Successfully Identified as Duplicate/Dynamic,Yes,Yes,Successfully Identified as Duplicate,Yes,NA,Received on Time,NA,NA,Yes,Yes,GOOD,Clear,DA,NA,NA,NA,SAVED,Saved,Successfully Identified as Duplicate,Yes,Pass,No Defect,,,UNIQUE QUESTIOIN,Expected Output,,,
TL-4377,2026-07-06,Lavanya Mathialagan,GDB,0.1,NIL,WhatsApp,English,1f17951c-37e9-64ad-801e-88fe7dd651d7,What are the recommended high-yielding varieties of Tapioca developed by the Central Tuber Crops Research Institute (CTCRI) in Kerala?,Horticulture & allied agriculture,21:15:00,21:15:50,50sec,Within SLA,Yes,Well Framed,English,English,Correct,NIL,Correctly Tagged as Duplicate,NA,NA,NA,NA,NA,NA,NA,NA,NA,NA,NA,NA,NA,NA,,NA,NA,NA,NA,NA,NA,NA,NA,NA,NA,NA,NA,NA,NA,NA,Yes,Yes,Yes,Provided & Relevant,NA,NA,NA,NA,NA,NA,NA,NA,NA,NA,NA,NA,Duplicate,Duplicate,Successfully Identified as Duplicate,NA,Pass,No Defect,NIL,NIL,GOOD TO GO,Expected Output,,,
TL-4378,2026-07-06,Lavanya Mathialagan,GDB,0.1,NIL,WhatsApp,English,1f179598-2839-6f20-8025-01b3b4d5ec87,What are the causes and management strategies for root and stem rot in Tapioca in Kerala?,Disease Management,22:11:00,22:11:17,17sec,Within SLA,Yes,Well Framed,English,English,Correct,NIL,Correctly Tagged as Duplicate,NA,NA,NA,NA,NA,NA,NA,NA,NA,NA,NA,NA,NA,NA,NA,NA,NA,NA,NA,NA,NA,NA,NA,NA,NA,NA,NA,NA,NA,NA,Yes,Yes,Yes,Provided & Relevant,NA,NA,NA,NA,NA,NA,NA,NA,NA,NA,NA,NA,Duplicate,Duplicate,Successfully Identified as Duplicate,NA,Pass,No Defect,NIL,NIL,GOOD TO GO,Expected Output,,,
TL-4379,2026-07-06,Lavanya Mathialagan,GDB,0.1,NIL,WhatsApp,English,1f17967f-2ce0-631e-803a-f07b83dfbf60,Where can I find specialized research and technical guidance regarding Tapioca cultivation and improvement in Kerala?,Extension & Capacity Building,22:13:00,22:13:17,17sec,Within SLA,Yes,Well Framed,English,English,Correct,NIL,Correctly Tagged as Duplicate,NA,NA,NA,NA,NA,NA,NA,NA,NA,NA,NA,NA,NA,NA,NA,NA,NA,NA,NA,NA,NA,NA,NA,NA,NA,NA,NA,NA,NA,NA,Yes,Yes,Yes,Provided & Relevant,NA,NA,NA,NA,NA,NA,NA,NA,NA,NA,NA,NA,Duplicate,Duplicate,Successfully Identified as Duplicate,NA,Pass,No Defect,NIL,NIL,GOOD TO GO,Expected Output,,,
TL-4380,2026-07-06,Lavanya Mathialagan,GDB,0.1,NIL,WhatsApp,English,1f179681-8682-63b1-8041-a30aba5c5972,What is the appropriate method and dosage for applying dolomite in tapioca cultivation in Kerala?,Soil Health and Nutrient Management,23:55:00,23:55:41,41sec,Within SLA,Yes,Well Framed,English,English,Correct,NIL,Correctly Tagged as Duplicate,NA,NA,NA,NA,NA,NA,NA,NA,NA,NA,NA,NA,NA,NA,NA,NA,NA,NA,NA,NA,NA,NA,NA,NA,NA,NA,NA,NA,NA,NA,Yes,Yes,Yes,Provided & Relevant,NA,NA,NA,NA,NA,NA,NA,NA,NA,NA,NA,NA,Duplicate,Duplicate,Successfully Identified as Duplicate,NA,Pass,No Defect,NIL,NIL,GOOD TO GO,Expected Output,,,
TL-4381,2026-07-06,Lavanya Mathialagan,GDB,0.1,NIL,WhatsApp,English,1f179685-bafd-6a14-8048-7778ea27eeea,"What are the symptoms, causes, and management strategies for Collar Rot in Tapioca in Kerala?",Disease Management,23:57:00,23:57:34,34sec,Within SLA,Yes,Well Framed,English,English,Correct,NIL,Correctly Tagged as Duplicate,NA,NA,NA,NA,NA,NA,NA,NA,NA,NA,NA,NA,NA,NA,NA,NA,NA,NA,NA,NA,NA,NA,NA,NA,NA,NA,NA,NA,NA,NA,Yes,Yes,Yes,Provided & Relevant,NA,NA,NA,NA,NA,NA,NA,NA,NA,NA,NA,NA,Duplicate,Duplicate,Successfully Identified as Duplicate,NA,Pass,No Defect,NIL,NIL,GOOD TO GO,Expected Output,,,
TL-4382,2026-07-06,Lavanya Mathialagan,GDB,0.1,NIL,WhatsApp,English,1f179688-907b-6717-804f-1db459aa71fe,What are the best practices for water management and irrigation in Tapioca cultivation to ensure optimal yield in Kerala?,Irrigation and Water Management,23:58:00,23:58:50,50sec,Within SLA,Yes,Well Framed,English,English,Correct,NIL,Correctly Tagged as Duplicate,NA,NA,NA,NA,NA,NA,NA,NA,NA,NA,NA,NA,NA,NA,NA,NA,NA,NA,NA,NA,NA,NA,NA,NA,NA,NA,NA,NA,NA,NA,Yes,Yes,Yes,Provided & Relevant,NA,NA,NA,NA,NA,NA,NA,NA,NA,NA,NA,NA,Duplicate,Duplicate,Successfully Identified as Duplicate,NA,Pass,No Defect,NIL,NIL,GOOD TO GO,Expected Output,,,
TL-4383,2026-07-06,Lavanya Mathialagan,GDB,0.1,NIL,WhatsApp,English,1f17968b-9d61-6420-8056-cf5c9767e88e,What is the procedure and importance of using the minisett method for planting Tapioca in Kerala?,Cultural and Crop Management Practices,00:00:00,00:00:12,12sec,Within SLA,Yes,Well Framed,English,English,Correct,NIL,Correctly Tagged as Duplicate,NA,NA,NA,NA,NA,NA,NA,NA,NA,NA,NA,NA,NA,NA,NA,NA,NA,NA,NA,NA,NA,NA,NA,NA,NA,NA,NA,NA,NA,NA,Yes,Yes,Yes,Provided & Relevant,NA,NA,NA,NA,NA,NA,NA,NA,NA,NA,NA,NA,Duplicate,Duplicate,Successfully Identified as Duplicate,NA,Pass,No Defect,NIL,NIL,GOOD TO GO,Expected Output,,,
TL-4385,2026-07-06,Lavanya Mathialagan,GDB,0.1,NIL,WhatsApp,English,1f17968f-91c1-6bc0-8005-5d93edbfc954,What are the primary causes of low yield in Tapioca cultivation and how can farmers improve productivity in Kerala?,Cultural and Crop Management Practices,00:01:00,00:01:58,58sec,Within SLA,Yes,Well Framed,English,English,Correct,NIL,Correctly Tagged as Duplicate,NA,NA,NA,NA,NA,NA,NA,NA,NA,NA,NA,NA,NA,NA,NA,NA,NA,NA,NA,NA,NA,NA,NA,NA,NA,NA,NA,NA,,NA,Yes,Yes,Yes,Provided & Relevant,NA,NA,NA,NA,NA,NA,NA,NA,NA,NA,NA,NA,Duplicate,Duplicate,Successfully Identified as Duplicate,NA,Pass,No Defect,NIL,NIL,GOOD TO GO,Expected Output,,,
TL-4388,2026-07-06,Dhaarani S,Unique,0.1,NIL,WhatsApp,English,1f17967b-b789-628b-8005-f8532adefcad,What are the common symptoms and physiological indicators of various health issues in bitter gourd crops in Odisha?,Plant protection,"7/6/2026, 11:52:54 PM","7/6/2026, 11:53:05 PM",11 S,Within SLA,Yes,Well Framed,English,English,Correct,NIL,Wrongly Tagged as Duplicate,NA,Rimpa Bera,,,,,,,,,,,,,,,,NA,NA,NA,NA,NA,NA,NA,NA,,NA,NA,NA,NA,Yes,Yes,Yes,Provided & Relevant,NA,NA,NA,NA,No,No,No Output,No Output,Both the voice input and output is not working and shows error.,NA,NA,NA,Saved,Saved,Wrongly Identified as Duplicate,NA,Pass,No Defect,NIL,NIL,"The Chat bot does not generate 2 hours disclaimer and the message details are can't be viewed in the reveiw system. Now the system responds, this is unique question but it gives answer based on the reference question ""What are the common physiological disorders in bitter gourd, and how can they be managed through improved cultivation practices in Odisha?"". But the answer is correct.",Expected Output,,,
TL-4389,2026-07-07,T.Vishnu Vardhan,GDB,0.1,NIL,Web App,English,6a4c6a4d3e55f27d8dacb89b,What are the effective management strategies for controlling Rhizome Maggot in ginger crops in Kerala?,Plant protection,08:24:00,08:24:00,0.1,Within SLA,Successfully Identified as Duplicate,Well Framed,English,English,Good,"NIL, no issue",Correctly Tagged as Duplicate,NO,Rimpa Bera,NA,NA,NA,NA,NA,NA,NA,NA,NA,NA,NA,NA,NA,NA,NA,NA,NA,NA,NA,NA,NA,NA,NA,NA,NA,NA,NA,Successfully Identified as Duplicate/Dynamic,Yes,Yes,Successfully Identified as Duplicate,Provided & Relevant,No,Received on Time,Yes,Yes,Yes,Yes,Clear,Clear,Voivc output taking 8-10 seconds to play,NA,NA,NA,Saved,Saved,Successfully Identified as Duplicate,NA,Pass,No Defect,,,GDB question succesfuly identified as duplicate.,Expected Output,,,
TL-4390,2026-07-07,T.Vishnu Vardhan,GDB,0.1,NIL,Web App,English,6a4c6a943e55f27d8dacb8a7,What is the correct application method and frequency for using Carbendazim (COC) to control diseases in ginger crops in Kerala?,Plant protection,08:25:00,08:25:00,0.1,Within SLA,Successfully Identified as Duplicate,Well Framed,English,English,Good,"NIL, no issue",Correctly Tagged as Duplicate,NO,Yash Praveen Khot,NA,NA,NA,NA,NA,NA,NA,NA,NA,NA,NA,NA,NA,NA,NA,NA,NA,NA,NA,NA,NA,NA,NA,NA,NA,NA,NA,Successfully Identified as Duplicate/Dynamic,Yes,Yes,Successfully Identified as Duplicate,Provided & Relevant,No,Received on Time,Yes,Yes,Yes,Yes,Clear,Clear,Voivc output taking 8-10 seconds to play,NA,NA,NA,Saved,Saved,Successfully Identified as Duplicate,NA,Pass,No Defect,,,GDB question succesfuly identified as duplicate.,Expected Output,,,
TL-4391,2026-07-07,T.Vishnu Vardhan,GDB,0.1,NIL,Web App,English,6a4c6ae13e55f27d8dacb8b0,I am interested in procuring the 'Varada' ginger variety developed by the ICAR-Indian Institute of Spices Research (IISR). Could you provide technical details regarding this variety in Kerala?,Seed and Variety Selection,08:26:00,08:26:00,0.1,Within SLA,Successfully Identified as Duplicate,Well Framed,English,English,Good,"NIL, no issue",Correctly Tagged as Duplicate,NO,Suraiya Amin,NA,NA,NA,NA,NA,NA,NA,NA,NA,NA,NA,NA,NA,NA,NA,NA,NA,NA,NA,NA,NA,NA,NA,NA,NA,NA,NA,Successfully Identified as Duplicate/Dynamic,Yes,Yes,Successfully Identified as Duplicate,Provided & Relevant,No,Received on Time,Yes,Yes,Yes,Yes,Clear,Clear,Voivc output taking 8-10 seconds to play,NA,NA,NA,Saved,Saved,Successfully Identified as Duplicate,NA,Pass,No Defect,,,GDB question succesfuly identified as duplicate.,Expected Output,,,
TL-4392,2026-07-07,T.Vishnu Vardhan,GDB,0.1,NIL,Web App,English,6a4c6bae3e55f27d8dacb91a,"What are the symptoms, causes, and management strategies for blight in ginger crops in Kerala?",Plant protection,08:29:00,08:29:00,0.1,Within SLA,Successfully Identified as Duplicate,Well Framed,English,English,Good,"NIL, no issue",Correctly Tagged as Duplicate,NO,Prerna Bharti,NA,NA,NA,NA,NA,NA,NA,NA,NA,NA,NA,NA,NA,NA,NA,NA,NA,NA,NA,NA,NA,NA,NA,NA,NA,NA,NA,Successfully Identified as Duplicate/Dynamic,Yes,Yes,Successfully Identified as Duplicate,Provided & Relevant,No,Received on Time,Yes,Yes,Yes,Yes,Clear,Clear,Voivc output taking 8-10 seconds to play,NA,NA,NA,Saved,Saved,Successfully Identified as Duplicate,NA,Pass,No Defect,,,GDB question succesfuly identified as duplicate.,Expected Output,,,
TL-4393,2026-07-07,T.Vishnu Vardhan,GDB,0.1,NIL,Web App,English,6a4c6bde3e55f27d8dacb925,What is the recommended number of ginger rhizomes to be planted per grow bag for optimal yield in Kerala?,Horticulture & allied agriculture,08:30:00,08:30:00,0.1,Within SLA,Successfully Identified as Duplicate,Well Framed,English,English,Good,"NIL, no issue",Correctly Tagged as Duplicate,NO,Rimpa Bera,NA,NA,NA,NA,NA,NA,NA,NA,NA,NA,NA,NA,NA,NA,NA,NA,NA,NA,NA,NA,NA,NA,NA,NA,NA,NA,NA,Successfully Identified as Duplicate/Dynamic,Yes,Yes,Successfully Identified as Duplicate,Provided & Relevant,No,Received on Time,Yes,Yes,Yes,Yes,Clear,Clear,Voivc output taking 8-10 seconds to play,NA,NA,NA,Saved,Saved,Successfully Identified as Duplicate,NA,Pass,No Defect,,,GDB question succesfuly identified as duplicate.,Expected Output,,,
TL-4394,2026-07-07,T.Vishnu Vardhan,GDB,0.1,NIL,Web App,Telugu,6a4c73833e55f27d8dacb9a1,Where can I get contact details of reliable ginger nurseries near Kozhikode in Kerala?,Seed and Variety Selection,09:03:00,09:03:00,0.1,Within SLA,Successfully Identified as Duplicate,Well Framed,English,Telugu,Good,"NIL, no issue",Correctly Tagged as Duplicate,NO,,NA,NA,NA,NA,NA,NA,NA,NA,NA,NA,NA,NA,NA,NA,NA,NA,NA,NA,NA,NA,NA,NA,NA,NA,NA,NA,NA,Successfully Identified as Duplicate/Dynamic,Yes,Yes,Successfully Identified as Duplicate,Provided & Relevant,No,Received on Time,Yes,Yes,Yes,Yes,Clear,Clear,Voivc output taking 8-10 seconds to play,NA,NA,NA,Saved,Saved,Successfully Identified as Duplicate,NA,Pass,No Defect,,,GDB question succesfuly identified as duplicate.,Expected Output,,,
TL-4395,2026-07-07,T.Vishnu Vardhan,GDB,0.1,NIL,Web App,Telugu,            6a4c76f23e55f27d8dacbab5,What are the average area and general production statistics related to ginger cultivation in Kerala?,Horticulture & allied agriculture,09:18:00,09:03:00,0.1,Within SLA,Successfully Identified as Duplicate,Well Framed,English,Telugu,Good,"NIL, no issue",Correctly Tagged as Duplicate,NO,,NA,NA,NA,NA,NA,NA,NA,NA,NA,NA,NA,NA,NA,NA,NA,NA,NA,NA,NA,NA,NA,NA,NA,NA,NA,NA,NA,Successfully Identified as Duplicate/Dynamic,Yes,Yes,Successfully Identified as Duplicate,Provided & Relevant,No,Received on Time,Yes,Yes,Yes,Yes,Clear,Clear,Voivc output taking 8-10 seconds to play,NA,NA,NA,Saved,Saved,Successfully Identified as Duplicate,NA,Pass,No Defect,,,GDB question succesfuly identified as duplicate.,Expected Output,,,
TL-4397,2026-07-07,T.Vishnu Vardhan,GDB,0.1,NIL,Web App,English,6a4c81aa3e55f27d8dacbef9,What is the standard procedure and technical process for the production of high-quality ginger powder in Kerala?,Post-Harvest Management and Storage,10:03:00,10:03:00,0.1,Within SLA,Successfully Identified as Duplicate,Well Framed,English,English,Good,"NIL, no issue",Correctly Tagged as Duplicate,NO,,NA,NA,NA,NA,NA,NA,NA,NA,NA,NA,NA,NA,NA,NA,NA,NA,NA,NA,NA,NA,NA,NA,NA,NA,NA,NA,NA,Successfully Identified as Duplicate/Dynamic,Yes,Yes,Successfully Identified as Duplicate,Provided & Relevant,No,Received on Time,Yes,Yes,Yes,Yes,Clear,Clear,Voivc output taking 8-10 seconds to play,NA,NA,NA,Saved,Saved,Successfully Identified as Duplicate,NA,Pass,No Defect,,,GDB question succesfuly identified as duplicate.,Expected Output,,,
TL-4399,2026-07-07,T.Vishnu Vardhan,GDB,0.1,NIL,Web App,English,6a4c84f63e55f27d8dacc09f,Is it possible to use ginger rhizomes that show symptoms of fungal rot in the soil as seed material for the next cropping season in Kerala?,Seed and Variety Selection,10:17:00,10:17:00,0.1,Within SLA,Successfully Identified as Duplicate,Well Framed,English,English,Good,"NIL, no issue",Correctly Tagged as Duplicate,NO,,NA,NA,NA,NA,NA,NA,NA,NA,NA,NA,NA,NA,NA,NA,NA,NA,NA,NA,NA,NA,NA,NA,NA,NA,NA,NA,NA,Successfully Identified as Duplicate/Dynamic,Yes,Yes,Successfully Identified as Duplicate,Provided & Relevant,No,Received on Time,Yes,Yes,Yes,Yes,Clear,Clear,Voivc output taking 8-10 seconds to play,NA,NA,NA,Saved,Saved,Successfully Identified as Duplicate,NA,Pass,No Defect,,,GDB question succesfuly identified as duplicate.,Expected Output,,,
TL-4400,2026-07-07,T.Vishnu Vardhan,GDB,0.1,NIL,Web App,English,6a4c84fe3e55f27d8dacc0a1,What are the recommended fungicide treatments for managing fungal diseases in ginger crops in Kerala?,Plant protection,10:17:00,10:17:00,0.1,Within SLA,Successfully Identified as Duplicate,Well Framed,English,English,Good,"NIL, no issue",Correctly Tagged as Duplicate,NO,Dev Jagdishbhai Bhutiya,NA,NA,NA,NA,NA,NA,NA,NA,NA,NA,NA,NA,NA,NA,NA,NA,NA,NA,NA,NA,NA,NA,NA,NA,NA,NA,NA,Successfully Identified as Duplicate/Dynamic,Yes,Yes,Successfully Identified as Duplicate,Provided & Relevant,No,Received on Time,Yes,Yes,Yes,Yes,Clear,Clear,Voivc output taking 8-10 seconds to play,NA,NA,NA,Saved,Saved,Successfully Identified as Duplicate,NA,Pass,No Defect,,,GDB question succesfuly identified as duplicate.,Expected Output,,,
TL-4401,2026-07-07,T.Vishnu Vardhan,GDB,0.1,NIL,Web App,English,6a4c8d303e55f27d8dacc1f3,What is the recommended dosage and application method for Mancozeb in ginger cultivation to control fungal diseases in Kerala? ,Plant protection,10:52:00,10:52:00,0.1,Within SLA,Successfully Identified as Duplicate,Well Framed,English,English,Good,"NIL, no issue",Correctly Tagged as Duplicate,NO,B Sasidhar,NA,NA,NA,NA,NA,NA,NA,NA,NA,NA,NA,NA,NA,NA,NA,NA,NA,NA,NA,NA,NA,NA,NA,NA,NA,NA,NA,Successfully Identified as Duplicate/Dynamic,Yes,Yes,Successfully Identified as Duplicate,Provided & Relevant,No,Received on Time,Yes,Yes,Yes,Yes,Clear,Clear,Voivc output taking 8-10 seconds to play,NA,NA,NA,Saved,Saved,Successfully Identified as Duplicate,NA,Pass,No Defect,,,GDB question succesfuly identified as duplicate.,Expected Output,,,
TL-4402,2026-07-07,T.Vishnu Vardhan,GDB,0.1,NIL,Web App,English,6a4c8d923e55f27d8dacc1fc,What is the appropriate application of gypsum for ginger cultivation when the soil pH is 7.1 in Kerala?,Soil Health and Nutrient Management,10:54:00,10:54:00,0.1,Within SLA,Successfully Identified as Duplicate,Well Framed,English,English,Good,"NIL, no issue",Correctly Tagged as Duplicate,NO,,NA,NA,NA,NA,NA,NA,NA,NA,NA,NA,NA,NA,NA,NA,NA,NA,NA,NA,NA,NA,NA,NA,NA,NA,NA,NA,NA,Successfully Identified as Duplicate/Dynamic,Yes,Yes,Successfully Identified as Duplicate,Provided & Relevant,No,Received on Time,Yes,Yes,Yes,Yes,Clear,Clear,Voivc output taking 8-10 seconds to play,NA,NA,NA,Saved,Saved,Successfully Identified as Duplicate,NA,Pass,No Defect,,,GDB question succesfuly identified as duplicate.,Expected Output,,,
TL-4403,2026-07-07,T.Vishnu Vardhan,GDB,0.1,NIL,Web App,English,6a4c8ddc3e55f27d8dacc233,How can I increase the chlorophyll content in ginger leaves and promote better plant height through hormonal or nutritional sprays in Kerala?,Soil Health and Nutrient Management,10:55:00,10:55:00,0.1,Within SLA,Successfully Identified as Duplicate,Well Framed,English,English,Good,"NIL, no issue",Correctly Tagged as Duplicate,NO,Atul Raj,NA,NA,NA,NA,NA,NA,NA,NA,NA,NA,NA,NA,NA,NA,NA,NA,NA,NA,NA,NA,NA,NA,NA,NA,NA,NA,NA,Successfully Identified as Duplicate/Dynamic,Yes,Yes,Successfully Identified as Duplicate,Provided & Relevant,No,Received on Time,Yes,Yes,Yes,Yes,Clear,Clear,Voivc output taking 8-10 seconds to play,NA,NA,NA,Saved,Saved,Successfully Identified as Duplicate,NA,Pass,No Defect,,,GDB question succesfuly identified as duplicate.,Expected Output,,,
TL-4414,2026-07-07,Ithagani Shireesha,GDB,0.1,NIL,Web App,English,1f179ad0-c38d-6041-8005-e4e7f32ca2e7,"What are the causes, symptoms, and management strategies for rhizome rot in ginger crops in Kerala?",Plant protection,08:09:00,08:09:16,9sec,Within SLA,Yes,Well Framed,English,English,Correct,NIL,Correctly Tagged as Duplicate,Yes,Deepak S R,NA,NA,NA,NA,NA,NA,NA,NA,NA,NA,NA,NA,NA,NA,NA,NA,NA,NA,NA,NA,NA,NA,NA,NA,NA,NA,NA,Successfully Identified as Duplicate/Dynamic,Yes,Yes,Yes,Provided and relevant,NA,Received on Time,NA,NA,Yes,No,Yes,No Output,NO VOICE OUTPUT,NA,NA,NA,Saved,Saved,Successfully Identified as Duplicate,NA,PARTIAL,No Defect,NIL,NIL,No voice output,Anomaly Found in Output,,,
TL-4415,2026-07-07,Ithagani Shireesha,GDB,0.1,NIL,Web App,English,1f179adc-fc2c-6531-8005-da9a29fda54a,"What are the causes, symptoms, and management strategies for fungal diseases in ginger crops in Kerala?",Plant protection,08:14:00,08:14:44,14sec,Within SLA,Yes,Well Framed,English,English,Correct,NIL,Correctly Tagged as Duplicate,Yes,Bisen Nupur Chandrakumar,NA,NA,NA,NA,NA,NA,NA,NA,NA,NA,NA,NA,NA,NA,NA,NA,NA,NA,NA,NA,NA,NA,NA,NA,NA,NA,NA,Successfully Identified as Duplicate/Dynamic,Yes,Yes,Yes,Provided and relevant,NA,Received on Time,NA,NA,Yes,No,Yes,No Output,NO VOICE OUTPUT,NA,NA,NA,Saved,Saved,Successfully Identified as Duplicate,NA,PARTIAL,No Defect,NIL,NIL,No voice output,Anomaly Found in Output,,,
TL-4416,2026-07-07,Ithagani Shireesha,GDB,0.1,NIL,Web App,English,1f179ae0-3fe3-6d9a-8005-15b2a3157b6f,What are the recommended seed treatment protocols for ginger to ensure healthy crop establishment and prevent soil-borne diseases in Kerala?,Plant protection,08:16:00,08:16:12,16sec,Within SLA,Yes,Well Framed,English,English,Correct,NIL,Correctly Tagged as Duplicate,Yes,Gontyala Veena,NA,NA,NA,NA,NA,NA,NA,NA,NA,NA,NA,NA,NA,NA,NA,NA,NA,NA,NA,NA,NA,NA,NA,NA,NA,NA,NA,Successfully Identified as Duplicate/Dynamic,Yes,Yes,Yes,Provided and relevant,NA,Received on Time,NA,NA,Yes,No,Yes,No Output,NO VOICE OUTPUT,NA,NA,NA,Saved,Saved,Successfully Identified as Duplicate,NA,PARTIAL,No Defect,NIL,NIL,No voice output,Anomaly Found in Output,,,
TL-4417,2026-07-07,Ithagani Shireesha,GDB,0.1,NIL,Web App,English,1f179ae4-fde4-63b4-8005-3447b93a646c,"What are the causes of yellowing in ginger plants, and how can it be effectively managed in Kerala?",Plant protection,08:18:00,08:18:19,18sec,Within SLA,Yes,Well Framed,English,English,Correct,NIL,Correctly Tagged as Duplicate,Yes,Atul Raj,NA,NA,NA,NA,NA,NA,NA,NA,NA,NA,NA,NA,NA,NA,NA,NA,NA,NA,NA,NA,NA,NA,NA,NA,NA,NA,NA,Successfully Identified as Duplicate/Dynamic,Yes,Yes,Yes,Provided and relevant,NA,Received on Time,NA,NA,Yes,No,Yes,No Output,NO VOICE OUTPUT,NA,NA,NA,Saved,Saved,Successfully Identified as Duplicate,NA,PARTIAL,No Defect,NIL,NIL,No voice output,Anomaly Found in Output,,,
TL-4418,2026-07-07,Ithagani Shireesha,GDB,0.1,NIL,Web App,English,1f179aea-17a5-6b8d-8005-c7853ae3f1d1,"What are the causes, symptoms, and management strategies for soft rot in ginger crops in Kerala?",Plant protection,08:20:00,08:20:36,20sec,Within SLA,Yes,Well Framed,English,English,Correct,NIL,Correctly Tagged as Duplicate,Yes,Jayashree N,NA,NA,NA,NA,NA,NA,NA,NA,NA,NA,NA,NA,NA,NA,NA,NA,NA,NA,NA,NA,NA,NA,NA,NA,NA,NA,NA,Successfully Identified as Duplicate/Dynamic,Yes,Yes,Yes,Provided and relevant,NA,Received on Time,NA,NA,Yes,No,Yes,No Output,NO VOICE OUTPUT,NA,NA,NA,Saved,Saved,Successfully Identified as Duplicate,NA,PARTIAL,No Defect,NIL,NIL,No voice output,Anomaly Found in Output,,,
TL-4419,2026-07-07,Ithagani Shireesha,GDB,0.1,NIL,Web App,English,1f179aee-0377-675f-8005-6db43bb658fe,What are the best practices for field preparation and land management for ginger cultivation in Kerala?,Cultural and Crop Management Practices,08:22:00,08:22:21,22sec,Within SLA,Yes,Well Framed,English,English,Correct,NIL,Correctly Tagged as Duplicate,Yes,Sapanpreet Kaur,NA,NA,NA,NA,NA,NA,NA,NA,NA,NA,NA,NA,NA,NA,NA,NA,NA,NA,NA,NA,NA,NA,NA,NA,NA,NA,NA,Successfully Identified as Duplicate/Dynamic,Yes,Yes,Yes,Provided and relevant,NA,Received on Time,NA,NA,Yes,No,Yes,No Output,NO VOICE OUTPUT,NA,NA,NA,Saved,Saved,Successfully Identified as Duplicate,NA,PARTIAL,No Defect,NIL,NIL,No voice output,Anomaly Found in Output,,,
TL-4420,2026-07-07,Ithagani Shireesha,GDB,0.1,NIL,Web App,English,1f179af2-a345-61e0-8005-ff401149e584,What is the ideal planting season and cultivation timeline for ginger crops in Kerala?,Cultural and Crop Management Practices,08:24:00,08:24:25,24sec,Within SLA,Yes,Well Framed,English,English,Correct,NIL,Correctly Tagged as Duplicate,Yes,Jayashree N,NA,NA,NA,NA,NA,NA,NA,NA,NA,NA,NA,NA,NA,NA,NA,NA,NA,NA,NA,NA,NA,NA,NA,NA,NA,NA,NA,Successfully Identified as Duplicate/Dynamic,Yes,Yes,Yes,Provided and relevant,NA,Received on Time,NA,NA,Yes,No,Yes,No Output,NO VOICE OUTPUT,NA,NA,NA,Saved,Saved,Successfully Identified as Duplicate,NA,PARTIAL,No Defect,NIL,NIL,No voice output,Anomaly Found in Output,,,
TL-4421,2026-07-07,Ithagani Shireesha,GDB,0.1,NIL,Web App,English,1f179af8-5db3-691d-8005-fc7ebc500d7a,What are the best practices for ensuring the availability and quality of ginger rhizomes for planting in Kerala?,Seed and Variety Selection,08:27:00,08:26:59,26sec,Within SLA,Yes,Well Framed,English,English,Correct,NIL,Correctly Tagged as Duplicate,Yes,Aditi Dhadwal,NA,NA,NA,NA,NA,NA,NA,NA,NA,NA,NA,NA,NA,NA,NA,NA,NA,NA,NA,NA,NA,NA,NA,NA,NA,NA,NA,Successfully Identified as Duplicate/Dynamic,Yes,Yes,Yes,Provided and relevant,NA,Received on Time,NA,NA,Yes,No,Yes,No Output,NO VOICE OUTPUT,NA,NA,NA,Saved,Saved,Successfully Identified as Duplicate,NA,PARTIAL,No Defect,NIL,NIL,No voice output,Anomaly Found in Output,,,
TL-4422,2026-07-07,Ithagani Shireesha,GDB,0.1,NIL,Web App,English,1f179b04-3598-6e2d-8005-fb34f226d839,What are the best practices and methods for the proper storage of ginger rhizomes to prevent spoilage and maintain quality in Kerala?,Horticulture & allied agriculture,08:32:00,08:32:17,32sec,Within SLA,Yes,Well Framed,English,English,Correct,NIL,Correctly Tagged as Duplicate,Yes,Atheshwar R,NA,NA,NA,NA,NA,NA,NA,NA,NA,NA,NA,NA,NA,NA,NA,NA,NA,NA,NA,NA,NA,NA,NA,NA,NA,NA,NA,Successfully Identified as Duplicate/Dynamic,Yes,Yes,Yes,Provided and relevant,NA,Received on Time,NA,NA,Yes,No,Yes,No Output,NO VOICE OUTPUT,NA,NA,NA,Saved,Saved,Successfully Identified as Duplicate,NA,PARTIAL,No Defect,NIL,NIL,No voice output,Anomaly Found in Output,,,
TL-4423,2026-07-07,Ithagani Shireesha,GDB,0.1,NIL,Web App,English,1f179b09-207b-6ffb-8005-b2da397d32b2,How can Bordeaux mixture be effectively used for disease management in ginger cultivation in Kerala?,Plant protection,08:34:00,08:34:29,34sec,Within SLA,Yes,Well Framed,English,English,Correct,NIL,Correctly Tagged as Duplicate,Yes,Gontyala Veena,NA,NA,NA,NA,NA,NA,NA,NA,NA,NA,NA,NA,NA,NA,NA,NA,NA,NA,NA,NA,NA,NA,NA,NA,NA,NA,NA,Successfully Identified as Duplicate/Dynamic,Yes,Yes,Yes,Provided and relevant,NA,Received on Time,NA,NA,Yes,No,Yes,No Output,NO VOICE OUTPUT,NA,NA,NA,Saved,Saved,Successfully Identified as Duplicate,NA,PARTIAL,No Defect,NIL,NIL,No voice output,Anomaly Found in Output,,,
TL-4424,2026-07-07,Ithagani Shireesha,GDB,0.1,NIL,Web App,English,1f179b0e-caee-6a48-8005-cff6804f6189,"What are the causes, symptoms, and management strategies for Foot Rot in ginger crops in Kerala?",Plant protection,08:37:00,08:37:01,37sec,Within SLA,Yes,Well Framed,English,English,Correct,NIL,Correctly Tagged as Duplicate,Yes,Jayashree N,NA,NA,NA,NA,NA,NA,NA,NA,NA,NA,NA,NA,NA,NA,NA,NA,NA,NA,NA,NA,NA,NA,NA,NA,NA,NA,NA,Successfully Identified as Duplicate/Dynamic,Yes,Yes,Yes,Provided and relevant,NA,Received on Time,NA,NA,Yes,No,Yes,No Output,NO VOICE OUTPUT,NA,NA,NA,Saved,Saved,Successfully Identified as Duplicate,NA,PARTIAL,No Defect,NIL,NIL,No voice output,Anomaly Found in Output,,,
TL-4425,2026-07-07,Ithagani Shireesha,GDB,0.1,NIL,Web App,English,1f179b12-3bde-6cf5-8005-07c8533c88b2,What is the appropriate time and method for harvesting ginger crops to ensure maximum yield and quality in Kerala?,Cultural and Crop Management Practices,08:38:00,08:38:34,38sec,Within SLA,Yes,Well Framed,English,English,Correct,NIL,Correctly Tagged as Duplicate,Yes,Aditi Dhadwal,NA,NA,NA,NA,NA,NA,NA,NA,NA,NA,NA,NA,NA,NA,NA,NA,NA,NA,NA,NA,NA,NA,NA,NA,NA,NA,NA,Successfully Identified as Duplicate/Dynamic,Yes,Yes,Yes,Provided and relevant,NA,Received on Time,NA,NA,Yes,No,Yes,No Output,NO VOICE OUTPUT,NA,NA,NA,Saved,Saved,Successfully Identified as Duplicate,NA,PARTIAL,No Defect,NIL,NIL,No voice output,Anomaly Found in Output,,,
TL-4426,2026-07-07,Ithagani Shireesha,GDB,0.1,NIL,Web App,English,1f179b1c-0bb7-6838-8005-9be80045f2fd,What is the correct method and application procedure for using Pseudomonas in ginger cultivation in Kerala?,Bio-fertilizers and Bio-pesticides,08:42:00,08:42:57,42sec,Within SLA,Yes,Well Framed,English,English,Correct,NIL,Correctly Tagged as Duplicate,Yes,Gontyala Veena,NA,NA,NA,NA,NA,NA,NA,NA,NA,NA,NA,NA,NA,NA,NA,NA,NA,NA,NA,NA,NA,NA,NA,NA,NA,NA,NA,Successfully Identified as Duplicate/Dynamic,Yes,Yes,Yes,Provided and relevant,NA,Received on Time,NA,NA,Yes,No,Yes,No Output,NO VOICE OUTPUT,NA,NA,NA,Saved,Saved,Successfully Identified as Duplicate,NA,PARTIAL,No Defect,NIL,NIL,No voice output,Anomaly Found in Output,,,
TL-4427,2026-07-07,Ithagani Shireesha,GDB,0.1,NIL,Web App,English,1f179b23-f1ab-6539-8005-aeb235c977e7,Which are the most suitable and high-yielding varieties of ginger for commercial cultivation in Kerala?,Seed and Variety Selection,08:46:00,08:46:29,46sec,Within SLA,Yes,Well Framed,English,English,Correct,NIL,Correctly Tagged as Duplicate,Yes,Ravindra Prasad,NA,NA,NA,NA,NA,NA,NA,NA,NA,NA,NA,NA,NA,NA,NA,NA,NA,NA,NA,NA,NA,NA,NA,NA,NA,NA,NA,Successfully Identified as Duplicate/Dynamic,Yes,Yes,Yes,Provided and relevant,NA,Received on Time,NA,NA,Yes,No,Yes,No Output,NO VOICE OUTPUT,NA,NA,NA,Saved,Saved,Successfully Identified as Duplicate,NA,PARTIAL,No Defect,NIL,NIL,No voice output,Anomaly Found in Output,,,
TL-4428,2026-07-07,Ithagani Shireesha,GDB,0.1,NIL,Web App,English,1f179b27-c7b4-665b-8005-32cbacaaebf8,What is the recommended spacing and planting pattern for optimal ginger cultivation in Kerala?,Cultural and Crop Management Practices,08:48:00,08:48:12,48sec,Within SLA,Yes,Well Framed,English,English,Correct,NIL,Correctly Tagged as Duplicate,Yes,Sapanpreet Kaur,NA,NA,NA,NA,NA,NA,NA,NA,NA,NA,NA,NA,NA,NA,NA,NA,NA,NA,NA,NA,NA,NA,NA,NA,NA,NA,NA,Successfully Identified as Duplicate/Dynamic,Yes,Yes,Yes,Provided and relevant,NA,Received on Time,NA,NA,Yes,No,Yes,No Output,NO VOICE OUTPUT,NA,NA,NA,Saved,Saved,Successfully Identified as Duplicate,NA,PARTIAL,No Defect,NIL,NIL,No voice output,Anomaly Found in Output,,,
TL-4429,2026-07-07,Ithagani Shireesha,GDB,0.1,NIL,Web App,English,1f179b2c-faba-6413-8005-a76ad26995da,What are the effective management strategies for controlling leaf eater caterpillars in ginger crops in Kerala?,Plant protection,08:50:00,08:50:32,50sec,Within SLA,Yes,Well Framed,English,English,Correct,NIL,Correctly Tagged as Duplicate,Yes,Dheeraj Sharma,NA,NA,NA,NA,NA,NA,NA,NA,NA,NA,NA,NA,NA,NA,NA,NA,NA,NA,NA,NA,NA,NA,NA,NA,NA,NA,NA,Successfully Identified as Duplicate/Dynamic,Yes,Yes,Yes,Provided and relevant,NA,Received on Time,NA,NA,Yes,No,Yes,No Output,NO VOICE OUTPUT,NA,NA,NA,Saved,Saved,Successfully Identified as Duplicate,NA,PARTIAL,No Defect,NIL,NIL,No voice output,Anomaly Found in Output,,,
TL-4430,2026-07-07,Ithagani Shireesha,GDB,0.1,NIL,Web App,English,1f179b31-ccf2-6f4f-8005-880afa1c4a02,How can I identify and manage the Rhizome Weevil infestation in ginger crops in Kerala?,Plant protection,08:52:00,08:52:41,52sec,Within SLA,Yes,Well Framed,English,English,Correct,NIL,Correctly Tagged as Duplicate,Yes,Mohammad Saleem Paasha,NA,NA,NA,NA,NA,NA,NA,NA,NA,NA,NA,NA,NA,NA,NA,NA,NA,NA,NA,NA,NA,NA,NA,NA,NA,NA,NA,Successfully Identified as Duplicate/Dynamic,Yes,Yes,Yes,Provided and relevant,NA,Received on Time,NA,NA,Yes,No,Yes,No Output,NO VOICE OUTPUT,NA,NA,NA,Saved,Saved,Successfully Identified as Duplicate,NA,PARTIAL,No Defect,NIL,NIL,No voice output,Anomaly Found in Output,,,
TL-4431,2026-07-07,Ithagani Shireesha,GDB,0.1,NIL,Web App,English,1f179b37-945e-6d75-8005-f516f709c01e,What is the recommended seed rate for planting ginger in a 10-cent land area in Kerala?,Soil Health and Nutrient Management,08:55:00,08:55:16,55sec,Within SLA,Yes,Well Framed,English,English,Correct,NIL,Correctly Tagged as Duplicate,Yes,Atheshwar R,NA,NA,NA,NA,NA,NA,NA,NA,NA,NA,NA,NA,NA,NA,NA,NA,NA,NA,NA,NA,NA,NA,NA,NA,NA,NA,NA,Successfully Identified as Duplicate/Dynamic,Yes,Yes,Yes,Provided and relevant,NA,Received on Time,NA,NA,Yes,No,Yes,No Output,NO VOICE OUTPUT,NA,NA,NA,Saved,Saved,Successfully Identified as Duplicate,NA,PARTIAL,No Defect,NIL,NIL,No voice output,Anomaly Found in Output,,,
TL-4432,2026-07-07,Ithagani Shireesha,GDB,0.1,NIL,Web App,English,1f179b4c-b2fc-69f3-8005-85b3dc861d0e,What is the appropriate dosage and application method for using Pseudomonas to control diseases in ginger crops in Kerala?,Bio-fertilizers and Bio-pesticides,09:04:00,09:04:43,4sec,Within SLA,Yes,Well Framed,English,English,Correct,NIL,Correctly Tagged as Duplicate,Yes,Gontyala Veena,NA,NA,NA,NA,NA,NA,NA,NA,NA,NA,NA,NA,NA,NA,NA,NA,NA,NA,NA,NA,NA,NA,NA,NA,NA,NA,NA,Successfully Identified as Duplicate/Dynamic,Yes,Yes,Yes,Provided and relevant,NA,Received on Time,NA,NA,Yes,No,Yes,No Output,NO VOICE OUTPUT,NA,NA,NA,Saved,Saved,Successfully Identified as Duplicate,NA,PARTIAL,No Defect,NIL,NIL,No voice output,Anomaly Found in Output,,,
TL-4433,2026-07-07,Ithagani Shireesha,GDB,0.1,NIL,Web App,English,1f179b54-5277-629c-8005-f325b449a914,What is the appropriate method and dosage for applying lime to improve soil quality in ginger cultivation in Kerala?,Soil Health and Nutrient Management,09:08:00,09:08:08,8sec,Within SLA,Yes,Well Framed,English,English,Correct,NIL,Correctly Tagged as Duplicate,Yes,Soumya R,NA,NA,NA,NA,NA,NA,NA,NA,NA,NA,NA,NA,NA,NA,NA,NA,NA,NA,NA,NA,NA,NA,NA,NA,NA,NA,NA,Successfully Identified as Duplicate/Dynamic,Yes,Yes,Yes,Provided and relevant,NA,Received on Time,NA,NA,Yes,No,Yes,No Output,NO VOICE OUTPUT,NA,NA,NA,Saved,Saved,Successfully Identified as Duplicate,NA,PARTIAL,No Defect,NIL,NIL,No voice output,Anomaly Found in Output,,,
TL-4434,2026-07-07,Ithagani Shireesha,GDB,0.1,NIL,Web App,English,1f179b5b-032f-69de-8005-886c3282de0b,What is the recommended method and dosage for applying organic manure in ginger cultivation to ensure optimal rhizome development in Kerala?,Soil Health and Nutrient Management,09:11:00,09:11:07,11sec,Within SLA,Yes,Well Framed,English,English,Correct,NIL,Correctly Tagged as Duplicate,Yes,Aditi Dhadwal,NA,NA,NA,NA,NA,NA,NA,NA,NA,NA,NA,NA,NA,NA,NA,NA,NA,NA,NA,NA,NA,NA,NA,NA,NA,NA,NA,Successfully Identified as Duplicate/Dynamic,Yes,Yes,Yes,Provided and relevant,NA,Received on Time,NA,NA,Yes,No,Yes,No Output,NO VOICE OUTPUT,NA,NA,NA,Saved,Saved,Successfully Identified as Duplicate,NA,PARTIAL,No Defect,NIL,NIL,No voice output,Anomaly Found in Output,,,
TL-4435,2026-07-07,Ithagani Shireesha,GDB,0.1,NIL,Web App,English,1f179b62-3f57-69a9-8005-028c8756d152,What are the key agronomic practices and management strategies to maximize rhizome weight and yield in ginger cultivation in Kerala?,Soil Health and Nutrient Management,09:14:00,09:14:21,14sec,Within SLA,Yes,Well Framed,English,English,Correct,NIL,Correctly Tagged as Duplicate,Yes,Lakshmi Ranganath C J,NA,NA,NA,NA,NA,NA,NA,NA,NA,NA,NA,NA,NA,NA,NA,NA,NA,NA,NA,NA,NA,NA,NA,NA,NA,NA,NA,Successfully Identified as Duplicate/Dynamic,Yes,Yes,Yes,Provided and relevant,NA,Received on Time,NA,NA,Yes,No,Yes,No Output,NO VOICE OUTPUT,NA,NA,NA,Saved,Saved,Successfully Identified as Duplicate,NA,PARTIAL,No Defect,NIL,NIL,No voice output,Anomaly Found in Output,,,
TL-4436,2026-07-07,Ithagani Shireesha,GDB,0.1,NIL,Web App,English,1f179b66-b76e-6942-8005-21fcdcd661fb,"What are the characteristics, cultivation requirements, and significance of Black Ginger in Kerala?",Cultural and Crop Management Practices,09:16:00,09:16:21,16sec,Within SLA,Yes,Well Framed,English,English,Correct,NIL,Correctly Tagged as Duplicate,Yes,: Varsha Shekhar,NA,NA,NA,NA,NA,NA,NA,NA,NA,NA,NA,NA,NA,NA,NA,NA,NA,NA,NA,NA,NA,NA,NA,NA,NA,NA,NA,Successfully Identified as Duplicate/Dynamic,Yes,Yes,Yes,Provided and relevant,NA,Received on Time,NA,NA,Yes,No,Yes,No Output,NO VOICE OUTPUT,NA,NA,NA,Saved,Saved,Successfully Identified as Duplicate,NA,PARTIAL,No Defect,NIL,NIL,No voice output,Anomaly Found in Output,,,
TL-4437,2026-07-07,Ithagani Shireesha,GDB,0.1,NIL,Web App,English,1f179b78-cb08-6712-8005-d7832bbf90d8,How can I contact or locate the District Agricultural Farm for technical assistance and guidance regarding ginger cultivation in Kerala?,Cultural and Crop Management Practices,09:24:00,09:24:27,24sec,Within SLA,Yes,Well Framed,English,English,Correct,NIL,Correctly Tagged as Duplicate,Yes,Dev Jagdishbhai Bhutiya,NA,NA,NA,NA,NA,NA,NA,NA,NA,NA,NA,NA,NA,NA,NA,NA,NA,NA,NA,NA,NA,NA,NA,NA,NA,NA,NA,Successfully Identified as Duplicate/Dynamic,Yes,Yes,Yes,Provided and relevant,NA,Received on Time,NA,NA,Yes,No,Yes,No Output,NO VOICE OUTPUT,NA,NA,NA,Saved,Saved,Successfully Identified as Duplicate,NA,PARTIAL,No Defect,NIL,NIL,No voice output,Anomaly Found in Output,,,
TL-4438,2026-07-07,Ithagani Shireesha,GDB,0.1,NIL,Web App,English,1f179b7f-0f65-6d4b-8005-d9f99fcaa3e6,"What are the causes, symptoms, and management strategies for stem rot in ginger crops in Kerala?",Plant protection,09:27:00,", 9:27:15 AM",27sec,Within SLA,Yes,Well Framed,English,English,Correct,NIL,Correctly Tagged as Duplicate,Yes,Jayashree N,NA,NA,NA,NA,NA,NA,NA,NA,NA,NA,NA,NA,NA,NA,NA,NA,NA,NA,NA,NA,NA,NA,NA,NA,NA,NA,NA,Successfully Identified as Duplicate/Dynamic,Yes,Yes,Yes,Provided and relevant,NA,Received on Time,NA,NA,Yes,No,Yes,No Output,NO VOICE OUTPUT,NA,NA,NA,Saved,Saved,Successfully Identified as Duplicate,NA,PARTIAL,No Defect,NIL,NIL,No voice output,Anomaly Found in Output,,,
TL-4514,2026-07-07,Joydeep,UNIQUE,0.1,NIL,Web App,English,6a4ccdfd390bd1df8a54318b,"What are the symptoms of potassium (potash) deficiency in cucumber crops, and how can it be effectively managed in Odisha? ",Plant protection,15:29:25,15:29:25,10.0,SLA Breached,Successfully Identified as Duplicate,Well Framed,ENGLISH,English,CORRECT,NIL,Correctly Tagged as Duplicate,NA,Bisen,NA,NA,NA,Deepika Rathore,NA,NA,NA,Suraiya Amin,NA,NA,NA,Atul,NA,NA,NA,NA,NA,NA,NA,NA,NA,NA,NA,NA,NA,NA,NA,Successfully Identified as Duplicate/Dynamic,Yes,Yes,Yes,Provided & Relevant,Successfully Identified as Duplicate/Dynamic,Received on Time,Yes,Yes,Yes,Yes,YES,Clear,NA,NA,NA,NA,SAVED,Saved,Successfully Identified as Duplicate,Yes,Pass,No Defect,,,,Pending,,,
TL-4515,2026-07-07,Joydeep,UNIQUE,0.1,NIL,Web App,English,6a4ccead390bd1df8a543225,"What are the causes, symptoms, and management strategies for Dieback disease in cucumber crops in Odisha?",Plant protection,15:32:21,15:32:21,10.0,SLA Breached,Successfully Identified as Duplicate,Well Framed,ENGLISH,English,CORRECT,NIL,Correctly Tagged as Duplicate,NA,Soumya R,NA,NA,NA,Deepika Rathore,NA,NA,NA,Jahnavi Gaddam,NA,NA,NA,Atul,NA,NA,NA,NA,NA,NA,NA,NA,NA,NA,NA,NA,NA,NA,NA,Successfully Identified as Duplicate/Dynamic,Yes,Yes,Yes,Provided & Relevant,Successfully Identified as Duplicate/Dynamic,Received on Time,Yes,Yes,Yes,Yes,YES,Clear,NA,NA,NA,NA,SAVED,Saved,Successfully Identified as Duplicate,Yes,Pass,No Defect,,,,Pending,,,
TL-4516,2026-07-07,Joydeep,UNIQUE,0.1,NIL,Web App,English,"6a4ccf29390bd1df8a543252""",What are the key considerations and advantages of using F1 hybrid seeds for cucumber cultivation in Odisha?,Seed and Variety Selection,15:34:25,15:34:25,10.0,SLA Breached,Successfully Identified as Duplicate,Well Framed,ENGLISH,English,CORRECT,NIL,Correctly Tagged as Duplicate,NA,Suresh Bhardwaj,NA,NA,NA,Deepika Rathore,NA,NA,NA,Mohammad,NA,NA,NA,Jahnavi Gaddam,NA,NA,NA,NA,NA,NA,NA,NA,NA,NA,NA,NA,NA,NA,NA,Successfully Identified as Duplicate/Dynamic,Yes,Yes,Yes,Provided & Relevant,Successfully Identified as Duplicate/Dynamic,Received on Time,Yes,Yes,Yes,Yes,YES,Clear,NA,NA,NA,NA,SAVED,Saved,Successfully Identified as Duplicate,Yes,Pass,No Defect,,,,Pending,,,
TL-4517,2026-07-07,Joydeep,UNIQUE,0.1,NIL,Web App,English,6a4ccf86390bd1df8a5432a3,"What are the primary causes of poor or failed germination in cucumber seeds, and how can this issue be managed in Odisha?",Plant protection,15:35:58,15:35:58,10.0,SLA Breached,Successfully Identified as Duplicate,Well Framed,ENGLISH,English,CORRECT,NIL,Correctly Tagged as Duplicate,NA,Varsha Shekhar,NA,NA,NA,Suraiya Amin,NA,NA,NA,Deepika Rathore,NA,NA,NA,Atul,NA,NA,NA,NA,NA,NA,NA,NA,NA,NA,NA,NA,NA,NA,NA,Successfully Identified as Duplicate/Dynamic,Yes,Yes,Yes,Provided & Relevant,Successfully Identified as Duplicate/Dynamic,Received on Time,Yes,Yes,Yes,Yes,YES,Clear,NA,NA,NA,NA,SAVED,Saved,Successfully Identified as Duplicate,Yes,Pass,No Defect,,,,Pending,,,
TL-4518,2026-07-07,Joydeep,UNIQUE,0.1,NIL,Web App,English,6a4cd087390bd1df8a543373,What is the recommended first dose of fertilizers for a newly planted cucumber crop in Odisha?,Soil Health and Nutrient Management,15:40:15,15:40:15,10.0,SLA Breached,Successfully Identified as Duplicate,Well Framed,ENGLISH,English,CORRECT,NIL,Correctly Tagged as Duplicate,NA,Bisen,NA,NA,NA,Deepika Rathore,NA,NA,NA,Jahnavi Gaddam,NA,NA,NA,Suraiya Amin,NA,NA,NA,NA,NA,NA,NA,NA,NA,NA,NA,NA,NA,NA,NA,Successfully Identified as Duplicate/Dynamic,Yes,Yes,Yes,Provided & Relevant,Successfully Identified as Duplicate/Dynamic,Received on Time,Yes,Yes,Yes,Yes,YES,Clear,NA,NA,NA,NA,SAVED,Saved,Successfully Identified as Duplicate,Yes,Pass,No Defect,,,,Pending,,,
TL-4519,2026-07-07,Joydeep,UNIQUE,0.1,NIL,Web App,English,"""6a4cd0f2390bd1df8a5433e0",How can I identify and manage Semilooper infestations in cucumber crops in Odisha?,Plant protection,15:42:02,15:42:02,10.0,SLA Breached,Successfully Identified as Duplicate,Well Framed,ENGLISH,English,CORRECT,NIL,Correctly Tagged as Duplicate,NA,Dev Jagdishbhai Bhutiya,NA,NA,NA,Deepika Rathore,NA,NA,NA,Atul,NA,NA,NA,Suresh Bhardwaj,NA,NA,NA,NA,NA,NA,NA,NA,NA,NA,NA,NA,NA,NA,NA,Successfully Identified as Duplicate/Dynamic,Yes,Yes,Yes,Provided & Relevant,Successfully Identified as Duplicate/Dynamic,Received on Time,Yes,Yes,Yes,Yes,YES,Clear,NA,NA,NA,NA,SAVED,Saved,Successfully Identified as Duplicate,Yes,Pass,No Defect,,,,Pending,,,
TL-4521,2026-07-07,Joydeep,UNIQUE,0.1,NIL,Web App,English,"6a4cd198390bd1df8a543465""",What are the recommended soil preparation and treatment procedures for sowing cucumber crops in Odisha?,Plant protection,15:44:49,15:44:49,10.0,SLA Breached,Successfully Identified as Duplicate,Well Framed,ENGLISH,English,CORRECT,NIL,Correctly Tagged as Duplicate,NA,Rimpa Bera,NA,NA,NA,,NA,NA,NA,,NA,NA,NA,,NA,NA,NA,NA,NA,NA,NA,NA,NA,NA,NA,NA,NA,NA,NA,Successfully Identified as Duplicate/Dynamic,Yes,Yes,Yes,Provided & Relevant,Successfully Identified as Duplicate/Dynamic,Received on Time,Yes,Yes,Yes,Yes,YES,Clear,NA,NA,NA,NA,SAVED,Saved,Successfully Identified as Duplicate,Yes,Pass,No Defect,,,,Pending,,,
TL-4522,2026-07-07,Joydeep,UNIQUE,0.1,NIL,Web App,English,6a4cd222390bd1df8a543493,How can I identify and manage Stem Gall Fly infestations in cucumber crops in Odisha?,Plant protection,15:47:06,15:47:06,10.0,SLA Breached,Successfully Identified as Duplicate,Well Framed,ENGLISH,English,CORRECT,NIL,Correctly Tagged as Duplicate,NA,Sippora Nandam,NA,NA,NA,Deepika Rathore,NA,NA,NA,Jahnavi Gaddam,NA,NA,NA,Suraiya Amin,NA,NA,NA,NA,NA,NA,NA,NA,NA,NA,NA,NA,NA,NA,NA,Successfully Identified as Duplicate/Dynamic,Yes,Yes,Yes,Provided & Relevant,Successfully Identified as Duplicate/Dynamic,Received on Time,Yes,Yes,Yes,Yes,YES,Clear,NA,NA,NA,NA,SAVED,Saved,Successfully Identified as Duplicate,Yes,Pass,No Defect,,,,Pending,,,
TL-4523,2026-07-07,Joydeep,UNIQUE,0.1,NIL,Web App,English,6a4cd2a9390bd1df8a543551,What is the recommended dosage and application method for Thiomethoxam in cucumber cultivation to control sucking pests in Odisha?,Plant protection,15:49:21,15:49:21,10.0,SLA Breached,Successfully Identified as Duplicate,Well Framed,ENGLISH,English,CORRECT,NIL,Correctly Tagged as Duplicate,NA,Bisen,NA,NA,NA,Suraiya Amin,NA,NA,NA,Deepika Rathore,NA,NA,NA,Atul,NA,NA,NA,NA,NA,NA,NA,NA,NA,NA,NA,NA,NA,NA,NA,Successfully Identified as Duplicate/Dynamic,Yes,Yes,Yes,Provided & Relevant,Successfully Identified as Duplicate/Dynamic,Received on Time,Yes,Yes,Yes,Yes,YES,Clear,NA,NA,NA,NA,SAVED,Saved,Successfully Identified as Duplicate,Yes,Pass,No Defect,,,,Pending,,,
TL-4524,2026-07-07,Joydeep,UNIQUE,0.1,NIL,Web App,English,6a4cd30c390bd1df8a543597,"What are the causes, symptoms, and management strategies for fruit rot in cucumber crops in Odisha?",Plant protection,15:51:00,15:51:00,10.0,SLA Breached,Successfully Identified as Duplicate,Well Framed,ENGLISH,English,CORRECT,NIL,Correctly Tagged as Duplicate,NA,Dev Jagdishbhai Bhutiya,NA,NA,NA,Suresh Bhardwaj,NA,NA,NA,Lakshmi Aravind,NA,NA,NA,Sippora Nandam,NA,NA,NA,NA,NA,NA,NA,NA,NA,NA,NA,NA,NA,NA,NA,Successfully Identified as Duplicate/Dynamic,Yes,Yes,Yes,Provided & Relevant,Successfully Identified as Duplicate/Dynamic,Received on Time,Yes,Yes,Yes,Yes,YES,Clear,NA,NA,NA,NA,SAVED,Saved,Successfully Identified as Duplicate,Yes,Pass,No Defect,,,,Pending,,,
TL-4525,2026-07-07,Joydeep,UNIQUE,0.1,NIL,Web App,English,"6a4cd38d390bd1df8a543612""",What are the best practices and management strategies to improve pollination efficiency in cucumber crops in Odisha?,Plant protection,15:53:09,15:53:09,10.0,SLA Breached,Successfully Identified as Duplicate,Well Framed,ENGLISH,English,CORRECT,NIL,Correctly Tagged as Duplicate,NA,Varsha Shekhar,NA,NA,NA,Bisen,NA,NA,NA,Suraiya Amin,NA,NA,NA,Soumya R,NA,NA,NA,NA,NA,NA,NA,NA,NA,NA,NA,NA,NA,NA,NA,Successfully Identified as Duplicate/Dynamic,Yes,Yes,Yes,Provided & Relevant,Successfully Identified as Duplicate/Dynamic,Received on Time,Yes,Yes,Yes,Yes,YES,Clear,NA,NA,NA,NA,SAVED,Saved,Successfully Identified as Duplicate,Yes,Pass,No Defect,,,,Pending,,,
TL-4526,2026-07-07,Joydeep,UNIQUE,0.1,NIL,Web App,English,6a4cd40a390bd1df8a543639,What is the appropriate method and dosage for applying Boron in cucumber cultivation to ensure optimal growth and fruit quality in Odisha?,Plant protection,15:55:14,15:55:14,10.0,SLA Breached,Successfully Identified as Duplicate,Well Framed,ENGLISH,English,CORRECT,NIL,Correctly Tagged as Duplicate,NA,Sharmila S,NA,NA,NA,Soumya R,NA,NA,NA,Jahnavi Gaddam,NA,NA,NA,Varsha Shekhar,NA,NA,NA,NA,NA,NA,NA,NA,NA,NA,NA,NA,NA,NA,NA,Successfully Identified as Duplicate/Dynamic,Yes,Yes,Yes,Provided & Relevant,Successfully Identified as Duplicate/Dynamic,Received on Time,Yes,Yes,Yes,Yes,YES,Clear,NA,NA,NA,NA,SAVED,Saved,Successfully Identified as Duplicate,Yes,Pass,No Defect,,,,Pending,,,
TL-4527,2026-07-07,Joydeep,UNIQUE,0.1,NIL,Web App,English,6a4cd48b390bd1df8a5436ce,"What are the implications of applying a heavy dose of NPK 19-19-19 foliar spray to cucumber crops, and what is the recommended application method in Odisha?",Soil Health and Nutrient Management,15:57:23,15:57:23,10.0,SLA Breached,Successfully Identified as Duplicate,Well Framed,ENGLISH,English,CORRECT,NIL,Correctly Tagged as Duplicate,NA,Bisen,NA,NA,NA,Lovely,NA,NA,NA,Deepika Rathore,NA,NA,NA,Mohammad,NA,NA,NA,NA,NA,NA,NA,NA,NA,NA,NA,NA,NA,NA,NA,Successfully Identified as Duplicate/Dynamic,Yes,Yes,Yes,Provided & Relevant,Successfully Identified as Duplicate/Dynamic,Received on Time,Yes,Yes,Yes,Yes,YES,Clear,NA,NA,NA,NA,SAVED,Saved,Successfully Identified as Duplicate,Yes,Pass,No Defect,,,,Pending,,,
TL-4528,2026-07-07,Joydeep,UNIQUE,0.1,NIL,Web App,English,6a4cd4f3390bd1df8a543777,What is the recommended dosage and application method for Triacontanol 005 EC in cucumber cultivation in Odisha?,Plant protection,15:59:07,15:59:07,10.0,SLA Breached,Successfully Identified as Duplicate,Well Framed,ENGLISH,English,CORRECT,NIL,Correctly Tagged as Duplicate,NA,Bisen,NA,NA,NA,Sharmila S,NA,NA,NA,Mohammad Saleem Paasha,NA,NA,NA,Lakshmi Aravind,NA,NA,NA,NA,NA,NA,NA,NA,NA,NA,NA,NA,NA,NA,NA,Successfully Identified as Duplicate/Dynamic,Yes,Yes,Yes,Provided & Relevant,Successfully Identified as Duplicate/Dynamic,Received on Time,Yes,Yes,Yes,Yes,YES,Clear,NA,NA,NA,NA,SAVED,Saved,Successfully Identified as Duplicate,Yes,Pass,No Defect,,,,Pending,,,
TL-4656,2026-07-08,Ithagani Shireesha,GDB,0.1,NIL,Web App,English,1f17a910-95d1-6436-8005-34c5d699049e,What is the correct application method and dosage for using Ekolux (or similar organic/biological pesticides) to control pests in Elephant Foot Yam in Kerala?,Bio-fertilizers and Bio-pesticides,11:21:00,11:21:17,21sec,Within SLA,Yes,Well Framed,English,English,Correct,NIL,Correctly Tagged as Duplicate,Yes,Bisen Nupur Chandrakumar,NA,NA,NA,NA,NA,NA,NA,NA,NA,NA,NA,NA,NA,NA,NA,NA,NA,NA,NA,NA,NA,NA,NA,NA,NA,NA,NA,Successfully Identified as Duplicate/Dynamic,Yes,Yes,Yes,Provided and relevant,NA,NA,NA,NA,Yes,Yes,Clear,Clear,NIL,NA,NA,NA,Yes,Saved,Successfully Identified as Duplicate,NA,Pass,No Defect,NIL,NIL,Good output,Expected Output,,,
TL-4657,2026-07-08,Ithagani Shireesha,GDB,0.1,NIL,Web App,English,1f17a93d-400b-6e1f-8005-d33901492ec4,What is the correct application method and dosage for using Actara (Thiamethoxam) to control pests in Elephant Foot Yam in Kerala?,Plant protection,", 11:41 AM",11:41:16,41sec,Within SLA,Yes,Well Framed,English,English,Correct,NIL,Correctly Tagged as Duplicate,Yes,Rimpa Bera,NA,NA,NA,NA,NA,NA,NA,NA,NA,NA,NA,NA,NA,NA,NA,NA,NA,NA,NA,NA,NA,NA,NA,NA,NA,NA,NA,Successfully Identified as Duplicate/Dynamic,Yes,Yes,Yes,Provided and relevant,NA,NA,NA,NA,Yes,Yes,Clear,Clear,NIL,NA,NA,NA,Yes,Saved,Successfully Identified as Duplicate,NA,Pass,No Defect,NIL,NIL,Good output,Expected Output,,,
TL-4658,2026-07-08,Ithagani Shireesha,GDB,0.1,NIL,Web App,English,1f17a941-9056-6883-8005-db6edb702fa5,What are the ideal sunlight and light requirements for the successful cultivation of Elephant Foot Yam in Kerala?,Cultural and Crop Management Practices,11:43:00,11:43:11,43sec,Within SLA,Yes,Well Framed,English,English,Correct,NIL,Correctly Tagged as Duplicate,Yes,Prerna Bharti,NA,NA,NA,NA,NA,NA,NA,NA,NA,NA,NA,NA,NA,NA,NA,NA,NA,NA,NA,NA,NA,NA,NA,NA,NA,NA,NA,Successfully Identified as Duplicate/Dynamic,Yes,Yes,Yes,Provided and relevant,NA,NA,NA,NA,Yes,Yes,Clear,Clear,NIL,NA,NA,NA,Yes,Saved,Successfully Identified as Duplicate,NA,Pass,No Defect,NIL,NIL,Good output,Expected Output,,,
TL-4659,2026-07-08,Ithagani Shireesha,GDB,0.1,NIL,Web App,English,1f17a945-e0e9-654e-8005-25aa7473dbdf,What are the recommended mist spraying or foliar application practices for Elephant Foot Yam to ensure healthy growth in Kerala?,Soil Health and Nutrient Management,11:45:00,11:45:07,45sec,Within SLA,Yes,Well Framed,English,English,Correct,NIL,Correctly Tagged as Duplicate,Yes,Sanjay Choudhary,NA,NA,NA,NA,NA,NA,NA,NA,NA,NA,NA,NA,NA,NA,NA,NA,NA,NA,NA,NA,NA,NA,NA,NA,NA,NA,NA,Successfully Identified as Duplicate/Dynamic,Yes,Yes,Yes,Provided and relevant,NA,NA,NA,NA,Yes,Yes,Clear,Clear,NIL,NA,NA,NA,Yes,Saved,Successfully Identified as Duplicate,NA,Pass,No Defect,NIL,NIL,Good output,Expected Output,,,
TL-4661,2026-07-08,Ithagani Shireesha,GDB,0.1,NIL,Web App,English,1f17a95a-6afd-6ca8-8005-47869b7a4178,What are the primary causes for reduced corm size in Elephant Foot Yam and how can I ensure better tuber development in Kerala?,Horticulture & allied agriculture,11:54:00,11:54:19,54sec,Within SLA,Yes,Well Framed,English,English,Correct,NIL,Correctly Tagged as Duplicate,Yes,Soumya R,NA,NA,NA,NA,NA,NA,NA,NA,NA,NA,NA,NA,NA,NA,NA,NA,NA,NA,NA,NA,NA,NA,NA,NA,NA,NA,NA,Successfully Identified as Duplicate/Dynamic,Yes,Yes,Yes,Provided and relevant,NA,NA,NA,NA,Yes,Yes,Clear,Clear,NIL,NA,NA,NA,Yes,Saved,Successfully Identified as Duplicate,NA,Pass,No Defect,NIL,NIL,Good output,Expected Output,,,
TL-4662,2026-07-08,Ithagani Shireesha,GDB,0.1,NIL,Web App,English,1f17a964-9c65-6c1b-8005-6296af5d901b,"What are the specific irrigation requirements for Elephant Foot Yam (Amorphophallus) cultivation, and when is the most appropriate time to apply bone meal in Kerala?",Irrigation and Water Management,11:58:00,11:58:52,58sec,Within SLA,Yes,Well Framed,English,English,Correct,NIL,Correctly Tagged as Duplicate,Yes,Bisen Nupur Chandrakumar,NA,NA,NA,NA,NA,NA,NA,NA,NA,NA,NA,NA,NA,NA,NA,NA,NA,NA,NA,NA,NA,NA,NA,NA,NA,NA,NA,Successfully Identified as Duplicate/Dynamic,Yes,Yes,Yes,Provided and relevant,NA,NA,NA,NA,Yes,Yes,Clear,Clear,NIL,NA,NA,NA,Yes,Saved,Successfully Identified as Duplicate,NA,Pass,No Defect,NIL,NIL,Good output,Expected Output,,,
TL-4663,2026-07-08,Ithagani Shireesha,GDB,0.1,NIL,Web App,English,1f17a9da-073b-6ad5-8005-782969de5ca4,What are the technical requirements and best practices for cultivating Elephant Foot Yam in grow bags in Kerala?,Cultural and Crop Management Practices,12:51:00,12:51:24,51sec,Within SLA,Yes,Well Framed,English,English,Correct,NIL,Correctly Tagged as Duplicate,Yes,Sharmila S,NA,NA,NA,NA,NA,NA,NA,NA,NA,NA,NA,NA,NA,NA,NA,NA,NA,NA,NA,NA,NA,NA,NA,NA,NA,NA,NA,Successfully Identified as Duplicate/Dynamic,Yes,Yes,Yes,Provided and relevant,NA,NA,NA,NA,Yes,Yes,Clear,Clear,NIL,NA,NA,NA,Yes,Saved,Successfully Identified as Duplicate,NA,Pass,No Defect,NIL,NIL,Good output,Expected Output,,,
TL-4664,2026-07-08,Ithagani Shireesha,GDB,0.1,NIL,Web App,English,1f17a9e4-ec6c-67a0-8005-16f08189dcad,What is the recommended dosage and procedure for using Imidacloprid as a seed treatment for Elephant Foot Yam in Kerala?,Plant protection,12:56:00,12:56:17,56sec,Within SLA,Yes,Well Framed,English,English,Correct,NIL,Correctly Tagged as Duplicate,Yes,Soumya R,NA,NA,NA,NA,NA,NA,NA,NA,NA,NA,NA,NA,NA,NA,NA,NA,NA,NA,NA,NA,NA,NA,NA,NA,NA,NA,NA,Successfully Identified as Duplicate/Dynamic,Yes,Yes,Yes,Provided and relevant,NA,NA,NA,NA,Yes,Yes,Clear,Clear,NIL,NA,NA,NA,Yes,Saved,Successfully Identified as Duplicate,NA,Pass,No Defect,NIL,NIL,Good output,Expected Output,,,
TL-4665,2026-07-08,Ithagani Shireesha,GDB,0.1,NIL,Web App,English,1f17a9ec-9f83-65f7-8005-578628c6030a,How can I prevent or manage the damage to Elephant Foot Yam stems caused by strong winds in Kerala?,Cultural and Crop Management Practices,12:59:00,12:59:43,59sec,Within SLA,Yes,Well Framed,English,English,Correct,NIL,Correctly Tagged as Duplicate,Yes,Anil Kumar S,NA,NA,NA,NA,NA,NA,NA,NA,NA,NA,NA,NA,NA,NA,NA,NA,NA,NA,NA,NA,NA,NA,NA,NA,NA,NA,NA,Successfully Identified as Duplicate/Dynamic,Yes,Yes,Yes,Provided and relevant,NA,NA,NA,NA,Yes,Yes,Clear,Clear,NIL,NA,NA,NA,Yes,Saved,Successfully Identified as Duplicate,NA,Pass,No Defect,NIL,NIL,Good output,Expected Output,,,
TL-4666,2026-07-08,Ithagani Shireesha,GDB,0.1,NIL,Web App,English,1f17a9f3-0fa6-6abd-8005-c3b4e59bc703,What is the appropriate timing and method for applying organic treatments like Trichoderma and lime during the cultivation of Elephant Foot Yam in Kerala?,Bio-fertilizers and Bio-pesticides,13:02:00,13:02:36,2sec,Within SLA,Yes,Well Framed,English,English,Correct,NIL,Correctly Tagged as Duplicate,Yes,Lakshmi Ranganath C J,NA,NA,NA,NA,NA,NA,NA,NA,NA,NA,NA,NA,NA,NA,NA,NA,NA,NA,NA,NA,NA,NA,NA,NA,NA,NA,NA,Successfully Identified as Duplicate/Dynamic,Yes,Yes,Yes,Provided and relevant,NA,NA,NA,NA,Yes,Yes,Clear,Clear,NIL,NA,NA,NA,Yes,Saved,Successfully Identified as Duplicate,NA,Pass,No Defect,NIL,NIL,Good output,Expected Output,,,
TL-4667,2026-07-08,Ithagani Shireesha,GDB,0.1,NIL,Web App,English,1f17a9f6-a8f5-6464-8005-226ef7b81ddd,What is the ideal procedure and composition for preparing a potting mixture for Elephant Foot Yam cultivation in Kerala?,Cultural and Crop Management Practices,13:04:00,13:04:13,4sec,Within SLA,Yes,Well Framed,English,English,Correct,NIL,Correctly Tagged as Duplicate,Yes,Lakshmi Ranganath C J,NA,NA,NA,NA,NA,NA,NA,NA,NA,NA,NA,NA,NA,NA,NA,NA,NA,NA,NA,NA,NA,NA,NA,NA,NA,NA,NA,Successfully Identified as Duplicate/Dynamic,Yes,Yes,Yes,Provided and relevant,NA,NA,NA,NA,Yes,Yes,Clear,Clear,NIL,NA,NA,NA,Yes,Saved,Successfully Identified as Duplicate,NA,Pass,No Defect,NIL,NIL,Good output,Expected Output,,,
TL-4668,2026-07-08,Ithagani Shireesha,GDB,0.1,NIL,Web App,English,1f17a9fa-ee01-6dc8-8005-f6dcc9e29f25,What are the essential technical requirements and best practices for successful cashew cultivation in Kerala?,Cultural and Crop Management Practices,13:06:00,13:06:07,6sec,Within SLA,Yes,Well Framed,English,English,Correct,NIL,Correctly Tagged as Duplicate,Yes,Soumya R,NA,NA,NA,NA,NA,NA,NA,NA,NA,NA,NA,NA,NA,NA,NA,NA,NA,NA,NA,NA,NA,NA,NA,NA,NA,NA,NA,Successfully Identified as Duplicate/Dynamic,Yes,Yes,Yes,Provided and relevant,NA,NA,NA,NA,Yes,Yes,Clear,Clear,NIL,NA,NA,NA,Yes,Saved,Successfully Identified as Duplicate,NA,Pass,No Defect,NIL,NIL,Good output,Expected Output,,,
TL-4669,2026-07-08,Ithagani Shireesha,GDB,0.1,NIL,Web App,English,1f17b3a4-0af9-6d85-800c-8ca258ef845f,What is the recommended fertilizer application schedule and nutrient management protocol for cashew cultivation to ensure optimal yield in Kerala?,Soil Health and Nutrient Management,13:08:00,07:32:00,10.0,SLA Breached,,Well Framed,English,English,Correct,NIL,Correctly Tagged as Duplicate,Yes,Lakshmi Aravind,NA,NA,NA,NA,NA,NA,NA,NA,NA,NA,NA,NA,NA,NA,NA,NA,NA,NA,NA,NA,NA,NA,NA,NA,NA,NA,NA,Successfully Identified as Duplicate/Dynamic,Yes,Yes,Yes,Provided and relevant,NA,NA,NA,NA,Yes,Yes,Clear,Clear,NIL,NA,NA,NA,Yes,Saved,Successfully Identified as Duplicate,NA,Pass,No Defect,NIL,NIL,Good output,Expected Output,,,
TL-4670,2026-07-08,Ithagani Shireesha,GDB,0.1,NIL,Web App,English,1f17b3a8-1eb7-63f8-8013-d7ec5e801414,"What are the common pests affecting cashew crops, and what are the recommended management strategies for controlling them in Kerala? ",Plant protection,13:08:00,07:34:00,10.0,SLA Breached,,Well Framed,English,English,Correct,NIL,Correctly Tagged as Duplicate,Yes,Suresh Bhardwaj,NA,NA,NA,NA,NA,NA,NA,NA,NA,NA,NA,NA,NA,NA,NA,NA,NA,NA,NA,NA,NA,NA,NA,NA,NA,NA,NA,Successfully Identified as Duplicate/Dynamic,Yes,Yes,Yes,Provided and relevant,NA,NA,NA,NA,Yes,Yes,Clear,Clear,NIL,NA,NA,NA,Yes,Saved,Successfully Identified as Duplicate,NA,Pass,No Defect,NIL,NIL,Good output,Expected Output,,,
TL-4671,2026-07-08,Ithagani Shireesha,GDB,0.1,NIL,Web App,English,1f17b3ab-59db-6ef8-801a-5137abd9737c,"What are the common fungal diseases affecting cashew crops, and what are the recommended management practices in Kerala?",Plant protection,13:09:00,07:35:00,10.0,SLA Breached,,Well Framed,English,English,Correct,NIL,Correctly Tagged as Duplicate,Yes,Varsha Shekhar,NA,NA,NA,NA,NA,NA,NA,NA,NA,NA,NA,NA,NA,NA,NA,NA,NA,NA,NA,NA,NA,NA,NA,NA,NA,NA,NA,Successfully Identified as Duplicate/Dynamic,Yes,Yes,Yes,Provided and relevant,NA,NA,NA,NA,Yes,Yes,Clear,Clear,NIL,NA,NA,NA,Yes,Saved,Successfully Identified as Duplicate,NA,Pass,No Defect,NIL,NIL,Good output,Expected Output,,,
TL-4672,2026-07-08,Ithagani Shireesha,GDB,0.1,NIL,Web App,English,1f17b3ae-aab6-6430-8021-0d19344c69d4,"Where can I obtain high-quality cashew seedlings, and what factors should I consider when selecting them for plantation in Kerala?",Seed and Variety Selection,13:10:00,07:37:00,10.0,SLA Breached,,Well Framed,English,English,Correct,NIL,Correctly Tagged as Duplicate,Yes,Lovely,NA,NA,NA,NA,NA,NA,NA,NA,NA,NA,NA,NA,NA,NA,NA,NA,NA,NA,NA,NA,NA,NA,NA,NA,NA,NA,NA,Successfully Identified as Duplicate/Dynamic,Yes,Yes,Yes,Provided and relevant,NA,NA,NA,NA,Yes,Yes,Clear,Clear,NIL,NA,NA,NA,Yes,Saved,Successfully Identified as Duplicate,NA,Pass,No Defect,NIL,NIL,Good output,Expected Output,,,
TL-4673,2026-07-08,Ithagani Shireesha,GDB,0.1,NIL,Web App,English,1f17aa17-67d3-6466-8005-ee53a76378f2,What are the best practices and technical requirements for the successful establishment and management of cashew seedlings in Kerala?,Cultural and Crop Management Practices,13:18:00,13:18:52,18sec,Within SLA,Yes,Well Framed,English,English,Correct,NIL,Correctly Tagged as Duplicate,Yes,Soumya R,NA,NA,NA,NA,NA,NA,NA,NA,NA,NA,NA,NA,NA,NA,NA,NA,NA,NA,NA,NA,NA,NA,NA,NA,NA,NA,NA,Successfully Identified as Duplicate/Dynamic,Yes,Yes,Yes,Provided and relevant,NA,NA,NA,NA,Yes,Yes,Clear,Clear,NIL,NA,NA,NA,Yes,Saved,Successfully Identified as Duplicate,NA,Pass,No Defect,NIL,NIL,Good output,Expected Output,,,
TL-4674,2026-07-08,Ithagani Shireesha,GDB,0.1,NIL,Web App,English,1f17aa23-6725-664d-8005-1dffac5e66f4,"What are the major research activities and farmer services provided by the Cashew Research Station, Madakkathara in Kerala?",Extension & Capacity Building,13:24:00,13:24:14,24sec,Within SLA,Yes,Well Framed,English,English,Correct,NIL,Correctly Tagged as Duplicate,Yes,Sharmila S,NA,NA,NA,NA,NA,NA,NA,NA,NA,NA,NA,NA,NA,NA,NA,NA,NA,NA,NA,NA,NA,NA,NA,NA,NA,NA,NA,Successfully Identified as Duplicate/Dynamic,Yes,Yes,Yes,provided and relevant,NA,NA,NA,NA,Yes,Yes,Clear,Clear,NIL,NA,NA,NA,Yes,Saved,Successfully Identified as Duplicate,NA,Pass,No Defect,NIL,NIL,Good output,Expected Output,,,
TL-4675,2026-07-08,Ithagani Shireesha,GDB,0.1,NIL,Web App,English,1f17aa3d-4867-6bce-8005-b13257ba7f02,"What are the symptoms of boron deficiency in cashew trees, and how can it be effectively managed through nutritional interventions in Kerala?",Soil Health and Nutrient Management,13:35:00,13:35:48,35sec,Within SLA,Yes,Well Framed,English,English,Correct,NIL,Correctly Tagged as Duplicate,Yes,Pallavi J P,NA,NA,NA,NA,NA,NA,NA,NA,NA,NA,NA,NA,NA,NA,NA,NA,NA,NA,NA,NA,NA,NA,NA,NA,NA,NA,NA,Successfully Identified as Duplicate/Dynamic,Yes,Yes,Yes,provided and relevant,NA,NA,NA,NA,Yes,Yes,Clear,Clear,NIL,NA,NA,NA,Yes,Saved,Successfully Identified as Duplicate,NA,Pass,No Defect,NIL,NIL,Good output,Expected Output,,,
TL-4677,2026-07-08,Ithagani Shireesha,GDB,0.1,NIL,Web App,English,1f17aa44-1b22-6705-8005-2045eb5fde5f,What are the essential land preparation and field establishment practices required for successful cashew cultivation in Kerala?,Cultural and Crop Management Practices,13:38:00,13:38:52,38sec,Within SLA,Yes,Well Framed,English,English,Correct,NIL,Correctly Tagged as Duplicate,Yes,Soumya R,NA,NA,NA,NA,NA,NA,NA,NA,NA,NA,NA,NA,NA,NA,NA,NA,NA,NA,NA,NA,NA,NA,NA,NA,NA,NA,NA,Successfully Identified as Duplicate/Dynamic,Yes,Yes,Yes,provided and relevant,NA,NA,NA,NA,Yes,Yes,yes,Clear,NIL,NA,NA,NA,Yes,Saved,Successfully Identified as Duplicate,NA,Pass,No Defect,NIL,NIL,Good output,Expected Output,,,
TL-4847,2026-07-09,Ithagani Shireesha,GDB,0.1,NIL,Web App,English,1f17b46b-20bb-68e9-8005-e0ce26ef7c93,How can Pseudomonas species be effectively utilized in Ash Gourd cultivation in Kerala?,Plant protection,09:01:00,09:02:20,2sec,Within SLA,Yes,Well Framed,English,English,Correct,NIL,NA,Yes,Gontyala Veena,NA,NA,NA,NA,NA,NA,NA,NA,NA,NA,NA,NA,NA,NA,NA,NA,NA,NA,NA,NA,NA,NA,NA,NA,NA,NA,NA,Yes,Yes,Yes,Successfully Identified as Duplicate,Provided and relevant,Yes,Received Late,Yes,NA,Yes,Yes,Clear,Clear,NIL,NA,NA,NA,Saved,Saved,Successfully Identified as Duplicate,NA,Pass,No Defect,NIL,NIL,Good output,Expected Output,,,
TL-4848,2026-07-09,Ithagani Shireesha,GDB,0.1,NIL,Web App,English,1f17b475-3d00-6918-8005-719395d3b6fe,What is the correct procedure for preparing and applying organic slurry for Ash Gourd cultivation in Kerala?,Organic and Natural Farming,09:06:00,09:06:10,6sec,Within SLA,Yes,Well Framed,English,English,Correct,NIL,NA,Yes,Tejas Dange,NA,NA,NA,NA,NA,NA,NA,NA,NA,NA,NA,NA,NA,NA,NA,NA,NA,NA,NA,NA,NA,NA,NA,NA,NA,NA,NA,Yes,Yes,Yes,Successfully Identified as Duplicate,Provided and relevant,Yes,Received Late,Yes,NA,Yes,Yes,Clear,Clear,NIL,NA,NA,NA,Saved,Saved,Successfully Identified as Duplicate,NA,Pass,No Defect,NIL,NIL,Good output,Expected Output,,,
TL-4850,2026-07-09,Ithagani Shireesha,GDB,0.1,NIL,Web App,English,1f17b496-00f3-6e61-8005-02a70f024be5,What is the appropriate method and dosage for applying dolomite in ash gourd cultivation in Kerala?,Soil Health and Nutrient Management,09:20:00,09:20:49,20sec,Within SLA,Yes,Well Framed,English,English,Correct,NIL,NA,Yes,Dheeraj Sharma,NA,NA,NA,NA,NA,NA,NA,NA,NA,NA,NA,NA,NA,NA,NA,NA,NA,NA,NA,NA,NA,NA,NA,NA,NA,NA,NA,Yes,Yes,Yes,Successfully Identified as Duplicate,Provided and relevant,Yes,Received Late,Yes,NA,Yes,Yes,Clear,Clear,NIL,NA,NA,NA,Saved,Saved,Successfully Identified as Duplicate,NA,Pass,No Defect,NIL,NIL,Good output,Expected Output,,,
TL-4851,2026-07-09,Ithagani Shireesha,GDB,0.1,NIL,Web App,English,1f17b4a1-1d84-6822-8005-943dc0d7d602,"What are the common micronutrient deficiencies in Ash Gourd, and how can they be identified and managed in Kerala?",Soil Health and Nutrient Management,09:25:00,09:25:48,25sec,Within SLA,Yes,Well Framed,English,English,Correct,NIL,NA,Yes,Monica M,NA,NA,NA,NA,NA,NA,NA,NA,NA,NA,NA,NA,NA,NA,NA,NA,NA,NA,NA,NA,NA,NA,NA,NA,NA,NA,NA,Yes,Yes,Yes,Successfully Identified as Duplicate,Provided and relevant,Yes,Received Late,Yes,NA,Yes,Yes,Clear,Clear,NIL,NA,NA,NA,Saved,Saved,Successfully Identified as Duplicate,NA,Pass,No Defect,NIL,NIL,Good output,Expected Output,,,
TL-4852,2026-07-09,Ithagani Shireesha,GDB,0.1,NIL,Web App,English,1f17b4a5-8b62-69ad-8005-9b15f87b682d,What is the appropriate application method and dosage for controlling pests in Ash Gourd using Eklux in Kerala?,Soil Health and Nutrient Management,09:27:00,09:27:47,27sec,Within SLA,Yes,Well Framed,English,English,Correct,NIL,NA,Yes,Kavya Ponugoti,NA,NA,NA,NA,NA,NA,NA,NA,NA,NA,NA,NA,NA,NA,NA,NA,NA,NA,NA,NA,NA,NA,NA,NA,NA,NA,NA,Yes,Yes,Yes,Successfully Identified as Duplicate,Provided and relevant,Yes,Received Late,Yes,NA,Yes,Yes,Clear,Clear,NIL,NA,NA,NA,Saved,Saved,Successfully Identified as Duplicate,NA,Pass,No Defect,NIL,NIL,Good output,Expected Output,,,
TL-4853,2026-07-09,Ithagani Shireesha,GDB,0.1,NIL,Web App,English,1f17b4c4-db07-6bf8-8005-d3fa9596798d,What is the appropriate application and dosage of glyphosate for weed management in ash gourd cultivation in Kerala?,Weed Management,09:47:00,09:47:43,47sec,Within SLA,Yes,Well Framed,English,English,Correct,NIL,NA,Yes,Ravindra Prasad,NA,NA,NA,NA,NA,NA,NA,NA,NA,NA,NA,NA,NA,NA,NA,NA,NA,NA,NA,NA,NA,NA,NA,NA,NA,NA,NA,Yes,Yes,Yes,Successfully Identified as Duplicate,Provided and relevant,Yes,Received Late,Yes,NA,Yes,Yes,Clear,Clear,NIL,NA,NA,NA,Saved,Saved,Successfully Identified as Duplicate,NA,Pass,No Defect,NIL,NIL,Good output,Expected Output,,,
TL-4854,2026-07-09,Ithagani Shireesha,GDB,0.1,NIL,Web App,English,1f17b4de-ef2e-683e-8005-8dbaa37738e8,What are the typical characteristics of ash gourd flower colours and their significance in the crop cycle in Kerala?,Horticulture & allied agriculture,09:54:00,09:53:27,53sec,Within SLA,Yes,Well Framed,English,English,Correct,NIL,NA,Yes,Anil Kumar S,NA,NA,NA,NA,NA,NA,NA,NA,NA,NA,NA,NA,NA,NA,NA,NA,NA,NA,NA,NA,NA,NA,NA,NA,NA,NA,NA,Yes,Yes,Yes,Successfully Identified as Duplicate,Provided and relevant,Yes,Received Late,Yes,NA,Yes,Yes,Clear,Clear,NIL,NA,NA,NA,Saved,Saved,Successfully Identified as Duplicate,NA,Pass,No Defect,NIL,NIL,Good output,Expected Output,,,
TL-4855,2026-07-09,Ithagani Shireesha,GDB,0.1,NIL,Web App,English,1f17b4e5-6a0c-66ac-8005-95c2b851ec68,"What is the expected germination period for ash gourd seeds, and what are the essential steps for proper field preparation in Kerala?",Field Preparation,09:57:00,09:56:21,56sec,Within SLA,Yes,Well Framed,English,English,Correct,NIL,NA,Yes,C Sai Durga,NA,NA,NA,NA,NA,NA,NA,NA,NA,NA,NA,NA,NA,NA,NA,NA,NA,NA,NA,NA,NA,NA,NA,NA,NA,NA,NA,Yes,Yes,Yes,Successfully Identified as Duplicate,Provided and relevant,Yes,Received Late,Yes,NA,Yes,Yes,Clear,Clear,NIL,NA,NA,NA,Saved,Saved,Successfully Identified as Duplicate,NA,Pass,No Defect,NIL,NIL,Good output,Expected Output,,,
TL-4856,2026-07-09,Ithagani Shireesha,GDB,0.1,NIL,Web App,English,1f17b50e-23f3-6b84-8005-67368d9fce1f,What are the recommended practices and benefits for applying plant growth regulators (hormones) in Ash Gourd cultivation in Kerala?,Cultural and Crop Management Practices,10:15:00,10:14:34,14sec,Within SLA,Yes,Well Framed,English,English,Correct,NIL,NA,Yes,Dheeraj Sharma,NA,NA,NA,NA,NA,NA,NA,NA,NA,NA,NA,NA,NA,NA,NA,NA,NA,NA,NA,NA,NA,NA,NA,NA,NA,NA,NA,Yes,Yes,Yes,Successfully Identified as Duplicate,Provided and relevant,Yes,Received Late,Yes,NA,Yes,Yes,Clear,Clear,NIL,NA,NA,NA,Saved,Saved,Successfully Identified as Duplicate,NA,Pass,No Defect,NIL,NIL,Good output,Expected Output,,,
TL-4857,2026-07-09,Ithagani Shireesha,GDB,0.1,NIL,Web App,English,1f17b524-25a1-61fe-8005-9b39594072a0,Information regarding the control of Manganese deficiency in Wheat in Punjab?,Soil Health and Nutrient Management,10:24:00,10:24:25,24sec,Within SLA,Yes,Well Framed,English,English,Correct,NIL,NA,Yes,Salim Sahaji,NA,NA,NA,NA,NA,NA,NA,NA,NA,NA,NA,NA,NA,NA,NA,NA,NA,NA,NA,NA,NA,NA,NA,NA,NA,NA,NA,Yes,Yes,Yes,Successfully Identified as Duplicate,Provided and relevant,Yes,Received Late,Yes,NA,Yes,Yes,Clear,Clear,NIL,NA,NA,NA,Saved,Saved,Successfully Identified as Duplicate,NA,Pass,No Defect,NIL,NIL,Good output,Expected Output,,,
TL-4858,2026-07-09,Ithagani Shireesha,GDB,0.1,NIL,Web App,English,1f17b529-c240-68d8-8005-ff7a5ed96b10,Information regarding application of Biozyme in wheat in Punjab?,Bio-fertilizers and Bio-pesticides,10:29:00,10:26:56,26sec,Within SLA,Yes,Well Framed,English,English,Correct,NIL,NA,Yes,Rounaq Ansari,NA,NA,NA,NA,NA,NA,NA,NA,NA,NA,NA,NA,NA,NA,NA,NA,NA,NA,NA,NA,NA,NA,NA,NA,NA,NA,NA,Yes,Yes,Yes,Successfully Identified as Duplicate,Provided and relevant,Yes,Received Late,Yes,NA,Yes,Yes,Clear,Clear,NIL,NA,NA,NA,Saved,Saved,Successfully Identified as Duplicate,NA,Pass,No Defect,NIL,NIL,Good output,Expected Output,,,
TL-4859,2026-07-09,Ithagani Shireesha,GDB,0.1,NIL,Web App,English,1f17b570-bb00-6f95-8005-ca72fa6a4f5d,INFORMATION REGARDING BETTER YIELD OF WHEAT CROP in Punjab? ,Soil Health and Nutrient Management,10:58:00,10:58:41,58sec,Within SLA,Yes,Well Framed,English,English,Correct,NIL,NA,Yes,Rounaq Ansari,NA,NA,NA,NA,NA,NA,NA,NA,NA,NA,NA,NA,NA,NA,NA,NA,NA,NA,NA,NA,NA,NA,NA,NA,NA,NA,NA,Yes,Yes,Yes,Successfully Identified as Duplicate,Provided and relevant,Yes,Received Late,Yes,NA,Yes,Yes,Clear,Clear,NIL,NA,NA,NA,Saved,Saved,Successfully Identified as Duplicate,NA,Pass,No Defect,NIL,NIL,Good output,Expected Output,,,
TL-4860,2026-07-09,Ithagani Shireesha,GDB,0.1,NIL,Web App,English,1f17b577-7ac7-6ec4-8005-0bc430a1d766,Information regarding control of broad leaf weeds control in wheat in Punjab ?,Weed Management,11:01:00,11:01:42,1sec,Within SLA,Yes,Well Framed,English,English,Correct,NIL,NA,Yes,Anmol Kaundal,NA,NA,NA,NA,NA,NA,NA,NA,NA,NA,NA,NA,NA,NA,NA,NA,NA,NA,NA,NA,NA,NA,NA,NA,NA,NA,NA,Yes,Yes,Yes,Successfully Identified as Duplicate,Provided and relevant,Yes,Received Late,Yes,NA,Yes,Yes,Clear,Clear,NIL,NA,NA,NA,Saved,Saved,Successfully Identified as Duplicate,NA,Pass,No Defect,NIL,NIL,Good output,Expected Output,,,
TL-4861,2026-07-09,Ithagani Shireesha,GDB,0.1,NIL,Web App,English,1f17b57d-755b-6d26-8005-05cb1bbf0a45,Information regarding control of Yellow or Stripe Rust of wheat crop in Punjab?,Plant protection,11:04:00,11:04:23,4sec,Within SLA,Yes,Well Framed,English,English,Correct,NIL,NA,Yes,Simranpreet Kaur,NA,NA,NA,NA,NA,NA,NA,NA,NA,NA,NA,NA,NA,NA,NA,NA,NA,NA,NA,NA,NA,NA,NA,NA,NA,NA,NA,Yes,Yes,Yes,Successfully Identified as Duplicate,Provided and relevant,Yes,Received Late,Yes,NA,Yes,Yes,Clear,Clear,NIL,NA,NA,NA,Saved,Saved,Successfully Identified as Duplicate,NA,Pass,No Defect,NIL,NIL,Good output,Expected Output,,,
TL-4862,2026-07-09,Ithagani Shireesha,GDB,0.1,NIL,Web App,English,1f17b584-1fa2-6c44-8005-4b22c38de0a4,Information regarding control of diseases in potato in Punjab?,Plant protection,11:07:00,11:07:21,7sec,Within SLA,Yes,Well Framed,English,English,Correct,NIL,NA,Yes,Lovely,NA,NA,NA,NA,NA,NA,NA,NA,NA,NA,NA,NA,NA,NA,NA,NA,NA,NA,NA,NA,NA,NA,NA,NA,NA,NA,NA,Yes,Yes,Yes,Successfully Identified as Duplicate,Provided and relevant,Yes,Received Late,Yes,NA,Yes,Yes,Clear,Clear,NIL,NA,NA,NA,Saved,Saved,Successfully Identified as Duplicate,NA,Pass,No Defect,NIL,NIL,Good output,Expected Output,,,
TL-4863,2026-07-09,Ithagani Shireesha,GDB,0.1,NIL,Web App,English,1f17b589-5dbd-6219-8005-9d09ca884801,Information regarding control of grass and broadleaf weeds in wheat crop in Punjab? (30-35DAS),Weed Management,11:09:00,11:09:42,9sec,Within SLA,Yes,Well Framed,English,English,Correct,NIL,NA,Yes,Satarupa Saha,NA,NA,NA,NA,NA,NA,NA,NA,NA,NA,NA,NA,NA,NA,NA,NA,NA,NA,NA,NA,NA,NA,NA,NA,NA,NA,NA,Yes,Yes,Yes,Successfully Identified as Duplicate,Provided and relevant,Yes,Received Late,Yes,NA,Yes,Yes,Clear,Clear,NIL,NA,NA,NA,Saved,Saved,Successfully Identified as Duplicate,NA,Pass,No Defect,NIL,NIL,Good output,Expected Output,,,
TL-4864,2026-07-09,Ithagani Shireesha,GDB,0.1,NIL,Web App,English,1f17b58d-d4bf-68da-8005-dcca22c96ebd,Information regarding control of Pea stem fly in Pea crop in Punjab?,Plant protection,11:11:00,11:11:42,11sec,Within SLA,Yes,Well Framed,English,English,Correct,NIL,NA,Yes,Satarupa Saha,NA,NA,NA,NA,NA,NA,NA,NA,NA,NA,NA,NA,NA,NA,NA,NA,NA,NA,NA,NA,NA,NA,NA,NA,NA,NA,NA,Yes,Yes,Yes,Successfully Identified as Duplicate,Provided and relevant,Yes,Received Late,Yes,NA,Yes,Yes,Clear,Clear,NIL,NA,NA,NA,Saved,Saved,Successfully Identified as Duplicate,NA,Pass,No Defect,NIL,NIL,Good output,Expected Output,,,
TL-4865,2026-07-09,Ithagani Shireesha,GDB,0.1,NIL,Web App,English,1f17b592-4aed-6b7d-8005-23065de0fd6d,Information regarding control of pink stem borer in wheat in Punjab?,Plant protection,11:13:00,11:13:42,13sec,Within SLA,Yes,Well Framed,English,English,Correct,NIL,NA,Yes,Yash Praveen Khot,NA,NA,NA,NA,NA,NA,NA,NA,NA,NA,NA,NA,NA,NA,NA,NA,NA,NA,NA,NA,NA,NA,NA,NA,NA,NA,NA,Yes,Yes,Yes,Successfully Identified as Duplicate,Provided and relevant,Yes,Received Late,Yes,NA,Yes,Yes,Clear,Clear,NIL,NA,NA,NA,Saved,Saved,Successfully Identified as Duplicate,NA,Pass,No Defect,NIL,NIL,Good output,Expected Output,,,
TL-4866,2026-07-09,Ithagani Shireesha,GDB,0.1,NIL,Web App,English,1f17b597-5d6e-6f5c-8005-3279dc114604,Information regarding control of root rot in wheat in Punjab?,Plant protection,11:15:00,11:15:58,15sec,Within SLA,Yes,Well Framed,English,English,Correct,NIL,NA,Yes,Khaja Suhaib,NA,NA,NA,NA,NA,NA,NA,NA,NA,NA,NA,NA,NA,NA,NA,NA,NA,NA,NA,NA,NA,NA,NA,NA,NA,NA,NA,Yes,Yes,Yes,Successfully Identified as Duplicate,Provided and relevant,Yes,Received Late,Yes,NA,Yes,Yes,Clear,Clear,NIL,NA,NA,NA,Saved,Saved,Successfully Identified as Duplicate,NA,Pass,No Defect,NIL,NIL,Good output,Expected Output,,,
TL-4867,2026-07-09,Ithagani Shireesha,GDB,0.1,NIL,Web App,English,1f17b59c-424d-6567-8005-11058dee4d17,Information regarding how to improve growth in WHEAT crop in Punjab?,Cultural and Crop Management Practices,11:18:00,11:18:09,18sec,Within SLA,Yes,Well Framed,English,English,Correct,NIL,NA,Yes,Girishma Gonnabathula,NA,NA,NA,NA,NA,NA,NA,NA,NA,NA,NA,NA,NA,NA,NA,NA,NA,NA,NA,NA,NA,NA,NA,NA,NA,NA,NA,Yes,Yes,Yes,Successfully Identified as Duplicate,Provided and relevant,Yes,Received Late,Yes,NA,Yes,Yes,Clear,Clear,NIL,NA,NA,NA,Saved,Saved,Successfully Identified as Duplicate,NA,Pass,No Defect,NIL,NIL,Good output,Expected Output,,,
TL-4868,2026-07-09,Ithagani Shireesha,GDB,0.1,NIL,Web App,English,1f17b59c-424d-6567-8005-11058dee4d17,Information regarding termite control in free field in Punjab?,Cultural and Crop Management Practices,11:18:00,11:18:09,18sec,Within SLA,Yes,Well Framed,English,English,Correct,NIL,NA,Yes,Girishma Gonnabathula,NA,NA,NA,NA,NA,NA,NA,NA,NA,NA,NA,NA,NA,NA,NA,NA,NA,NA,NA,NA,NA,NA,NA,NA,NA,NA,NA,Yes,Yes,Yes,Successfully Identified as Duplicate,Provided and relevant,Yes,Received Late,Yes,NA,Yes,Yes,Clear,Clear,NIL,NA,NA,NA,Saved,Saved,Successfully Identified as Duplicate,NA,Pass,No Defect,NIL,NIL,Good output,Expected Output,,,
TL-4869,2026-07-09,Ithagani Shireesha,GDB,0.1,NIL,Web App,English,1f17b5a7-68a4-615c-8005-9e2cd4c7449c,Information regarding the application of Sulphur in Wheat crop in Punjab?,Soil Health and Nutrient Management,11:23:00,11:23:09,23sec,Within SLA,Yes,Well Framed,English,English,Correct,NIL,NA,Yes,Kavya Ponugoti,NA,NA,NA,NA,NA,NA,NA,NA,NA,NA,NA,NA,NA,NA,NA,NA,NA,NA,NA,NA,NA,NA,NA,NA,NA,NA,NA,Yes,Yes,Yes,Successfully Identified as Duplicate,Provided and relevant,Yes,Received Late,Yes,NA,Yes,Yes,Clear,Clear,NIL,NA,NA,NA,Saved,Saved,Successfully Identified as Duplicate,NA,Pass,No Defect,NIL,NIL,Good output,Expected Output,,,
TL-4870,2026-07-09,Ithagani Shireesha,GDB,0.1,NIL,Web App,English,1f17b5ab-c3d1-6c00-8005-d52188e2bfed,Information regarding the application of Zinc in Wheat crop in Punjab?,Soil Health and Nutrient Management,11:25:00,11:25:06,25sec,Within SLA,Yes,Well Framed,English,English,Correct,NIL,NA,Yes,Rounaq Ansari,NA,NA,NA,NA,NA,NA,NA,NA,NA,NA,NA,NA,NA,NA,NA,NA,NA,NA,NA,NA,NA,NA,NA,NA,NA,NA,NA,Yes,Yes,Yes,Successfully Identified as Duplicate,Provided and relevant,Yes,Received Late,Yes,NA,Yes,Yes,Clear,Clear,NIL,NA,NA,NA,Saved,Saved,Successfully Identified as Duplicate,NA,Pass,No Defect,NIL,NIL,Good output,Expected Output,,,
TL-4888,2026-07-09,K. Deni Sudha,Unique,0.1,NIL,Both,English,6a4efafaeaadac38c7193143,What are the appropriate insecticide recommendations for controlling terminal pests in cauliflower crops in Odisha?,Plant protection,07:05:00,07:50:30,45.5,Within SLA,Wrongly Identified as Duplicate,Well Framed,English,English,Correct,NIL,NA,No,NA,NA,NA,NA,NA,NA,NA,NA,NA,NA,NA,NA,NA,NA,NA,NA,NA,NA,NA,NA,NA,NA,NA,NA,Anjali Chauhan,NA,7:50:30 AM,20.0,Wrongly Identified as Duplicate/Dynamic,Yes,Yes,Wrongly Identified as Duplicate,Provided & Relevant,Wrongly Identified as Duplicate/Dynamic,Received on Time,Yes,Yes,NA,NA,NA,NA,NIL,NA,NA,NA,Saved,Saved,Wrongly Identified as Duplicate,Yes,Pass,Low,,,"Wrong duplicate. Received 2nd answer,which is correct.",Anomaly Found in Output,,,
TL-4890,2026-07-09,K. Deni Sudha,Unique,0.1,NIL,Both,English,6a4efd03eaadac38c71931b6,What are the causes and management strategies for abnormal leaf growth and deformation in cauliflower crops in Odisha?,Plant protection,07:14:00,07:57:43,43.7,Within SLA,Wrongly Identified as Duplicate,Well Framed,English,English,Correct,NIL,NA,No,NA,NA,NA,NA,NA,NA,NA,NA,NA,NA,NA,NA,NA,NA,NA,NA,NA,NA,NA,NA,NA,NA,NA,NA,Utkarsh Singh Vishen,NA,7:57:43 AM,23.0,Wrongly Identified as Duplicate/Dynamic,Yes,Yes,Wrongly Identified as Duplicate,Provided & Relevant,Wrongly Identified as Duplicate/Dynamic,Received on Time,Yes,Yes,NA,NA,NA,NA,NIL,NA,NA,NA,Saved,Saved,Wrongly Identified as Duplicate,Yes,Pass,Low,,,"Wrong duplicate. Received 2nd answer,which is correct. When tested the same question in webapp, received 2nd answer which is same.",Anomaly Found in Output,,,
TL-4892,2026-07-09,K. Deni Sudha,Unique,0.1,NIL,Web App,English,6a4efea3eaadac38c7193313,What preventive measures and precautions should be taken to manage diseases during the cauliflower nursery stage in Odisha?,Plant protection,07:21:00,09:40:38,139.6,SLA Breached,Wrongly Identified as Duplicate,Well Framed,English,English,Correct,NIL,NA,No,NA,NA,NA,NA,NA,NA,NA,NA,NA,NA,NA,NA,NA,NA,NA,NA,NA,NA,NA,NA,NA,NA,NA,NA,Kavya Ponugoti,NA,9:40:38 AM,90.0,Wrongly Identified as Duplicate/Dynamic,Yes,Yes,Wrongly Identified as Duplicate,Provided & Relevant,Wrongly Identified as Duplicate/Dynamic,Received on Time,Yes,Yes,Yes,Yes,Clear,Clear,NIL,NA,NA,NA,Saved,Saved,Wrongly Identified as Duplicate,NA,Pass,Low,,,"Wrong duplicate. Received 2nd answer,which is correct.",Anomaly Found in Output,,,
TL-4893,2026-07-09,K. Deni Sudha,Unique,0.1,NIL,Web App,English,1ffb94a9-aba1-49d8-b57a-bcee951439e4,How can I manage ricey curd and fuzzy head symptoms in cauliflower crops in Odisha?,Plant protection,07:24:00,08:20:28,56.5,Within SLA,Successfully Identified as Duplicate,Well Framed,English,English,Correct,NIL,NA,No,NA,NA,NA,NA,NA,NA,NA,NA,NA,NA,NA,NA,NA,NA,NA,NA,NA,NA,NA,NA,NA,NA,NA,NA,Utkarsh Singh Vishen,NA,8:20:28 AM,7.0,Successfully Identified as Duplicate/Dynamic,Partially Correct,Yes,Successfully Identified as Duplicate,Provided & Relevant,Successfully Identified as Duplicate/Dynamic,Received on Time,Yes,Yes,Yes,Yes,Clear,Clear,NIL,NA,NA,NA,Saved,Saved,Successfully Identified as Duplicate,NA,PARTIAL,Low,,,"Partially correct duplicate.Answer is partially correct,as the fuzzy head isn't correctly addressed with the source. When tested the same question in webapp, received 2nd answer which is same.",Anomaly Found in Output,,,
TL-4896,2026-07-09,K. Deni Sudha,Unique,0.1,NIL,Web App,English,417e4307-6255-45b4-9568-d3ef6052e2c0,"Why are the leaves of my cauliflower crop appearing closed or tightly curled, and how can I manage this condition in Odisha?",Plant protection,07:45:00,09:22:12,97.2,Within SLA,Successfully Identified as Duplicate,Well Framed,English,English,Correct,NIL,NA,No,NA,NA,NA,NA,NA,NA,NA,NA,NA,NA,NA,NA,NA,NA,NA,NA,NA,NA,NA,NA,NA,NA,NA,NA,Anjali Chauhan,NA,9:22:12 AM,16.0,Successfully Identified as Duplicate/Dynamic,Partially Correct,Yes,Successfully Identified as Duplicate,Provided & Relevant,Successfully Identified as Duplicate/Dynamic,Received on Time,Yes,Yes,Yes,Yes,Clear,Clear,NIL,NA,NA,NA,Saved,Saved,Successfully Identified as Duplicate,NA,PARTIAL,Low,,,"Partially correct duplicate.Answer is partially correct, while the provided source also mentions whip tail. But this isn't included. When tested the same question in webapp, received 2nd answer which is same.",Anomaly Found in Output,,,
TL-4901,2026-07-09,K. Deni Sudha,Unique,0.1,NIL,Both,English,6a4f07e1eaadac38c7193530,What is the ideal rate of application for fertilizers in cauliflower cultivation to ensure optimal growth and curd formation in Odisha?,Soil Health and Nutrient Management,08:00:00,09:27:34,87.6,Within SLA,Successfully Identified as Duplicate,Well Framed,English,English,Correct,NIL,Correctly Tagged as Duplicate,No,NA,NA,NA,NA,NA,NA,NA,NA,NA,NA,NA,NA,NA,NA,NA,NA,NA,NA,NA,NA,NA,NA,NA,NA,Dheeraj Sharma,NA,9:27:34 AM,18.0,Successfully Identified as Duplicate/Dynamic,Yes,Yes,Successfully Identified as Duplicate,Provided & Relevant,Successfully Identified as Duplicate/Dynamic,Received on Time,Yes,Yes,NA,NA,NA,NA,NIL,NA,NA,NA,Saved,Saved,Successfully Identified as Duplicate,Yes,Pass,No Defect,,,"Duplicate. Received 2nd answer which is correct. When tested the same question in webapp, received 2nd answer which is same.",Expected Output,,,
TL-4916,2026-07-09,Rishi Kumar G,GDB,0.1,NIL,Web App,English,6a4f52661114af333a125897,Information regarding the control of Yellow rust in wheat in Punjab?,Disease Management,13:18:54,13:18:59,0.1,Within SLA,Successfully Identified as Duplicate,Well Framed,English,English,Good,NIL,Correctly Tagged as Duplicate,Duplicate,Aditya Kumar,NA,NA,NA,NA,NA,NA,NA,NA,NA,NA,NA,NA,NA,NA,NA,NA,NA,NA,NA,NA,NA,NA,NA,NA,NA,NA,NA,Successfully Identified as Duplicate/Dynamic,Yes,Yes,Successfully Identified as Duplicate,Yes,NA,NA,NA,NA,NA,NA,NA,NA,NA,NA,NA,NA,Yes,Duplicate,Successfully Identified as Duplicate,NA,Pass,No Defect,NA,NA,"GDB question, sucessfully identified as duplicate.",Expected Output,,,
TL-4918,2026-07-09,Rishi Kumar G,GDB,0.1,NIL,Web App,English,6a4f52f81114af333a1258aa,Information regarding the yellowing of tips of leaves of wheat at initial growth stage in Punjab?,Disease Management,13:21:21,13:21:31,0.1,Within SLA,Successfully Identified as Duplicate,Well Framed,English,English,Good,NIL,Correctly Tagged as Duplicate,Duplicate,Adheena Victor,NA,NA,NA,NA,NA,NA,NA,NA,NA,NA,NA,NA,NA,NA,NA,NA,NA,NA,NA,NA,NA,NA,NA,NA,NA,NA,NA,Successfully Identified as Duplicate/Dynamic,Yes,Yes,Successfully Identified as Duplicate,Yes,NA,NA,NA,NA,NA,NA,NA,NA,NA,NA,NA,NA,Yes,Duplicate,Successfully Identified as Duplicate,NA,Pass,No Defect,NA,NA,"GDB question, sucessfully identified as duplicate.",Expected Output,,,
TL-4919,2026-07-09,Rishi Kumar G,GDB,0.1,NIL,Web App,English,6a4f530c1114af333a1258ac,Information regarding the yellowing of wheat in Punjab?,Disease Management,13:21:40,13:21:52,0.1,Within SLA,Successfully Identified as Duplicate,Well Framed,English,English,Good,NIL,Correctly Tagged as Duplicate,Duplicate,Bisen Nupur Chandrakumar,NA,NA,NA,NA,NA,NA,NA,NA,NA,NA,NA,NA,NA,NA,NA,NA,NA,NA,NA,NA,NA,NA,NA,NA,NA,NA,NA,Successfully Identified as Duplicate/Dynamic,Yes,Yes,Successfully Identified as Duplicate,Yes,NA,NA,NA,NA,NA,NA,NA,NA,NA,NA,NA,NA,Yes,Duplicate,Successfully Identified as Duplicate,NA,Pass,No Defect,NA,NA,"GDB question, sucessfully identified as duplicate.",Expected Output,,,
TL-4920,2026-07-09,Rishi Kumar G,GDB,0.1,NIL,Web App,English,6a4f53241114af333a1258b5,Information regarding the yellowing of wheat after herbicide application in Punjab?,Weed Management,13:22:04,13:22:14,0.1,Within SLA,Successfully Identified as Duplicate,Well Framed,English,English,Good,NIL,Correctly Tagged as Duplicate,Duplicate,Salim Sahaji,NA,NA,NA,NA,NA,NA,NA,NA,NA,NA,NA,NA,NA,NA,NA,NA,NA,NA,NA,NA,NA,NA,NA,NA,NA,NA,NA,Successfully Identified as Duplicate/Dynamic,Yes,Yes,Successfully Identified as Duplicate,Yes,NA,NA,NA,NA,NA,NA,NA,NA,NA,NA,NA,NA,Yes,Duplicate,Successfully Identified as Duplicate,NA,Pass,No Defect,NA,NA,"GDB question, sucessfully identified as duplicate.",Expected Output,,,
TL-4921,2026-07-09,Rishi Kumar G,GDB,0.1,NIL,Web App,English,6a4f532e1114af333a1258b9,Information regarding total fertilizer application in Wheat crop in Punjab?,Fertiliser use & availability,13:22:14,13:22:24,0.1,Within SLA,Successfully Identified as Duplicate,Well Framed,English,English,Good,NIL,Correctly Tagged as Duplicate,Duplicate,Aditya Kumar,NA,NA,NA,NA,NA,NA,NA,NA,NA,NA,NA,NA,NA,NA,NA,NA,NA,NA,NA,NA,NA,NA,NA,NA,NA,NA,NA,Successfully Identified as Duplicate/Dynamic,Yes,Yes,Successfully Identified as Duplicate,Yes,NA,NA,NA,NA,NA,NA,NA,NA,NA,NA,NA,NA,Yes,Duplicate,Successfully Identified as Duplicate,NA,Pass,No Defect,NA,NA,"GDB question, sucessfully identified as duplicate.",Expected Output,,,
TL-4922,2026-07-09,Rishi Kumar G,GDB,0.1,NIL,Web App,English,6a4f534a1114af333a1258bb,Information regarding yellowing of wheat in heavy soils after irrigation in Punjab?,Soil Health and Nutrient Management,13:22:42,13:22:52,0.1,Within SLA,Successfully Identified as Duplicate,Well Framed,English,English,Good,NIL,Correctly Tagged as Duplicate,Duplicate,Satarupa Saha,NA,NA,NA,NA,NA,NA,NA,NA,NA,NA,NA,NA,NA,NA,NA,NA,NA,NA,NA,NA,NA,NA,NA,NA,NA,NA,NA,Successfully Identified as Duplicate/Dynamic,Yes,Yes,Successfully Identified as Duplicate,Yes,NA,NA,NA,NA,NA,NA,NA,NA,NA,NA,NA,NA,Yes,Duplicate,Successfully Identified as Duplicate,NA,Pass,No Defect,NA,NA,"GDB question, sucessfully identified as duplicate.",Expected Output,,,
TL-4923,2026-07-09,Rishi Kumar G,GDB,0.1,NIL,Web App,English,6a4f53751114af333a1258c1,query about control of root rot in wheat crop in Punjab?,Disease Management,13:23:25,13:23:35,0.1,Within SLA,Successfully Identified as Duplicate,Well Framed,English,English,Good,NIL,Correctly Tagged as Duplicate,Duplicate,Pallavi J P,NA,NA,NA,NA,NA,NA,NA,NA,NA,NA,NA,NA,NA,NA,NA,NA,NA,NA,NA,NA,NA,NA,NA,NA,NA,NA,NA,Successfully Identified as Duplicate/Dynamic,Yes,Yes,Successfully Identified as Duplicate,Yes,NA,NA,NA,NA,NA,NA,NA,NA,NA,NA,NA,NA,Yes,Duplicate,Successfully Identified as Duplicate,NA,Pass,No Defect,NA,NA,"GDB question, sucessfully identified as duplicate.",Expected Output,,,
TL-4924,2026-07-09,Rishi Kumar G,GDB,0.1,NIL,Web App,English,6a4f538b1114af333a1258c3,Information regarding the control of Aphid in wheat in Punjab?,Insect–Pest Management,13:23:47,13:23:57,0.1,Within SLA,Successfully Identified as Duplicate,Well Framed,English,English,Good,NIL,Correctly Tagged as Duplicate,Duplicate,Rojan Darjee,NA,NA,NA,NA,NA,NA,NA,NA,NA,NA,NA,NA,NA,NA,NA,NA,NA,NA,NA,NA,NA,NA,NA,NA,NA,NA,NA,Successfully Identified as Duplicate/Dynamic,Yes,Yes,Successfully Identified as Duplicate,Yes,NA,NA,NA,NA,NA,NA,NA,NA,NA,NA,NA,NA,Yes,Duplicate,Successfully Identified as Duplicate,NA,Pass,No Defect,NA,NA,"GDB question, sucessfully identified as duplicate.",Expected Output,,,
TL-4926,2026-07-09,Rishi Kumar G,GDB,0.1,NIL,Web App,English,6a4f54e31114af333a125913,information regarding application of fungicide tilt in Punjab?,Disease Management,13:29:31,13:29:42,0.1,Within SLA,Successfully Identified as Duplicate,Well Framed,English,English,Good,NIL,Correctly Tagged as Duplicate,Duplicate,Satarupa Saha,NA,NA,NA,NA,NA,NA,NA,NA,NA,NA,NA,NA,NA,NA,NA,NA,NA,NA,NA,NA,NA,NA,NA,NA,NA,NA,NA,Successfully Identified as Duplicate/Dynamic,Yes,Yes,Successfully Identified as Duplicate,Yes,NA,NA,NA,NA,NA,NA,NA,NA,NA,NA,NA,NA,Yes,Duplicate,Successfully Identified as Duplicate,NA,Pass,No Defect,NA,NA,"GDB question, sucessfully identified as duplicate.",Expected Output,,,
TL-4927,2026-07-09,Rishi Kumar G,GDB,0.1,NIL,Web App,English,6a4f55071114af333a125915,Information regarding Army worm control in wheat crop in Punjab?,Insect–Pest Management,13:30:07,13:30:17,0.1,Within SLA,Successfully Identified as Duplicate,Well Framed,English,English,Good,NIL,Correctly Tagged as Duplicate,Duplicate,Pallavi J P,NA,NA,NA,NA,NA,NA,NA,NA,NA,NA,NA,NA,NA,NA,NA,NA,NA,NA,NA,NA,NA,NA,NA,NA,NA,NA,NA,Successfully Identified as Duplicate/Dynamic,Yes,Yes,Successfully Identified as Duplicate,Yes,NA,NA,NA,NA,NA,NA,NA,NA,NA,NA,NA,NA,Yes,Duplicate,Successfully Identified as Duplicate,NA,Pass,No Defect,NA,NA,"GDB question, sucessfully identified as duplicate.",Expected Output,,,
TL-4928,2026-07-09,Rishi Kumar G,GDB,0.1,NIL,Web App,English,6a4f553d1114af333a12591e,INFORMATION REGARDING BETTER GROWTH OF WHEAT AFTER THE DOSE OF UREA in Punjab?,Fertiliser use & availability,13:31:01,13:31:11,0.1,Within SLA,Successfully Identified as Duplicate,Well Framed,English,English,Good,NIL,Correctly Tagged as Duplicate,Duplicate,Utkarsh Singh Vishen,NA,NA,NA,NA,NA,NA,NA,NA,NA,NA,NA,NA,NA,NA,NA,NA,NA,NA,NA,NA,NA,NA,NA,NA,NA,NA,NA,Successfully Identified as Duplicate/Dynamic,Yes,Yes,Successfully Identified as Duplicate,Yes,NA,NA,NA,NA,NA,NA,NA,NA,NA,NA,NA,NA,Yes,Duplicate,Successfully Identified as Duplicate,NA,Pass,No Defect,NA,NA,"GDB question, sucessfully identified as duplicate.",Expected Output,,,
TL-4929,2026-07-09,Rishi Kumar G,GDB,0.1,NIL,Web App,English,6a4f55f81114af333a12595a,Information regarding bordeaux paint in Punjab?,Disease Management,13:34:08,13:34:18,0.1,Within SLA,Successfully Identified as Duplicate,Well Framed,English,English,Good,NIL,Correctly Tagged as Duplicate,Duplicate,Rounaq Ansari,NA,NA,NA,NA,NA,NA,NA,NA,NA,NA,NA,NA,NA,NA,NA,NA,NA,NA,NA,NA,NA,NA,NA,NA,NA,NA,NA,Successfully Identified as Duplicate/Dynamic,Yes,Yes,Successfully Identified as Duplicate,Yes,NA,NA,NA,NA,NA,NA,NA,NA,NA,NA,NA,NA,Yes,Duplicate,Successfully Identified as Duplicate,NA,Pass,No Defect,NA,NA,"GDB question, sucessfully identified as duplicate.",Expected Output,,,
TL-4930,2026-07-09,Rishi Kumar G,GDB,0.1,NIL,Web App,English,6a4f55c11114af333a125954,Information regarding Contact no. Of Hoshiarpur KVK in Punjab?,Financial & Institutional Services,13:33:13,13:33:23,0.1,Within SLA,Successfully Identified as Duplicate,Well Framed,English,English,Good,NIL,Correctly Tagged as Duplicate,Duplicate,Adheena Victor,NA,NA,NA,NA,NA,NA,NA,NA,NA,NA,NA,NA,NA,NA,NA,NA,NA,NA,NA,NA,NA,NA,NA,NA,NA,NA,NA,Successfully Identified as Duplicate/Dynamic,Yes,Yes,Successfully Identified as Duplicate,Yes,NA,NA,NA,NA,NA,NA,NA,NA,NA,NA,NA,NA,Yes,Duplicate,Successfully Identified as Duplicate,NA,Pass,No Defect,NA,NA,"GDB question, sucessfully identified as duplicate.",Expected Output,,,
TL-5039,2026-07-10,T.Vishnu Vardhan,GDB,0.1,NIL,Web App,English,6a5090d8336d255511282502,Information about Nano urea in wheat in Punjab?,Fertiliser use & availability,11:57:00,11:57:00,0.1,Within SLA,Successfully Identified as Duplicate,Well Framed,English,English,Good,"NIL, no error",Correctly Tagged as Duplicate,NO,,NA,NA,NA,NA,NA,NA,NA,NA,NA,NA,NA,NA,NA,NA,NA,NA,NA,NA,NA,NA,NA,NA,NA,NA,NA,NA,NA,Successfully Identified as Duplicate/Dynamic,Yes,Yes,Yes,Provided & Relevant,No,Received on Time,Yes,Yes,Yes,Yes,Clear,Clear,Took 8 seconds to start,NA,NA,NA,Duplicate,Saved,Successfully Identified as Duplicate,NA,Pass,No Defect,,,"GDB question, succesfully identified as duplicate.",Expected Output,,,
TL-5040,2026-07-10,T.Vishnu Vardhan,GDB,0.1,NIL,Web App,English,6a509184336d255511282512,Information regarding the spray of growth regulator in wheat variety HD-3226 for height control  in Punjab?,Plant protection,12:00:00,12:00:00,0.1,Within SLA,Successfully Identified as Duplicate,Well Framed,English,English,Good,"NIL, no error",Correctly Tagged as Duplicate,NO,Salim Sahaji,NA,NA,NA,NA,NA,NA,NA,NA,NA,NA,NA,NA,NA,NA,NA,NA,NA,NA,NA,NA,NA,NA,NA,NA,NA,NA,NA,Successfully Identified as Duplicate/Dynamic,Yes,Yes,Yes,Provided & Relevant,No,Received on Time,Yes,Yes,Yes,Yes,Clear,Clear,Took 8 seconds to start,NA,NA,NA,Duplicate,Saved,Successfully Identified as Duplicate,NA,Pass,No Defect,,,"GDB question, succesfully identified as duplicate.",Expected Output,,,
TL-5041,2026-07-10,T.Vishnu Vardhan,GDB,0.1,NIL,Web App,English,6a50a722336d25551128274d,Information regarding total fertilizer application in Wheat crop in Punjab?,Fertiliser use & availability,13:32:00,13:32:00,0.1,Within SLA,Successfully Identified as Duplicate,Well Framed,English,English,Good,"NIL, no error",Correctly Tagged as Duplicate,NO,Khaja Suhaib,NA,NA,NA,NA,NA,NA,NA,NA,NA,NA,NA,NA,NA,NA,NA,NA,NA,NA,NA,NA,NA,NA,NA,NA,NA,NA,NA,Successfully Identified as Duplicate/Dynamic,Yes,Yes,Yes,Provided & Relevant,No,Received on Time,Yes,Yes,Yes,Yes,Clear,Clear,Took 8 seconds to start,NA,NA,NA,Duplicate,Saved,Successfully Identified as Duplicate,NA,Pass,No Defect,,,"GDB question, succesfully identified as duplicate.",Expected Output,,,
TL-5042,2026-07-10,T.Vishnu Vardhan,GDB,0.1,NIL,Web App,English,6a50a764336d2555112827b9,Information regarding the control of Zinc deficiency in wheat crop in Punjab?,Soil Health and Nutrient Management,1:33 PM,1:33 PM,0.1,Within SLA,Successfully Identified as Duplicate,Well Framed,English,English,Good,"NIL, no error",Correctly Tagged as Duplicate,NO,Ravindra Prasad,NA,NA,NA,NA,NA,NA,NA,NA,NA,NA,NA,NA,NA,NA,NA,NA,NA,NA,NA,NA,NA,NA,NA,NA,NA,NA,NA,Successfully Identified as Duplicate/Dynamic,Yes,Yes,Yes,Provided & Relevant,No,Received on Time,Yes,Yes,Yes,Yes,Clear,Clear,Took 8 seconds to start,NA,NA,NA,Duplicate,Saved,Successfully Identified as Duplicate,NA,Pass,No Defect,,,"GDB question, succesfully identified as duplicate.",Expected Output,,,
TL-5043,2026-07-10,T.Vishnu Vardhan,GDB,0.1,NIL,Web App,English,6a50a970336d255511282886,Information regarding the control of Manganese deficiency in Wheat in Punjab?,Soil Health and Nutrient Management,13:42:00,13:42:00,0.1,Within SLA,Successfully Identified as Duplicate,Well Framed,English,English,Good,"NIL, no error",Correctly Tagged as Duplicate,NO,Khaja Suhaib,NA,NA,NA,NA,NA,NA,NA,NA,NA,NA,NA,NA,NA,NA,NA,NA,NA,NA,NA,NA,NA,NA,NA,NA,NA,NA,NA,Successfully Identified as Duplicate/Dynamic,Yes,Yes,Yes,Provided & Relevant,No,Received on Time,Yes,Yes,Yes,Yes,Clear,Clear,Took 8 seconds to start,NA,NA,NA,Duplicate,Saved,Successfully Identified as Duplicate,NA,Pass,No Defect,,,"GDB question, succesfully identified as duplicate.",Expected Output,,,
TL-5044,2026-07-10,T.Vishnu Vardhan,GDB,0.1,NIL,Web App,English,6a50a9d4336d255511282890,Information regarding the better growth of wheat after applied recommended dose of urea in Punjab?,Soil Health and Nutrient Management,13:44:00,13:44:00,0.1,Within SLA,Successfully Identified as Duplicate,Well Framed,English,English,Good,"NIL, no error",Correctly Tagged as Duplicate,NO,Utkarsh Singh Vishen,NA,NA,NA,NA,NA,NA,NA,NA,NA,NA,NA,NA,NA,NA,NA,NA,NA,NA,NA,NA,NA,NA,NA,NA,NA,NA,NA,Successfully Identified as Duplicate/Dynamic,Yes,Yes,Yes,Provided & Relevant,No,Received on Time,Yes,Yes,Yes,Yes,Clear,Clear,Took 8 seconds to start,NA,NA,NA,Duplicate,Saved,Successfully Identified as Duplicate,NA,Pass,No Defect,,,"GDB question, succesfully identified as duplicate.",Expected Output,,,
TL-5045,2026-07-10,T.Vishnu Vardhan,GDB,0.1,NIL,Web App,English,6a50aa64336d2555112828d4,Information regarding the sufficient gap between herbicide application and urea for wheat crop in Punjab?,Weed Management,13:46:00,13:46:00,0.1,Within SLA,Successfully Identified as Duplicate,Well Framed,English,English,Good,"NIL, no error",Correctly Tagged as Duplicate,NO,Adheena Victor,NA,NA,NA,NA,NA,NA,NA,NA,NA,NA,NA,NA,NA,NA,NA,NA,NA,NA,NA,NA,NA,NA,NA,NA,NA,NA,NA,Successfully Identified as Duplicate/Dynamic,Yes,Yes,Yes,Provided & Relevant,No,Received on Time,Yes,Yes,Yes,Yes,Clear,Clear,Took 8 seconds to start,NA,NA,NA,Duplicate,Saved,Successfully Identified as Duplicate,NA,Pass,No Defect,,,"GDB question, succesfully identified as duplicate.",Expected Output,,,
TL-5046,2026-07-10,T.Vishnu Vardhan,GDB,0.1,NIL,Web App,English,6a50afa1336d255511282b14,Information regarding the yellowing of wheat in Punjab?,Plant protection,14:08:00,14:08:00,0.1,Within SLA,Successfully Identified as Duplicate,Well Framed,English,English,Good,"NIL, no error",Correctly Tagged as Duplicate,NO,Aditi Dhadwal,NA,NA,NA,NA,NA,NA,NA,NA,NA,NA,NA,NA,NA,NA,NA,NA,NA,NA,NA,NA,NA,NA,NA,NA,NA,NA,NA,Successfully Identified as Duplicate/Dynamic,Yes,Yes,Yes,Provided & Relevant,No,Received on Time,Yes,Yes,Yes,Yes,Clear,Clear,,NA,NA,NA,Duplicate,Saved,Successfully Identified as Duplicate,NA,Pass,No Defect,,,"GDB question, succesfully identified as duplicate.",Expected Output,,,
TL-5047,2026-07-10,T.Vishnu Vardhan,GDB,0.1,NIL,Web App,English,6a50afc8336d255511282b1d,Information regarding the yellowing of wheat after herbicide application in Punjab?,Plant protection,14:09:00,14:09:00,0.1,Within SLA,Successfully Identified as Duplicate,Well Framed,English,English,Good,"NIL, no error",Correctly Tagged as Duplicate,NO,Pallavi J P,NA,NA,NA,NA,NA,NA,NA,NA,NA,NA,NA,NA,NA,NA,NA,NA,NA,NA,NA,NA,NA,NA,NA,NA,NA,NA,NA,Successfully Identified as Duplicate/Dynamic,Yes,Yes,Yes,Provided & Relevant,No,Received on Time,Yes,Yes,Yes,Yes,Clear,Clear,,NA,NA,NA,Duplicate,Saved,Successfully Identified as Duplicate,NA,Pass,No Defect,,,"GDB question, succesfully identified as duplicate.",Expected Output,,,
TL-5048,2026-07-10,T.Vishnu Vardhan,GDB,0.1,NIL,Web App,English,6a50b037336d255511282b25,Information regarding the application of Sulphur in Wheat crop in Punjab?,Soil Health and Nutrient Management,14:11:00,14:11:00,0.1,Within SLA,Successfully Identified as Duplicate,Well Framed,English,English,Good,"NIL, no error",Correctly Tagged as Duplicate,NO,Utkarsh Singh Vishen,NA,NA,NA,NA,NA,NA,NA,NA,NA,NA,NA,NA,NA,NA,NA,NA,NA,NA,NA,NA,NA,NA,NA,NA,NA,NA,NA,Successfully Identified as Duplicate/Dynamic,Yes,Yes,Yes,Provided & Relevant,No,Received on Time,Yes,Yes,Yes,Yes,Clear,Clear,,NA,NA,NA,Duplicate,Saved,Successfully Identified as Duplicate,NA,Pass,No Defect,,,"GDB question, succesfully identified as duplicate.",Expected Output,,,
TL-5049,2026-07-10,T.Vishnu Vardhan,GDB,0.1,NIL,Web App,English,6a50b09e336d255511282b2e,What is the recommended dose of Nano Urea for wheat in Punjab?,Fertiliser use & availability,14:12:00,14:12:00,0.1,Within SLA,Successfully Identified as Duplicate,Well Framed,English,English,Good,"NIL, no error",Correctly Tagged as Duplicate,NO,Adheena Victor,NA,NA,NA,NA,NA,NA,NA,NA,NA,NA,NA,NA,NA,NA,NA,NA,NA,NA,NA,NA,NA,NA,NA,NA,NA,NA,NA,Successfully Identified as Duplicate/Dynamic,Yes,Yes,Yes,Provided & Relevant,No,Received on Time,Yes,Yes,Yes,Yes,Clear,Clear,,NA,NA,NA,Duplicate,Saved,Successfully Identified as Duplicate,NA,Pass,No Defect,,,"GDB question, succesfully identified as duplicate.",Expected Output,,,
TL-5050,2026-07-10,T.Vishnu Vardhan,GDB,0.1,NIL,Web App,English,6a50b0c9336d255511282b35,Information regarding the control of Potash deficiency in Wheat in Punjab?,Soil Health and Nutrient Management,14:13:00,14:13:00,0.1,Within SLA,Successfully Identified as Duplicate,Well Framed,English,English,Good,"NIL, no error",Correctly Tagged as Duplicate,NO,Salim Sahaji,NA,NA,NA,NA,NA,NA,NA,NA,NA,NA,NA,NA,NA,NA,NA,NA,NA,NA,NA,NA,NA,NA,NA,NA,NA,NA,NA,Successfully Identified as Duplicate/Dynamic,Yes,Yes,Yes,Provided & Relevant,No,Received on Time,Yes,Yes,Yes,Yes,Clear,Clear,,NA,NA,NA,Duplicate,Saved,Successfully Identified as Duplicate,NA,Pass,No Defect,,,"GDB question, succesfully identified as duplicate.",Expected Output,,,
TL-5055,2026-07-10,Ithagani Shireesha,Unique,0.1,NIL,Web App,English,1f17c06a-73b9-6bba-8005-eab2bd4d0fb3,What are the best practices for preventing post-harvest losses and managing storage issues in pumpkins in odisha?,Post-Harvest Management and Storage,07:55:00,11:53:00,4h,Within SLA,Yes,Well Framed,English,English,Correct,NIL,NA,Yes,Jayashree N,08:13:16,10:00:06,1h 46m 50s,Mariselvi,10:51:04 AM,11:02:15 AM,11m 10s,Vinay,11:21:04 AM,11:35:20 AM,14m 16s,Rajwant Kaur,11:36:04 AM,11:43:29 AM,7m 25s,,,,,,,,,Dheeraj Sharma,,11:53:46 AM,9 minutes 46 seconds 426 ms,Yes,Yes,Yes,Yes,Provided and relevant,Yes,Received Late,Yes,NA,Yes,Yes,Clear,Clear,NIL,NA,NA,NA,Yes,Saved,Yes,NA,Pass,No Defect,NIL,NIL,Good output,Expected Output,,,
TL-5056,2026-07-10,Ithagani Shireesha,Unique,0.1,NIL,Web App,English,1f17c06b-3b8b-6961-8005-e417099b10da,"What are the causes of bud drop in pumpkin crops, and how can it be effectively managed in odisha?",Plant protection,07:56:00,08:28:00,1h,Within SLA,Yes,Well Framed,English,English,Correct,NIL,NA,Yes,Yash Praveen Khot,NA,NA,NA,NA,NA,NA,NA,NA,NA,NA,NA,NA,NA,NA,NA,,,,,,,,,Ravindra Prasad,,8:28:05 AM,31 minutes 5 seconds 302 ms,Yes,Yes,Yes,Yes,Provided and relevant,Yes,Received on Time,Yes,NA,Yes,Yes,Clear,Clear,NIL,NA,NA,NA,Yes,Saved,Yes,NA,Pass,No Defect,NIL,NIL,Good output,Expected Output,,,
TL-5058,2026-07-10,Ithagani Shireesha,Unique,0.1,NIL,Web App,English,1f17c06f-8c00-6b21-8005-ab87faa259aa,How can I identify and manage Leaf Folder infestations in pumpkin crops in odisha?,Plant protection,", 07:58 AM",08:18:00,1h,Within SLA,Yes,Well Framed,English,English,Correct,NIL,NA,Yes,Shivendra Pratap Singh,,,,,,,,,,,,,,,,,,,,,,,,Anjali Chauha,,8:18:38 AM,19 minutes 38 seconds 806 ms,Yes,Yes,Yes,Yes,Provided and relevant,Yes,Received on Time,Yes,NA,Yes,Yes,clear,Clear,NIL,NA,NA,NA,Yes,Saved,Yes,NA,Pass,No Defect,Nil,Nil,Good output,Expected Output,,,
TL-5067,2026-07-10,Ithagani Shireesha,GDB,0.1,NIL,Web App,English,1f17c31a-332b-631f-8009-f4558069a016,Information regarding mixing of sagarika with urea in Punjab?,Fertiliser use & availability,13:03:00,13:03:25,3sec,Within SLA,Yes,Well Framed,English,English,Correct,NIL,Correctly Tagged as Duplicate,Yes,Adheena Victor,NA,NA,NA,NA,NA,NA,NA,NA,NA,NA,NA,NA,NA,NA,NA,NA,NA,NA,NA,NA,NA,NA,NA,NA,NA,NA,NA,Successfully Identified as Duplicate/Dynamic,Yes,Yes,Yes,Provided and relevant,Yes,NA,NA,NA,Yes,Yes,Clear,Clear,NIL,NA,NA,NA,Yes,Saved,Successfully Identified as Duplicate,NA,Pass,No Defect,NIL,NIL,Good output,Expected Output,,,
TL-5068,2026-07-10,Ithagani Shireesha,GDB,0.1,NIL,Web App,English,1f17c320-3a48-674c-8005-79d84a4f6b8c,Inforamtion regarding the control of Nitrogen deficiency in Wheat in Punjab?,Soil Health and Nutrient Management,13:06:00,13:06:07,6sec,Within SLA,Yes,Well Framed,English,English,Correct,NIL,Correctly Tagged as Duplicate,Yes,Rajwant Kaur,NA,NA,NA,NA,NA,NA,NA,NA,NA,NA,NA,NA,NA,NA,NA,NA,NA,NA,NA,NA,NA,NA,NA,NA,NA,NA,NA,Successfully Identified as Duplicate/Dynamic,Yes,Yes,Yes,Provided and relevant,Yes,NA,NA,NA,Yes,Yes,Clear,Clear,NIL,NA,NA,NA,Yes,Saved,Successfully Identified as Duplicate,NA,Pass,No Defect,NIL,NIL,Good output,Expected Output,,,
TL-5069,2026-07-10,Ithagani Shireesha,GDB,0.1,NIL,Web App,English,1f17c325-6b9d-606b-8005-9e894fa50d0f,Information regarding the growth of wheat crop in organic farming in Punjab?,Organic and Natural Farming,13:08:00,13:08:27,8sec,Within SLA,Yes,Well Framed,English,English,Correct,NIL,Correctly Tagged as Duplicate,Yes,Simranpreet Kaur,NA,NA,NA,NA,NA,NA,NA,NA,NA,NA,NA,NA,NA,NA,NA,NA,NA,NA,NA,NA,NA,NA,NA,NA,NA,NA,NA,Successfully Identified as Duplicate/Dynamic,Yes,Yes,Yes,Provided and relevant,Yes,NA,NA,NA,Yes,Yes,Clear,Clear,NIL,NA,NA,NA,Yes,Saved,Successfully Identified as Duplicate,NA,Pass,No Defect,NIL,NIL,Good output,Expected Output,,,
TL-5070,2026-07-10,Ithagani Shireesha,GDB,0.1,NIL,Web App,English,1f17c32a-d906-6028-8005-1fd3b402337e,Inforamtion regarding the control of Phosphorous deficiency in Wheat in Punjab?,Soil Health and Nutrient Management,13:10:00,13:10:52,10sec,Within SLA,Yes,Well Framed,English,English,Correct,NIL,Correctly Tagged as Duplicate,Yes,Anmol Kaundal,NA,NA,NA,NA,NA,NA,NA,NA,NA,NA,NA,NA,NA,NA,NA,NA,NA,NA,NA,NA,NA,NA,NA,NA,NA,NA,NA,Successfully Identified as Duplicate/Dynamic,Yes,Yes,Yes,Provided and relevant,Yes,NA,NA,NA,Yes,Yes,Clear,Clear,NIL,NA,NA,NA,Yes,Saved,Successfully Identified as Duplicate,NA,Pass,No Defect,NIL,NIL,Good output,Expected Output,,,
TL-5071,2026-07-10,Ithagani Shireesha,GDB,0.1,NIL,Web App,English,1f17c32d-cc56-6512-8005-2917851ef265,Information regarding the combine control of grassy weeds and broad leaf weeds in wheat  in Punjab?,Weed Management,13:12:00,13:12:11,12sec,Within SLA,Yes,Well Framed,English,English,Correct,NIL,Correctly Tagged as Duplicate,Yes,Pallavi J P,NA,NA,NA,NA,NA,NA,NA,NA,NA,NA,NA,NA,NA,NA,NA,NA,NA,NA,NA,NA,NA,NA,NA,NA,NA,NA,NA,Successfully Identified as Duplicate/Dynamic,Yes,Yes,Yes,Provided and relevant,Yes,NA,NA,NA,Yes,Yes,Clear,Clear,NIL,NA,NA,NA,Yes,Saved,Successfully Identified as Duplicate,NA,Pass,No Defect,NIL,NIL,Good output,Expected Output,,,
TL-5072,2026-07-10,Ithagani Shireesha,GDB,0.1,NIL,Web App,English,1f17c332-9099-6de1-8005-21d028dd0a63,Information regarding Contact no. Of Patiala KVK,Extension & Capacity Building,13:14:00,13:14:19,14sec,Within SLA,Yes,Well Framed,English,English,Correct,NIL,Correctly Tagged as Duplicate,Yes,Girishma Gonnabathula,NA,NA,NA,NA,NA,NA,NA,NA,NA,NA,NA,NA,NA,NA,NA,NA,NA,NA,NA,NA,NA,NA,NA,NA,NA,NA,NA,Successfully Identified as Duplicate/Dynamic,Yes,Yes,Yes,Provided and relevant,Yes,NA,NA,NA,Yes,Yes,Clear,Clear,NIL,NA,NA,NA,Yes,Saved,Successfully Identified as Duplicate,NA,Pass,No Defect,NIL,NIL,Good output,Expected Output,,,
TL-5073,2026-07-10,Ithagani Shireesha,GDB,0.1,NIL,Web App,English,1f17c336-4518-6ed0-8005-d6dd41fbefb4,Information regarding the control of Calcium deficiency in Wheat  in Punjab?,Soil Health and Nutrient Management,13:16:00,13:15:59,15sec,Within SLA,Yes,Well Framed,English,English,Correct,NIL,Correctly Tagged as Duplicate,Yes,Salim Sahaji,NA,NA,NA,NA,NA,NA,NA,NA,NA,NA,NA,NA,NA,NA,NA,NA,NA,NA,NA,NA,NA,NA,NA,NA,NA,NA,NA,Successfully Identified as Duplicate/Dynamic,Yes,Yes,Yes,Provided and relevant,Yes,NA,NA,NA,Yes,Yes,Clear,Clear,NIL,NA,NA,NA,Yes,Saved,Successfully Identified as Duplicate,NA,Pass,No Defect,NIL,NIL,Good output,Expected Output,,,
TL-5074,2026-07-10,Ithagani Shireesha,GDB,0.1,NIL,Web App,English,1f17c33a-ab10-6a13-8005-6b08a6e8b1dd,How much humic acid fertilizer per acre for wheat crop in Punjab?,Soil Health and Nutrient Management,13:18:00,13:17:57,17sec,Within SLA,Yes,Well Framed,English,English,Correct,NIL,Correctly Tagged as Duplicate,Yes,Salim Sahaji,NA,NA,NA,NA,NA,NA,NA,NA,NA,NA,NA,NA,NA,NA,NA,NA,NA,NA,NA,NA,NA,NA,NA,NA,NA,NA,NA,Successfully Identified as Duplicate/Dynamic,Yes,Yes,Yes,Provided and relevant,Yes,NA,NA,NA,Yes,Yes,Clear,Clear,NIL,NA,NA,NA,Yes,Saved,Successfully Identified as Duplicate,NA,Pass,No Defect,NIL,NIL,Good output,Expected Output,,,
TL-5075,2026-07-10,Ithagani Shireesha,GDB,0.1,NIL,Web App,English,1f17c33f-8be0-6d23-8005-7dcc61e5dc12,Information regarding the foliar spray for increasing grain yield of Wheat in Punjabt?,Soil Health and Nutrient Management,13:20:00,13:20:08,20sec,Within SLA,Yes,Well Framed,English,English,Correct,NIL,Correctly Tagged as Duplicate,Yes,Shivendra Pratap Singh,NA,NA,NA,NA,NA,NA,NA,NA,NA,NA,NA,NA,NA,NA,NA,NA,NA,NA,NA,NA,NA,NA,NA,NA,NA,NA,NA,Successfully Identified as Duplicate/Dynamic,Yes,Yes,Yes,Provided and relevant,Yes,NA,NA,NA,Yes,Yes,Clear,Clear,NIL,NA,NA,NA,Yes,Saved,Successfully Identified as Duplicate,NA,Pass,No Defect,NIL,NIL,Good output,Expected Output,,,
TL-5076,2026-07-10,Ithagani Shireesha,GDB,0.1,NIL,Web App,English,1f17c347-b4cc-68ab-8005-b8ea847af91a,information regarding control of chelated zinc deficiency in WHEAT  in Punjab?,Soil Health and Nutrient Management,", 01:23 PM",13:23:47,23sec,Within SLA,Yes,Well Framed,English,English,Correct,NIL,Correctly Tagged as Duplicate,Yes,Rohan Chand,NA,NA,NA,NA,NA,NA,NA,NA,NA,NA,NA,NA,NA,NA,NA,NA,NA,NA,NA,NA,NA,NA,NA,NA,NA,NA,NA,Successfully Identified as Duplicate/Dynamic,Yes,Yes,Yes,Provided and relevant,Yes,NA,NA,NA,Yes,Yes,Clear,Clear,NIL,NA,NA,NA,Yes,Saved,Successfully Identified as Duplicate,NA,Pass,No Defect,NIL,NIL,Good output,Expected Output,,,
TL-5077,2026-07-10,Ithagani Shireesha,GDB,0.1,NIL,Web App,English,1f17c34e-ec3a-6688-8005-a747f9b677f5,Information regardingthe best time to apply urea in wheat crop evening or morning  in Punjab?,Soil Health and Nutrient Management,", 01:27 PM",13:27:01,27sec,Within SLA,Yes,Well Framed,English,English,Correct,NIL,Correctly Tagged as Duplicate,Yes,Salim Sahaji,NA,NA,NA,NA,NA,NA,NA,NA,NA,NA,NA,NA,NA,NA,NA,NA,NA,NA,NA,NA,NA,NA,NA,NA,NA,NA,NA,Successfully Identified as Duplicate/Dynamic,Yes,Yes,Yes,Provided and relevant,Yes,NA,NA,NA,Yes,Yes,Clear,Clear,NIL,NA,NA,NA,Yes,Saved,Successfully Identified as Duplicate,NA,Pass,No Defect,NIL,NIL,Good output,Expected Output,,,
TL-5078,2026-07-10,Ithagani Shireesha,GDB,0.1,NIL,Web App,English,1f17c360-8397-6000-8005-5f935d89a195,For control of yellowing of wheat after herbicide application spray 1 kg N:P:K 19:19:19 in 100 liters of water per acre in Punjab.,Soil Health and Nutrient Management,13:34:00,13:34:53,34sec,Within SLA,Yes,Well Framed,English,English,Correct,NIL,Correctly Tagged as Duplicate,Yes,Adheena Victor,NA,NA,NA,NA,NA,NA,NA,NA,NA,NA,NA,NA,NA,NA,NA,NA,NA,NA,NA,NA,NA,NA,NA,NA,NA,NA,NA,Successfully Identified as Duplicate/Dynamic,Yes,Yes,Yes,Provided and relevant,Yes,NA,NA,NA,Yes,Yes,Clear,Clear,NIL,NA,NA,NA,Yes,Saved,Successfully Identified as Duplicate,NA,Pass,No Defect,NIL,NIL,Good output,Expected Output,,,
TL-5079,2026-07-10,Ithagani Shireesha,GDB,0.1,NIL,Web App,English,1f17c37d-fa92-6fad-8009-40dafe81f9b6,Information regarding applying method of Nano urea in Punjab?,Soil Health and Nutrient Management,13:48:00,13:48:04,48sec,Within SLA,Yes,Well Framed,English,English,Correct,NIL,Correctly Tagged as Duplicate,Yes,Adheena Victor,NA,NA,NA,NA,NA,NA,NA,NA,NA,NA,NA,NA,NA,NA,NA,NA,NA,NA,NA,NA,NA,NA,NA,NA,NA,NA,NA,Successfully Identified as Duplicate/Dynamic,Yes,Yes,Yes,Provided and relevant,Yes,NA,NA,NA,Yes,Yes,Clear,Clear,NIL,NA,NA,NA,Yes,Saved,Successfully Identified as Duplicate,NA,Pass,No Defect,NIL,NIL,Good output,Expected Output,,,
TL-5080,2026-07-10,Ithagani Shireesha,GDB,0.1,NIL,Web App,English,1f17c384-e616-6fbd-8005-a027168af34b,Information regarding control of broad leaf weeds in wheat crops in Punjab? (35-45 DAS),Soil Health and Nutrient Management,13:51:00,13:51:10,51sec,Within SLA,Yes,Well Framed,English,English,Correct,NIL,Correctly Tagged as Duplicate,Yes,Satarupa Saha,NA,NA,NA,NA,NA,NA,NA,NA,NA,NA,NA,NA,NA,NA,NA,NA,NA,NA,NA,NA,NA,NA,NA,NA,NA,NA,NA,Successfully Identified as Duplicate/Dynamic,Yes,Yes,Yes,Provided and relevant,Yes,NA,NA,NA,Yes,Yes,Clear,Clear,NIL,NA,NA,NA,Yes,Saved,Successfully Identified as Duplicate,NA,Pass,No Defect,NIL,NIL,Good output,Expected Output,,,
TL-5081,2026-07-10,Ithagani Shireesha,GDB,0.1,NIL,Web App,English,1f17c38b-e218-6a3b-8005-546baa4c3f4c,Information regarding control of yellowing in the seedling stage of wheat  in Punjab?,Plant protection,13:54:00,13:54:17,54sec,Within SLA,Yes,Well Framed,English,English,Correct,NIL,Correctly Tagged as Duplicate,Yes,Salim Sahaji,NA,NA,NA,NA,NA,NA,NA,NA,NA,NA,NA,NA,NA,NA,NA,NA,NA,NA,NA,NA,NA,NA,NA,NA,NA,NA,NA,Successfully Identified as Duplicate/Dynamic,Yes,Yes,Yes,Provided and relevant,Yes,NA,NA,NA,Yes,Yes,Clear,Clear,NIL,NA,NA,NA,Yes,Saved,Successfully Identified as Duplicate,NA,Pass,No Defect,NIL,NIL,Good output,Expected Output,,,
TL-5082,2026-07-10,Ithagani Shireesha,GDB,0.1,NIL,Web App,English,1f17c38f-bf62-636d-8005-c80ddeb9d059,Information regarding control of zinc and nitrogen deficiency in wheat in Punjab?,Soil Health and Nutrient Management,13:56:00,13:56:01,56sec,Within SLA,Yes,Well Framed,English,English,Correct,NIL,Correctly Tagged as Duplicate,Yes,Anmol Kaundal,NA,NA,NA,NA,NA,NA,NA,NA,NA,NA,NA,NA,NA,NA,NA,NA,NA,NA,NA,NA,NA,NA,NA,NA,NA,NA,NA,Successfully Identified as Duplicate/Dynamic,Yes,Yes,Yes,Provided and relevant,Yes,NA,NA,NA,Yes,Yes,Clear,Clear,NIL,NA,NA,NA,Yes,Saved,Successfully Identified as Duplicate,NA,Pass,No Defect,NIL,NIL,Good output,Expected Output,,,
TL-5083,2026-07-10,Ithagani Shireesha,GDB,0.1,NIL,Web App,English,1f17c393-5a5d-6241-8005-aacf3368e847,Information regarding fertilizer use in wheat field in Punjab?,Soil Health and Nutrient Management,13:57:00,13:57:38,57sec,Within SLA,Yes,Well Framed,English,English,Correct,NIL,Correctly Tagged as Duplicate,Yes,Aditya Kumar,NA,NA,NA,NA,NA,NA,NA,NA,NA,NA,NA,NA,NA,NA,NA,NA,NA,NA,NA,NA,NA,NA,NA,NA,NA,NA,NA,Successfully Identified as Duplicate/Dynamic,Yes,Yes,Yes,Provided and relevant,Yes,NA,NA,NA,Yes,Yes,Clear,Clear,NIL,NA,NA,NA,Yes,Saved,Successfully Identified as Duplicate,NA,Pass,No Defect,NIL,NIL,Good output,Expected Output,,,
TL-5113,2026-07-10,K. Deni Sudha,Unique,0.1,NIL,Web App,English,31ec04e5-721a-48fc-87c3-bc7d3c2feea5,"What are the primary fungal and bacterial diseases affecting pumpkin crops, and how can they be effectively managed in Odisha?",Plant protection,06:52:00,07:01:08,9.1,Within SLA,Successfully Identified as Duplicate,Well Framed,English,English,Correct,NIL,Correctly Tagged as Duplicate,No,NA,NA,NA,NA,NA,NA,NA,NA,NA,NA,NA,NA,NA,NA,NA,NA,NA,NA,NA,NA,NA,NA,NA,NA,Utkarsh Singh Vishen,NA,7:01:08 AM,8.0,Successfully Identified as Duplicate/Dynamic,Yes,Yes,Successfully Identified as Duplicate,Provided & Relevant,Successfully Identified as Duplicate/Dynamic,Received on Time,Yes,Yes,Yes,Yes,Clear,Clear,NIL,NA,NA,NA,Saved,Saved,Successfully Identified as Duplicate,NA,Pass,No Defect,NIL,,"Duplicate.Recevied 2nd answer,which is completely relevant.",Expected Output,,,
TL-5116,2026-07-10,K. Deni Sudha,Unique,0.1,NIL,Web App,English,468cd715-a023-4239-bbcf-a2aed96e2a6a,How can I manage and prevent insect pests that cause seed destruction in pumpkin crops in Odisha?,Plant protection,07:19:00,07:47:53,28.9,Within SLA,Successfully Identified as Duplicate,Well Framed,English,English,Correct,NIL,Correctly Tagged as Duplicate,No,NA,NA,NA,NA,NA,NA,NA,NA,NA,NA,NA,NA,NA,NA,NA,NA,NA,NA,NA,NA,NA,NA,NA,NA,Dheeraj Sharma,NA,7:47:53 AM,27.0,Successfully Identified as Duplicate/Dynamic,Yes,Yes,Successfully Identified as Duplicate,Provided & Relevant,Successfully Identified as Duplicate/Dynamic,Not Received,NA,NA,Yes,Yes,Clear,Clear,NIL,NA,NA,NA,Saved,Saved,Successfully Identified as Duplicate,Yes,Pass,No Defect,NIL,,"Duplicate.Recevied 2nd answer,which is completely relevant.",Expected Output,,,
TL-5119,2026-07-10,K. Deni Sudha,Unique,0.1,NIL,Both,English,6a5051cf336d2555112818c2,What is the recommended method and dosage for applying Boron in pumpkin cultivation to ensure optimal fruit quality in Odisha?,Soil Health and Nutrient Management,07:28:00,08:14:36,46.6,Within SLA,Wrongly Identified as Duplicate,Well Framed,English,English,Correct,NIL,Wrongly Tagged as Duplicate,No,NA,NA,NA,NA,NA,NA,NA,NA,NA,NA,NA,NA,NA,NA,NA,NA,NA,NA,NA,NA,NA,NA,NA,NA,Pallavi J P,NA,8:14:36 AM,45.0,Wrongly Identified as Duplicate/Dynamic,Yes,Yes,Wrongly Identified as Duplicate,Provided & Relevant,Wrongly Identified as Duplicate/Dynamic,Received on Time,Yes,Yes,NA,NA,NA,NA,NIL,NA,NA,NA,Saved,Saved,Wrongly Identified as Duplicate,Yes,Pass,Low,,,"Wrong duplicate. Received 2nd answer,which is correct.",Anomaly Found in Output,,,
TL-5120,2026-07-10,K. Deni Sudha,Unique,0.1,NIL,Both,English,6a505282336d255511281900,What are the best practices and recommended hormone applications to promote better growth and yield in pumpkin crops in Odisha?,Cultural and Crop Management Practices,07:31:00,07:56:12,25.2,Within SLA,Successfully Identified as Duplicate,Well Framed,English,English,Correct,NIL,Correctly Tagged as Duplicate,No,NA,NA,NA,NA,NA,NA,NA,NA,NA,NA,NA,NA,NA,NA,NA,NA,NA,NA,NA,NA,NA,NA,NA,NA,Ravindra Prasad,NA,7:56:12 AM,15.0,Successfully Identified as Duplicate/Dynamic,Yes,Yes,Successfully Identified as Duplicate,Provided & Relevant,Successfully Identified as Duplicate/Dynamic,Received on Time,Yes,Yes,NA,NA,NA,NA,NIL,NA,NA,NA,Saved,Saved,Successfully Identified as Duplicate,Yes,Pass,No Defect,NIL,,"Duplicate.Recevied 2nd answer,which is same and correct.",Expected Output,,,
TL-5125,2026-07-10,K. Deni Sudha,Unique,0.1,NIL,Both,English,6a505676336d2555112819d7,What are the causes and management strategies for deformed fruit formation in pumpkin crops in Odisha?,Plant protection,07:48:00,08:11:21,23.4,Within SLA,Wrongly Identified as Duplicate,Well Framed,English,English,Correct,NIL,Wrongly Tagged as Duplicate,No,NA,NA,NA,NA,NA,NA,NA,NA,NA,NA,NA,NA,NA,NA,NA,NA,NA,NA,NA,NA,NA,NA,NA,NA,Dheeraj Sharma,NA,8:11:21 AM,22.0,Wrongly Identified as Duplicate/Dynamic,Yes,Yes,Wrongly Identified as Duplicate,Provided & Relevant,Wrongly Identified as Duplicate/Dynamic,Received on Time,Yes,Yes,NA,NA,NA,NA,NIL,NA,NA,NA,Saved,Saved,Wrongly Identified as Duplicate,Yes,Pass,Low,,,"Wrong duplicate. Received 2nd answer,which is correct.",Anomaly Found in Output,,,
TL-5335,2026-07-11,K. Deni Sudha,Unique,0.1,NIL,Web App,English,80b706b6-d3b8-4875-95a8-f16a2a3309ca,What are the most effective methods for managing whitefly infestations in cowpea crops in Odisha?,Plant protection,06:19:00,06:40:25,21.4,Within SLA,Successfully Identified as Duplicate,Well Framed,English,English,Correct,NIL,Correctly Tagged as Duplicate,No,NA,NA,NA,NA,NA,NA,NA,NA,NA,NA,NA,NA,NA,NA,NA,NA,NA,NA,NA,NA,NA,NA,NA,NA,Ravindra Prasad,NA,6:40:25 AM,20.0,Successfully Identified as Duplicate/Dynamic,Yes,Yes,Successfully Identified as Duplicate,Provided & Relevant,Successfully Identified as Duplicate/Dynamic,Received on Time,Yes,Yes,Yes,Yes,Clear,Clear,NIL,NA,NA,NA,Saved,Saved,Successfully Identified as Duplicate,NA,Pass,No Defect,NIL,,"Duplicate.Recevied 2nd answer,which is completely correct and relevant.",Expected Output,,,
TL-5336,2026-07-11,K. Deni Sudha,Unique,0.1,NIL,Web App,English,bc81218c-54c5-446e-9ae9-ba4105a9023f,What is the correct procedure and importance of using Rhizobium culture for the seed treatment of Cowpea in Odisha?,Bio-fertilizers and Bio-pesticides,06:23:00,06:42:58,20.0,Within SLA,Successfully Identified as Duplicate,Well Framed,English,English,Correct,NIL,Correctly Tagged as Duplicate,No,NA,NA,NA,NA,NA,NA,NA,NA,NA,NA,NA,NA,NA,NA,NA,NA,NA,NA,NA,NA,NA,NA,NA,NA,Khaja Suhaib,NA,6:42:58 AM,18.0,Successfully Identified as Duplicate/Dynamic,Yes,Yes,Successfully Identified as Duplicate,Provided & Relevant,Successfully Identified as Duplicate/Dynamic,Received on Time,Yes,Yes,Yes,Yes,Clear,Clear,NIL,NA,NA,NA,Saved,Saved,Successfully Identified as Duplicate,NA,Pass,No Defect,NIL,,"Duplicate.Recevied 2nd answer,which is completely correct and relevant.",Expected Output,,,
TL-5338,2026-07-11,K. Deni Sudha,Unique,0.1,NIL,Web App,English,cb82a3fc-188f-4809-8762-f73e639ca884,What are the recommended methods and best practices for applying growth promoters to enhance the yield of Cowpea in Odisha?,Cultural and Crop Management Practices,06:28:00,06:39:43,11.7,Within SLA,Successfully Identified as Duplicate,Well Framed,English,English,Correct,NIL,Correctly Tagged as Duplicate,No,NA,NA,NA,NA,NA,NA,NA,NA,NA,NA,NA,NA,NA,NA,NA,NA,NA,NA,NA,NA,NA,NA,NA,NA,Dheeraj Sharma,NA,6:39:43 AM,9.0,Successfully Identified as Duplicate/Dynamic,Yes,Yes,Successfully Identified as Duplicate,Provided & Relevant,Successfully Identified as Duplicate/Dynamic,Received on Time,Yes,Yes,Yes,Yes,Clear,Clear,NIL,NA,NA,NA,Saved,Saved,Successfully Identified as Duplicate,NA,Pass,No Defect,NIL,,"Duplicate.Recevied 2nd answer,which is almost same,but few points added at last.",Expected Output,,,
